# Blender v2.83.4 OBJ File: ''
# www.blender.org
mtllib Sinai Peninsula.mtl
o EXPORT_BING_SAT_WM_EXPORT_BING_SAT_WM.008
v -413784.250000 0.000000 -236577.187500
v 408063.468750 2730.620605 -236541.984375
v 408083.687500 4942.171875 242802.156250
v -413785.312500 392.630280 242839.796875
v -413784.187500 0.000000 -229086.328125
v -413784.218750 0.000000 -221595.515625
v -413784.218750 10.984596 -214104.687500
v -413784.187500 -2.552906 -206613.828125
v -413784.187500 17.895182 -199123.031250
v -413784.250000 -9.999756 -191632.218750
v -413784.187500 -24.233406 -184141.359375
v -413784.218750 -16.871120 -176650.546875
v -413784.250000 0.000000 -169159.718750
v -413784.187500 36.829182 -161668.906250
v -413784.156250 64.998413 -154178.203125
v -413784.125000 128.697067 -146687.468750
v -413784.187500 105.188095 -139196.468750
v -413784.187500 136.486893 -131705.656250
v -413784.156250 178.083954 -124214.820312
v -413784.250000 126.373329 -116723.031250
v -413784.500000 -100.486511 -109233.218750
v -413781.187500 307.840912 -101747.453125
v -413773.281250 748.675903 -94255.945312
v -413773.312500 635.144226 -86761.859375
v -413773.218750 886.068909 -79277.406250
v -413783.625000 592.901855 -71779.703125
v -413787.125000 572.317566 -64289.027344
v -413786.281250 627.522339 -56799.832031
v -413783.843750 866.999573 -49311.386719
v -413782.125000 942.823853 -41819.007812
v -413781.906250 1017.863708 -34326.578125
v -413782.343750 994.946899 -26840.775391
v -413780.593750 1266.181763 -19353.812500
v -413780.500000 1383.726929 -11859.207031
v -413785.312500 1367.277710 -4367.310547
v -413780.906250 1408.666260 3132.677490
v -413765.437500 1618.541138 10647.507812
v -413772.312500 1027.388306 18139.056641
v -413782.468750 341.203552 25607.117188
v -413783.281250 292.840576 33091.968750
v -413781.906250 466.022583 40584.312500
v -413782.093750 309.855560 48075.421875
v -413783.781250 375.272400 55560.882812
v -413787.031250 329.973816 63054.980469
v -413786.750000 281.592163 70545.703125
v -413785.625000 658.898071 78029.718750
v -413777.343750 991.131470 85525.078125
v -413772.031250 1111.581299 93016.703125
v -413777.343750 1014.950439 100509.750000
v -413782.375000 923.886963 108000.031250
v -413783.437500 944.954041 115492.601562
v -413782.000000 924.977417 122985.140625
v -413780.187500 917.206665 130475.796875
v -413779.625000 879.967773 137964.718750
v -413780.812500 899.420288 145457.765625
v -413783.875000 684.970703 152950.000000
v -413785.625000 539.986816 160437.312500
v -413786.437500 589.985596 167926.906250
v -413785.906250 573.860107 175418.890625
v -413784.937500 624.984802 182909.625000
v -413784.812500 601.725403 190399.562500
v -413784.781250 624.371704 197891.375000
v -413784.406250 614.981201 205382.390625
v -413785.437500 579.985840 212872.953125
v -413785.468750 485.497864 220363.187500
v -413784.281250 670.126343 227852.500000
v -413784.687500 672.250122 235347.765625
v -400943.031250 574.051514 242839.656250
v -388101.593750 544.138062 242837.093750
v -375261.125000 640.306763 242836.109375
v -362414.031250 687.247070 242835.531250
v -349575.562500 224.781265 242835.843750
v -336738.406250 236.903931 242835.937500
v -323908.281250 947.724731 242837.078125
v -311063.000000 1141.832642 242839.156250
v -298219.906250 1508.089722 242834.984375
v -285369.031250 1640.018677 242828.671875
v -272528.843750 1471.836670 242834.750000
v -259690.859375 1512.398560 242840.031250
v -246854.687500 1633.619141 242838.015625
v -234022.171875 1913.965454 242832.328125
v -221188.546875 2304.290771 242825.984375
v -208350.531250 2648.371338 242831.187500
v -195511.375000 2897.244385 242827.359375
v -182676.343750 3499.312500 242801.140625
v -169775.062500 3694.289551 242799.218750
v -156910.125000 3010.087891 242839.406250
v -144095.906250 2406.532959 242870.875000
v -131290.171875 2327.236084 242872.453125
v -118446.093750 3029.851562 242868.171875
v -105544.296875 2680.243164 242840.250000
v -92700.835938 2224.920166 242812.078125
v -79881.734375 1467.742065 242821.640625
v -67059.296875 904.179565 242831.062500
v -54211.054688 1042.089966 242829.718750
v -41382.074219 65.010544 242835.796875
v -28541.578125 0.000000 242835.906250
v -15700.109375 0.000000 242835.906250
v -2858.718750 0.000000 242835.921875
v 9982.687500 0.000000 242835.906250
v 22824.140625 0.000000 242835.906250
v 35665.578125 0.000000 242835.937500
v 48506.937500 0.000000 242835.906250
v 61348.390625 0.000000 242835.906250
v 74189.843750 0.000000 242835.937500
v 87031.203125 0.000000 242835.906250
v 99872.671875 0.000000 242835.921875
v 112714.109375 0.000000 242835.921875
v 125555.468750 0.000000 242835.906250
v 138396.921875 0.000000 242835.906250
v 151238.375000 0.000000 242835.921875
v 164079.750000 0.000000 242835.906250
v 176921.187500 0.000000 242835.906250
v 189739.156250 574.459229 242821.890625
v 202518.000000 3678.598145 242608.328125
v 215404.500000 2422.338867 242793.718750
v 228231.843750 2772.740967 243029.765625
v 241084.328125 2384.849854 243079.843750
v 253776.765625 4010.077881 243131.546875
v 266856.593750 6516.035645 243109.609375
v 279716.406250 3748.834229 243089.437500
v 292339.531250 4264.222656 243179.046875
v 305118.000000 6728.159180 243011.843750
v 318134.750000 7761.870605 242603.343750
v 331095.406250 7756.392578 242455.375000
v 343977.750000 7127.937012 242553.984375
v 356785.656250 6341.187988 242694.500000
v 369604.468750 6001.702148 242777.453125
v 382452.906250 5489.111816 242776.562500
v 395255.531250 5426.180664 242771.296875
v 408067.812500 5186.881348 235348.125000
v 408066.781250 5172.710449 227836.437500
v 408070.312500 4866.235840 220319.000000
v 408047.843750 4975.755859 212885.640625
v 408033.156250 5110.925781 205403.546875
v 408029.156250 5167.952637 197881.609375
v 408030.468750 5055.810547 190391.125000
v 408031.187500 5079.417480 182906.796875
v 408042.000000 5046.823242 175408.906250
v 408075.625000 4863.977539 167953.171875
v 408108.843750 4954.479004 160426.187500
v 408108.187500 4642.841797 152896.312500
v 408093.843750 4666.743652 145470.984375
v 408102.437500 4859.656250 137979.125000
v 408119.156250 4592.420898 130443.703125
v 408120.531250 4544.759766 122983.890625
v 408110.906250 4648.418945 115528.757812
v 408103.125000 4945.762695 108016.179688
v 408098.218750 4802.024414 100504.421875
v 408095.812500 4916.328125 93006.031250
v 408094.468750 4728.933594 85517.445312
v 408103.781250 4799.163574 78040.414062
v 408113.156250 4656.648926 70542.312500
v 408112.093750 4713.729980 63020.226562
v 408100.125000 4444.787598 55538.156250
v 408089.187500 4548.867188 48059.468750
v 408088.343750 4423.035156 40555.367188
v 408107.750000 4212.345215 33083.121094
v 408156.281250 4123.544922 25664.958984
v 408202.781250 4224.780762 18185.037109
v 408192.625000 4667.657715 10645.680664
v 408150.125000 4892.159668 3136.832031
v 408120.750000 4900.148438 -4353.514160
v 408055.625000 5167.057129 -11904.464844
v 407973.593750 5151.326172 -19451.554688
v 407976.156250 4756.027344 -26923.066406
v 408006.250000 4131.557129 -34332.964844
v 408001.531250 4724.323242 -41819.906250
v 408049.562500 4006.291016 -49301.210938
v 408099.187500 4255.133301 -56766.222656
v 408111.031250 4030.296387 -64309.589844
v 408094.125000 4086.627930 -71790.117188
v 408075.031250 4171.333008 -79279.312500
v 408076.937500 4061.672119 -86779.859375
v 408089.187500 3898.681885 -94254.750000
v 408096.750000 3912.217529 -101754.781250
v 408097.687500 3770.987793 -109262.054688
v 408098.218750 3597.428467 -116758.367188
v 408091.656250 3404.306641 -124250.632812
v 408083.125000 3300.480469 -131723.234375
v 408080.187500 3254.333984 -139214.359375
v 408080.250000 3094.930664 -146705.000000
v 408079.812500 3023.135010 -154187.828125
v 408078.562500 2990.826416 -161678.718750
v 408078.406250 2904.706299 -169169.687500
v 408078.125000 2854.795410 -176657.625000
v 408077.187500 2820.494629 -184146.609375
v 408076.375000 2794.250488 -191639.593750
v 408076.781250 2728.750000 -199134.625000
v 408074.875000 2609.973633 -206629.812500
v 408069.750000 2559.430176 -214118.625000
v 408064.906250 2469.939697 -221597.375000
v 408062.968750 2592.856934 -229066.921875
v 395218.781250 2787.446777 -236546.468750
v 382386.062500 2512.944580 -236566.203125
v 369557.843750 2668.697510 -236580.843750
v 356713.687500 2847.142578 -236584.156250
v 343875.406250 2949.851562 -236589.265625
v 331045.625000 3132.717773 -236605.906250
v 318198.437500 3375.497070 -236606.703125
v 305375.500000 3695.919922 -236578.171875
v 292545.375000 4241.753906 -236571.500000
v 279676.531250 4366.021484 -236579.828125
v 266780.781250 4632.714844 -236561.000000
v 253920.359375 4064.407959 -236552.265625
v 241117.421875 3826.494629 -236572.312500
v 228293.937500 3730.902344 -236579.078125
v 215359.140625 4031.841309 -236776.937500
v 202578.531250 375.012390 -236622.703125
v 189856.562500 -1336.052490 -236450.515625
v 176886.250000 -2073.416748 -236521.812500
v 164092.609375 215.845886 -236579.468750
v 151380.328125 2664.814209 -236614.937500
v 138420.890625 3697.900635 -236604.531250
v 125453.085938 3357.848633 -236573.562500
v 112658.015625 1801.183960 -236581.890625
v 99850.960938 1161.041382 -236578.859375
v 87021.429688 844.658875 -236571.687500
v 74186.203125 472.541687 -236575.625000
v 61347.550781 175.154373 -236578.218750
v 48506.937500 0.000000 -236577.187500
v 35665.562500 0.000000 -236577.187500
v 22824.109375 0.000000 -236577.171875
v 9982.687500 0.000000 -236577.156250
v -2858.718750 0.000000 -236577.187500
v -15700.171875 0.000000 -236577.171875
v -28541.578125 0.000000 -236577.171875
v -41382.984375 0.000000 -236577.187500
v -54224.406250 0.000000 -236577.187500
v -67065.843750 0.000000 -236577.187500
v -79907.250000 0.000000 -236577.187500
v -92748.671875 0.000000 -236577.187500
v -105590.093750 0.000000 -236577.171875
v -118431.515625 0.000000 -236577.187500
v -131272.953125 0.000000 -236577.171875
v -144114.359375 0.000000 -236577.187500
v -156955.781250 0.000000 -236577.187500
v -169797.203125 0.000000 -236577.187500
v -182638.625000 0.000000 -236577.187500
v -195480.031250 0.000000 -236577.171875
v -208321.453125 5.445284 -236577.171875
v -221162.906250 3.413607 -236577.187500
v -234004.281250 34.432255 -236577.156250
v -246845.750000 -9.129530 -236577.187500
v -259687.156250 16.979330 -236577.187500
v -272528.562500 7.018679 -236577.171875
v -285370.000000 5.224033 -236577.171875
v -298211.468750 10.438573 -236577.187500
v -311052.843750 -1.709755 -236577.171875
v -323894.250000 7.900649 -236577.171875
v -336735.718750 -8.449286 -236577.187500
v -349577.093750 0.000000 -236577.171875
v -362418.500000 -10.747967 -236577.171875
v -375259.968750 -4.677502 -236577.187500
v -388101.375000 6.187946 -236577.171875
v -400942.812500 0.000000 -236577.171875
v -400942.500000 664.627441 235346.781250
v -388101.625000 576.844116 235345.781250
v -375261.093750 646.818909 235345.890625
v -362414.156250 662.918823 235345.906250
v -349575.468750 226.247406 235345.171875
v -336738.250000 231.117783 235345.031250
v -323908.687500 952.898438 235345.078125
v -311064.187500 1232.857910 235346.546875
v -298218.437500 1533.089355 235345.234375
v -285367.625000 1452.268799 235340.265625
v -272529.281250 1491.425293 235338.343750
v -259692.906250 1599.245483 235342.000000
v -246856.312500 1644.715454 235347.828125
v -234021.734375 1903.987671 235350.906250
v -221185.703125 2172.034668 235348.796875
v -208351.203125 2599.833496 235348.750000
v -195512.984375 2992.196045 235352.796875
v -182664.375000 3136.204346 235340.781250
v -169774.078125 3581.497314 235321.531250
v -156925.046875 2855.260010 235345.593750
v -144097.593750 2916.707520 235377.312500
v -131289.171875 2551.688232 235377.062500
v -118455.343750 3248.104736 235393.953125
v -105539.343750 2816.058105 235395.187500
v -92701.085938 1854.752197 235361.906250
v -79884.812500 1268.795532 235346.937500
v -67056.656250 942.516907 235342.031250
v -54214.296875 762.857544 235338.750000
v -41381.375000 138.243439 235344.390625
v -28541.570312 0.000000 235345.062500
v -15700.125000 0.000000 235345.078125
v -2858.714355 0.000000 235345.046875
v 9982.696289 0.000000 235345.062500
v 22824.140625 0.000000 235345.062500
v 35665.539062 0.000000 235345.078125
v 48506.980469 0.000000 235345.062500
v 61348.394531 0.000000 235345.078125
v 74189.804688 0.000000 235345.062500
v 87031.218750 0.000000 235345.078125
v 99872.640625 0.000000 235345.078125
v 112714.070312 0.000000 235345.078125
v 125555.507812 0.000000 235345.078125
v 138396.890625 0.000000 235345.078125
v 151238.328125 0.000000 235345.078125
v 164079.718750 0.000000 235345.046875
v 176920.781250 33.013416 235345.281250
v 189740.328125 680.545349 235341.296875
v 202566.484375 1605.646729 235312.828125
v 215384.765625 1861.765381 235357.453125
v 228131.953125 4652.791016 235609.640625
v 241054.546875 4404.439941 235683.140625
v 253780.359375 5775.250977 235618.203125
v 266790.468750 6505.646973 235592.671875
v 279659.531250 5156.561035 235768.875000
v 292366.781250 6480.345215 235874.031250
v 305242.125000 6879.035156 235492.265625
v 318181.437500 7192.492188 235197.968750
v 331081.937500 6518.153320 235147.593750
v 343942.843750 6537.384766 235191.578125
v 356771.437500 5827.189941 235259.078125
v 369599.625000 5960.758789 235277.578125
v 382445.156250 5356.029785 235301.484375
v 395242.875000 4924.466797 235331.250000
v -400942.625000 596.379089 227853.562500
v -388101.531250 611.217346 227854.281250
v -375261.250000 666.214355 227854.296875
v -362413.531250 765.781860 227854.578125
v -349575.375000 229.552811 227854.390625
v -336738.156250 230.442932 227854.218750
v -323907.906250 915.455750 227852.546875
v -311063.375000 1220.445190 227848.687500
v -298216.968750 1565.150391 227844.375000
v -285366.687500 1467.302979 227845.906250
v -272529.312500 1263.191895 227847.500000
v -259695.281250 1426.978149 227848.375000
v -246861.171875 1721.533569 227854.500000
v -234024.906250 2076.759521 227863.359375
v -221185.531250 2351.690186 227867.312500
v -208351.750000 2649.374756 227865.750000
v -195521.187500 3061.903320 227876.671875
v -182653.531250 3558.632324 227884.796875
v -169770.640625 3201.365234 227866.031250
v -156938.375000 2951.968994 227860.500000
v -144104.562500 3045.220703 227866.140625
v -131294.781250 2766.296143 227880.171875
v -118463.429688 3393.975830 227898.515625
v -105523.273438 3768.331543 227907.906250
v -92675.015625 2351.456543 227886.468750
v -79875.328125 1487.197510 227861.906250
v -67052.156250 960.853516 227850.125000
v -54218.535156 425.569702 227850.875000
v -41382.953125 0.000000 227854.250000
v -28541.566406 0.000000 227854.250000
v -15700.162109 0.000000 227854.265625
v -2858.695312 0.000000 227854.281250
v 9982.691406 0.000000 227854.265625
v 22824.128906 0.000000 227854.250000
v 35665.683594 206.314194 227859.343750
v 48506.980469 0.000000 227854.250000
v 61348.402344 0.000000 227854.250000
v 74189.828125 0.000000 227854.250000
v 87031.218750 0.000000 227854.250000
v 99872.679688 0.000000 227854.250000
v 112714.078125 0.000000 227854.250000
v 125555.484375 0.000000 227854.234375
v 138396.890625 0.000000 227854.250000
v 151238.328125 0.000000 227854.265625
v 164079.781250 0.000000 227854.265625
v 176916.593750 325.923248 227859.546875
v 189735.125000 892.379272 227881.140625
v 202545.250000 1890.710449 227957.187500
v 215349.234375 2672.061523 227979.140625
v 228072.046875 5065.040039 227945.703125
v 241022.625000 6105.236816 227945.125000
v 253892.859375 5870.520508 227921.484375
v 266665.468750 6263.831543 227987.687500
v 279526.000000 8131.044434 228174.703125
v 292587.281250 8205.967773 227984.578125
v 305411.906250 6814.510254 227723.312500
v 318206.062500 6918.168457 227672.718750
v 331052.718750 6322.355469 227759.093750
v 343904.062500 6341.394531 227824.296875
v 356769.750000 5872.462891 227836.468750
v 369599.968750 5531.292480 227814.703125
v 382427.500000 5206.054199 227820.843750
v 395234.156250 5243.624512 227837.171875
v -400943.437500 654.984009 220363.703125
v -388101.343750 605.357788 220364.109375
v -375260.562500 610.142334 220362.937500
v -362413.812500 720.921509 220361.421875
v -349575.531250 219.630920 220363.015625
v -336738.500000 263.712921 220363.406250
v -323906.406250 863.353271 220363.500000
v -311059.531250 1100.073242 220360.281250
v -298215.000000 1202.489136 220355.718750
v -285369.687500 1300.178955 220357.609375
v -272530.437500 1271.638794 220363.609375
v -259695.750000 1387.717163 220365.312500
v -246863.406250 1665.963135 220364.796875
v -234028.687500 2094.577881 220368.250000
v -221186.968750 2429.445557 220374.500000
v -208352.656250 2728.028320 220380.296875
v -195527.843750 3130.319336 220383.109375
v -182650.359375 3830.099609 220387.156250
v -169769.140625 3343.939941 220393.343750
v -156932.937500 3190.764404 220389.640625
v -144108.062500 2801.180664 220380.093750
v -131316.625000 3034.270264 220403.781250
v -118445.132812 3805.457764 220404.765625
v -105521.718750 3175.555420 220342.125000
v -92666.304688 2713.849854 220333.671875
v -79875.921875 1241.388672 220354.359375
v -67050.804688 909.196228 220355.875000
v -54222.433594 211.131851 220363.234375
v -41382.632812 84.993256 220364.109375
v -28541.541016 0.000000 220363.437500
v -15700.118164 0.000000 220363.421875
v -2858.720703 0.000000 220363.406250
v 9982.675781 0.000000 220363.421875
v 22815.130859 396.099579 220375.046875
v 35671.679688 1558.545288 220427.218750
v 48511.140625 181.153320 220367.156250
v 61348.390625 0.000000 220363.406250
v 74189.851562 0.000000 220363.453125
v 87031.242188 0.000000 220363.406250
v 99872.640625 0.000000 220363.421875
v 112714.054688 0.000000 220363.406250
v 125555.460938 0.000000 220363.421875
v 138396.968750 0.000000 220363.421875
v 151238.359375 0.000000 220363.453125
v 164079.750000 0.000000 220363.406250
v 176904.156250 1029.684204 220372.765625
v 189722.593750 1134.970215 220371.593750
v 202446.359375 4229.987305 220366.921875
v 215342.109375 4371.614258 220355.546875
v 228141.187500 4052.327393 220342.687500
v 241017.859375 5853.757812 220302.984375
v 253889.390625 5789.558105 220346.453125
v 266622.812500 6806.755859 220336.171875
v 279609.218750 7810.119141 220116.031250
v 292647.468750 6906.663086 220059.078125
v 305433.375000 5870.296875 220144.421875
v 318185.125000 5917.105469 220156.218750
v 330995.781250 6128.077637 220206.031250
v 343884.906250 6334.528809 220267.531250
v 356765.062500 5921.020996 220303.562500
v 369600.187500 5526.164062 220338.203125
v 382426.406250 5061.133789 220335.937500
v 395234.781250 4987.555176 220318.765625
v -400943.750000 649.058350 212872.843750
v -388101.562500 663.403564 212873.125000
v -375259.187500 684.117798 212872.140625
v -362414.687500 559.820557 212870.968750
v -349575.968750 209.590240 212872.171875
v -336737.937500 206.354218 212872.468750
v -323908.062500 970.628235 212872.906250
v -311057.531250 1149.744751 212872.781250
v -298213.906250 1217.906128 212870.953125
v -285373.125000 1273.039795 212872.250000
v -272535.750000 1327.479004 212881.062500
v -259695.468750 1518.519775 212888.796875
v -246860.546875 1682.899902 212884.187500
v -234032.906250 2187.448486 212882.937500
v -221189.125000 2517.103516 212887.343750
v -208355.078125 2891.468018 212888.546875
v -195527.046875 3339.480957 212885.093750
v -182652.890625 3705.083984 212884.281250
v -169778.812500 3561.384521 212898.687500
v -156925.625000 3427.963623 212909.656250
v -144110.656250 2964.152588 212908.046875
v -131337.234375 3343.900879 212921.343750
v -118402.867188 4315.103027 212906.187500
v -105490.765625 2974.903564 212835.218750
v -92695.890625 2003.740479 212828.718750
v -79876.687500 1331.329834 212853.000000
v -67057.437500 526.166809 212867.906250
v -54223.765625 208.481857 212871.640625
v -41380.742188 723.389587 212871.828125
v -28541.583984 0.000000 212872.593750
v -15700.120117 0.000000 212872.593750
v -2858.716797 0.000000 212872.593750
v 9980.924805 119.736534 212874.843750
v 22789.267578 921.895691 212906.718750
v 35687.496094 2635.514160 212988.515625
v 48520.828125 339.596985 212881.406250
v 61348.398438 0.000000 212872.593750
v 74189.828125 0.000000 212872.609375
v 87031.226562 0.000000 212872.593750
v 99872.679688 0.000000 212872.578125
v 112714.070312 0.000000 212872.578125
v 125555.468750 0.000000 212872.578125
v 138396.906250 0.000000 212872.578125
v 151238.343750 0.000000 212872.593750
v 164077.125000 201.427704 212874.140625
v 176910.562500 707.932251 212874.593750
v 189719.125000 1288.286987 212872.000000
v 202547.109375 1800.774780 212860.765625
v 215366.781250 2615.718750 212865.015625
v 228103.859375 5031.505371 212934.015625
v 241066.671875 5466.924316 212900.484375
v 253855.250000 5625.077637 212848.875000
v 266695.812500 6956.754883 212796.140625
v 279721.000000 6396.855469 212680.843750
v 292598.312500 6213.329102 212650.218750
v 305412.406250 5859.051270 212714.500000
v 318186.906250 5187.306641 212747.406250
v 330978.031250 5484.968262 212718.156250
v 343868.500000 5890.426758 212706.671875
v 356728.937500 5330.399902 212769.390625
v 369579.375000 5543.203613 212823.390625
v 382433.093750 5038.120117 212852.890625
v 395227.093750 4753.820312 212871.953125
v -400943.406250 571.868713 205382.078125
v -388101.906250 700.600769 205381.906250
v -375258.156250 624.449524 205381.359375
v -362414.906250 504.080627 205380.781250
v -349576.218750 200.927933 205381.500000
v -336737.968750 212.235580 205381.562500
v -323906.625000 891.729004 205379.375000
v -311057.000000 1146.095825 205377.375000
v -298213.718750 1111.726318 205378.343750
v -285375.500000 1230.938232 205380.906250
v -272541.718750 1459.336548 205384.937500
v -259697.140625 2044.576172 205387.937500
v -246856.328125 1767.071045 205383.406250
v -234035.031250 2269.579834 205379.828125
v -221192.000000 2690.330078 205380.500000
v -208355.125000 2910.607910 205382.953125
v -195527.015625 3334.478271 205388.734375
v -182657.671875 3802.037842 205399.437500
v -169785.515625 3671.063477 205403.375000
v -156925.765625 3665.246582 205406.921875
v -144116.531250 3145.952881 205413.453125
v -131349.781250 3662.916504 205432.187500
v -118379.195312 4388.951660 205445.468750
v -105476.867188 2542.003174 205398.515625
v -92707.023438 1508.713867 205373.640625
v -79888.265625 1005.645142 205373.968750
v -67060.156250 379.339905 205379.859375
v -54223.792969 176.114517 205380.250000
v -41382.917969 23.333748 205381.484375
v -28541.572266 0.000000 205381.765625
v -15700.152344 0.000000 205381.750000
v -2860.073730 117.314713 205383.578125
v 9958.878906 730.166443 205416.140625
v 22750.236328 1641.171997 205499.953125
v 35752.367188 3865.545410 205589.843750
v 48554.406250 877.089600 205403.625000
v 61350.859375 187.545013 205383.625000
v 74189.781250 0.000000 205381.765625
v 87031.234375 0.000000 205381.750000
v 99872.664062 0.000000 205381.750000
v 112714.062500 0.000000 205381.781250
v 125555.507812 0.000000 205381.750000
v 138396.906250 0.000000 205381.750000
v 151237.796875 57.385994 205382.078125
v 164071.328125 588.357727 205390.000000
v 176908.625000 942.093140 205398.859375
v 189722.171875 1142.496948 205406.328125
v 202481.062500 4225.452637 205495.406250
v 215331.656250 3332.338867 205469.500000
v 228094.828125 5656.434082 205459.968750
v 241112.578125 5505.500488 205394.375000
v 253876.281250 5651.591797 205328.406250
v 266760.437500 6802.222168 205212.906250
v 279749.000000 6318.713867 205197.531250
v 292558.031250 5413.235352 205258.968750
v 305369.625000 5019.926758 205320.750000
v 318193.781250 5102.653320 205348.390625
v 331014.250000 5014.149414 205301.062500
v 343857.312500 5166.221680 205258.406250
v 356694.656250 5148.672363 205288.703125
v 369563.656250 5332.857422 205313.468750
v 382415.156250 4887.680664 205345.609375
v 395209.343750 4941.365234 205385.828125
v -400943.156250 684.066589 197891.093750
v -388101.906250 640.404419 197890.843750
v -375256.937500 730.732178 197890.078125
v -362415.406250 393.146606 197889.750000
v -349577.000000 192.928207 197891.328125
v -336737.781250 195.190613 197892.500000
v -323902.718750 869.467896 197892.734375
v -311056.406250 964.029785 197887.343750
v -298214.843750 1111.814087 197888.109375
v -285375.468750 1209.109619 197887.312500
v -272541.343750 1454.240601 197882.000000
v -259695.953125 1655.722656 197879.875000
v -246855.625000 1737.933350 197883.375000
v -234030.968750 2085.430908 197881.671875
v -221193.937500 2537.489746 197881.609375
v -208356.359375 2881.772461 197887.515625
v -195531.859375 3400.603271 197891.031250
v -182660.171875 3906.360352 197892.343750
v -169776.828125 3796.735107 197876.890625
v -156933.265625 3640.516846 197872.734375
v -144125.828125 3335.171875 197890.718750
v -131346.968750 3901.840576 197881.421875
v -118401.109375 4895.942871 197905.968750
v -105424.750000 3429.875244 197940.546875
v -92693.101562 1502.262695 197897.109375
v -79888.937500 1071.077393 197883.953125
v -67060.273438 384.001190 197888.921875
v -54224.386719 0.000000 197890.921875
v -41382.984375 0.000000 197890.921875
v -28541.564453 0.000000 197890.937500
v -15700.150391 0.000000 197890.968750
v -2869.812256 515.667297 197901.156250
v 9902.497070 1391.007080 197957.625000
v 22647.505859 4919.998047 198137.843750
v 35838.781250 4171.051270 197977.765625
v 48577.484375 1303.227661 197913.406250
v 61354.722656 261.413696 197894.468750
v 74189.828125 0.000000 197890.921875
v 87031.210938 1.506218 197890.921875
v 99872.671875 0.000000 197890.921875
v 112714.117188 0.000000 197890.906250
v 125555.484375 0.000000 197890.937500
v 138396.906250 0.000000 197890.921875
v 151238.343750 0.000000 197890.937500
v 164064.265625 1009.654114 197898.390625
v 176892.421875 1191.287720 197919.078125
v 189693.078125 2233.634033 197960.953125
v 202527.953125 2639.196289 197937.750000
v 215301.578125 4022.132324 197973.203125
v 228175.437500 5312.234375 197962.062500
v 241115.828125 5577.250000 197900.250000
v 253944.171875 5474.498047 197847.078125
v 266811.875000 5733.225098 197741.718750
v 279711.718750 5271.925781 197744.406250
v 292520.375000 5323.162598 197807.921875
v 305347.000000 5380.639648 197856.578125
v 318210.156250 5232.112305 197842.390625
v 331043.187500 4905.993164 197817.062500
v 343851.093750 4602.003418 197821.765625
v 356681.687500 4918.321777 197822.906250
v 369554.968750 4951.310547 197831.593750
v 382390.062500 4715.061035 197861.843750
v 395199.062500 4882.109863 197881.031250
v -400943.187500 637.294434 190400.015625
v -388101.906250 618.206604 190400.453125
v -375255.718750 704.766907 190399.062500
v -362416.593750 244.508377 190399.359375
v -349578.093750 189.080109 190400.375000
v -336744.187500 819.909424 190403.984375
v -323898.093750 891.938843 190400.984375
v -311055.750000 851.209534 190397.593750
v -298215.500000 1146.180786 190395.625000
v -285374.531250 1075.201660 190396.609375
v -272537.937500 1286.923218 190396.078125
v -259696.812500 1621.759766 190393.640625
v -246857.031250 1784.947632 190392.859375
v -234027.937500 2001.172852 190391.062500
v -221199.109375 2544.403320 190391.203125
v -208361.031250 2917.555176 190399.828125
v -195532.375000 3286.786133 190407.718750
v -182650.953125 3897.207031 190396.718750
v -169760.109375 3584.543945 190366.484375
v -156941.937500 3185.070312 190357.281250
v -144131.281250 3439.145508 190356.437500
v -131311.484375 3546.785156 190323.250000
v -118415.156250 3953.402588 190251.906250
v -105418.976562 3977.802734 190255.031250
v -92698.890625 1227.391724 190371.281250
v -79895.273438 747.182800 190387.375000
v -67063.617188 199.353210 190398.015625
v -54224.398438 0.000000 190400.078125
v -41382.984375 0.000000 190400.093750
v -28541.560547 0.000000 190400.093750
v -15701.732422 119.048889 190401.093750
v -2886.929932 849.855103 190420.984375
v 9833.723633 2107.534668 190481.765625
v 22760.794922 5353.295898 190494.375000
v 35806.894531 2659.798584 190361.390625
v 48625.054688 2723.498047 190363.984375
v 61356.824219 274.578613 190399.468750
v 74189.789062 0.000000 190400.093750
v 87031.203125 47.963417 190400.234375
v 99872.671875 0.000000 190400.125000
v 112714.054688 67.258682 190400.437500
v 125555.500000 0.000000 190400.109375
v 138396.046875 146.342529 190401.703125
v 151232.328125 503.454895 190406.328125
v 164068.812500 807.225525 190407.281250
v 176866.078125 1166.712158 190434.531250
v 189644.859375 3992.140381 190637.015625
v 202549.343750 2962.392822 190555.625000
v 215251.484375 5635.657227 190566.109375
v 228242.515625 5374.232422 190467.109375
v 241111.109375 5780.443848 190421.125000
v 254005.843750 5639.939453 190375.296875
v 266838.500000 5357.118164 190325.906250
v 279695.656250 5328.843262 190319.156250
v 292510.218750 4681.225098 190308.859375
v 305340.000000 5142.941406 190277.000000
v 318214.000000 4620.239746 190299.546875
v 331028.562500 4455.928223 190337.031250
v 343844.750000 4507.976562 190368.687500
v 356688.531250 4777.690430 190362.296875
v 369540.062500 4664.051758 190368.500000
v 382373.562500 4800.759766 190393.468750
v 395202.000000 4859.130371 190397.375000
v -400943.875000 613.927673 182910.234375
v -388101.406250 763.569702 182910.203125
v -375254.812500 649.635742 182908.437500
v -362417.000000 212.557373 182908.937500
v -349578.468750 185.009125 182909.125000
v -336741.625000 600.622498 182908.171875
v -323896.718750 779.965820 182908.531250
v -311055.343750 886.075684 182909.218750
v -298214.187500 913.144409 182908.375000
v -285375.281250 1100.005859 182907.890625
v -272536.625000 1380.204956 182905.312500
v -259695.000000 1445.363281 182901.406250
v -246856.843750 1638.304932 182900.406250
v -234026.125000 1883.619385 182900.734375
v -221199.031250 2359.475830 182899.609375
v -208367.609375 2913.182129 182904.093750
v -195533.687500 3499.124756 182904.562500
v -182635.078125 4027.293213 182884.640625
v -169768.609375 3324.230713 182903.859375
v -156951.515625 3058.033447 182940.906250
v -144109.093750 2958.995605 182918.531250
v -131272.078125 3333.213623 182847.687500
v -118389.046875 3153.449951 182790.453125
v -105523.632812 1846.040039 182830.921875
v -92719.343750 936.429382 182883.421875
v -79903.476562 269.821014 182905.312500
v -67065.851562 0.000000 182909.281250
v -54224.410156 0.000000 182909.281250
v -41382.984375 0.000000 182909.281250
v -28541.570312 0.000000 182909.265625
v -15705.871094 306.567688 182912.562500
v -2914.260254 1179.356079 182942.015625
v 9696.902344 3412.840820 183113.328125
v 22841.867188 5972.671875 183379.062500
v 35871.433594 2610.947510 183013.015625
v 48559.804688 1137.496704 182897.078125
v 61352.449219 173.834991 182906.796875
v 74189.773438 0.000000 182909.281250
v 87030.656250 172.254150 182909.750000
v 99872.125000 177.803162 182911.203125
v 112714.171875 203.381744 182912.187500
v 125555.460938 186.249634 182911.218750
v 138394.093750 381.709930 182911.984375
v 151229.750000 693.874084 182915.734375
v 164063.281250 1099.635498 182927.000000
v 176797.828125 1644.057007 182985.625000
v 189539.687500 5612.701660 183378.687500
v 202642.656250 4201.360352 183158.171875
v 215338.078125 5321.980957 182961.328125
v 228241.890625 5576.942383 182921.265625
v 241126.953125 5628.782715 182942.328125
v 254062.875000 5653.539062 182864.265625
v 266850.406250 4660.549805 182809.312500
v 279686.343750 5160.045898 182789.671875
v 292519.281250 4343.102539 182821.171875
v 305337.906250 4529.998047 182821.984375
v 318196.187500 4320.830566 182845.671875
v 331008.562500 4312.636719 182873.203125
v 343841.343750 4579.832031 182879.625000
v 356691.437500 4513.153809 182885.796875
v 369526.062500 4599.272461 182900.250000
v 382368.781250 4809.884277 182907.375000
v 395205.312500 4835.845215 182906.296875
v -400944.906250 708.128296 175419.656250
v -388099.937500 740.672180 175418.937500
v -375254.812500 568.825500 175417.125000
v -362417.343750 200.410187 175418.078125
v -349578.593750 191.953156 175418.609375
v -336742.281250 717.959900 175419.484375
v -323897.062500 822.980774 175418.156250
v -311055.718750 944.923584 175418.062500
v -298213.937500 1015.390869 175418.468750
v -285374.343750 1093.836426 175415.906250
v -272537.312500 1193.530151 175418.843750
v -259698.078125 1359.493774 175431.812500
v -246857.171875 1583.603271 175442.078125
v -234021.093750 1851.983398 175437.781250
v -221191.500000 2364.382812 175418.750000
v -208365.406250 2810.950684 175395.656250
v -195521.812500 3411.753418 175369.859375
v -182635.203125 3549.176025 175365.468750
v -169800.859375 3236.291992 175409.343750
v -156971.421875 3982.685547 175462.515625
v -144062.500000 3747.878906 175444.000000
v -131238.484375 2604.129883 175380.890625
v -118383.375000 2763.587402 175351.609375
v -105539.945312 1665.332886 175391.687500
v -92732.031250 687.315186 175412.468750
v -79907.085938 14.839837 175418.375000
v -67065.820312 0.000000 175418.437500
v -54224.398438 0.000000 175418.437500
v -41382.992188 0.000000 175418.453125
v -28541.564453 0.000000 175418.437500
v -15714.208008 550.011658 175425.312500
v -2969.143066 1577.980835 175491.968750
v 9577.810547 4327.262695 175721.609375
v 22989.072266 9112.515625 175795.843750
v 36127.515625 4642.985352 175501.703125
v 48566.867188 1023.451599 175432.562500
v 61349.523438 57.483139 175418.593750
v 74189.820312 0.000000 175418.468750
v 87031.250000 0.000000 175418.453125
v 99868.679688 533.545044 175423.734375
v 112715.750000 679.207336 175425.828125
v 125556.289062 377.931519 175421.078125
v 138391.406250 338.862213 175425.609375
v 151222.203125 793.894775 175456.093750
v 164068.156250 1422.360229 175478.953125
v 176752.546875 2054.629395 175445.078125
v 189343.593750 8612.554688 175464.468750
v 202758.593750 5410.918945 175491.593750
v 215412.890625 5110.720703 175453.546875
v 228207.218750 5473.888184 175429.937500
v 241161.296875 6434.797852 175420.453125
v 254097.000000 5111.679199 175369.734375
v 266866.468750 4555.534668 175341.437500
v 279673.531250 4240.189453 175338.390625
v 292509.437500 4185.842773 175354.093750
v 305336.125000 4185.315430 175368.000000
v 318179.281250 4148.992676 175379.843750
v 331006.937500 4156.768555 175384.421875
v 343837.031250 4326.600586 175387.406250
v 356680.562500 4468.257324 175408.843750
v 369521.125000 4684.365234 175420.734375
v 382368.250000 4774.276367 175422.484375
v 395209.625000 4830.708008 175417.234375
v -400945.312500 704.337158 167926.703125
v -388098.156250 876.908386 167925.796875
v -375255.906250 429.285339 167926.453125
v -362417.718750 183.396515 167927.343750
v -349578.562500 180.208862 167927.343750
v -336741.750000 772.501587 167924.750000
v -323896.250000 660.532593 167924.578125
v -311056.718750 898.216919 167924.796875
v -298213.218750 946.869385 167925.203125
v -285376.218750 1019.475037 167930.125000
v -272542.625000 1160.071411 167941.234375
v -259707.062500 2016.009521 167955.125000
v -246862.218750 2190.695557 167954.390625
v -234019.203125 2448.551270 167957.468750
v -221176.750000 2241.866455 167943.937500
v -208350.546875 2604.192383 167921.984375
v -195505.953125 3020.206543 167897.531250
v -182651.218750 3159.575684 167905.406250
v -169821.125000 3300.296143 167927.359375
v -156962.015625 3552.852539 167902.281250
v -144055.734375 3651.197754 167889.437500
v -131223.031250 2475.447754 167915.328125
v -118390.820312 2020.547119 167903.921875
v -105556.695312 1354.237427 167907.109375
v -92734.695312 656.437744 167922.281250
v -79907.046875 22.765617 167927.578125
v -67065.828125 0.000000 167927.609375
v -54224.406250 0.000000 167927.593750
v -41382.968750 0.000000 167927.625000
v -28542.316406 72.664093 167927.921875
v -15723.483398 653.857910 167938.328125
v -3097.543457 2261.618164 168066.359375
v 9352.799805 7813.870605 168543.156250
v 23220.755859 6483.731445 168019.687500
v 35943.117188 3322.524170 167903.343750
v 48612.917969 1899.344727 167979.656250
v 61348.382812 0.000000 167927.609375
v 74189.796875 0.000000 167927.593750
v 87031.257812 0.000000 167927.609375
v 99862.703125 844.944336 167937.312500
v 112716.476562 526.673462 167935.203125
v 125557.343750 506.870178 167933.843750
v 138379.328125 469.064728 167942.718750
v 151122.750000 3346.907227 168150.703125
v 164109.171875 2792.728516 168106.359375
v 176804.125000 1956.985107 167974.453125
v 189503.812500 5233.982910 167883.593750
v 202740.312500 5548.875488 167867.281250
v 215434.687500 5109.643066 167905.140625
v 228205.531250 5705.476562 167885.187500
v 241176.109375 5902.192383 167861.468750
v 254100.640625 5021.323242 167885.156250
v 266867.750000 4221.431641 167905.359375
v 279671.031250 4138.600586 167908.390625
v 292507.062500 4004.162109 167901.109375
v 305332.781250 3932.437988 167897.125000
v 318170.781250 4052.875488 167905.718750
v 331011.062500 4053.360596 167909.140625
v 343829.468750 4139.764160 167912.593750
v 356666.031250 4575.741211 167928.234375
v 369513.812500 4589.410156 167953.250000
v 382359.312500 4841.593750 167981.843750
v 395226.218750 4908.951172 167974.218750
v -400944.281250 649.900452 160436.062500
v -388099.031250 702.546875 160435.390625
v -375256.593750 393.096924 160437.125000
v -362417.656250 188.426559 160436.968750
v -349578.093750 169.992737 160436.140625
v -336739.500000 568.485901 160432.250000
v -323896.968750 586.603210 160433.078125
v -311057.375000 873.639404 160433.718750
v -298216.312500 919.341492 160439.671875
v -285382.125000 976.695679 160451.015625
v -272548.562500 1896.875244 160462.046875
v -259696.125000 1831.215942 160437.281250
v -246864.609375 1982.985474 160429.984375
v -234028.125000 2416.387695 160452.218750
v -221176.890625 2665.601807 160479.718750
v -208338.750000 2738.948486 160479.687500
v -195495.703125 2930.140625 160464.968750
v -182664.687500 3094.239258 160463.812500
v -169831.546875 3576.023193 160484.796875
v -156928.203125 3743.502930 160469.968750
v -144071.968750 2812.703125 160431.859375
v -131209.765625 3143.550293 160419.718750
v -118382.906250 1874.314575 160420.875000
v -105563.562500 1148.692261 160422.656250
v -92742.632812 344.965393 160433.234375
v -79907.250000 0.000000 160436.781250
v -67065.843750 0.000000 160436.796875
v -54224.406250 0.000000 160436.781250
v -41383.000000 0.000000 160436.781250
v -28544.001953 230.222336 160439.421875
v -15739.651367 761.758240 160458.171875
v -3298.209473 3333.714355 160622.187500
v 9410.074219 9795.635742 160902.828125
v 23545.039062 8216.730469 160670.906250
v 35862.515625 3004.315430 160541.562500
v 48702.972656 3918.192871 160591.265625
v 61349.253906 17.766386 160437.343750
v 74189.828125 0.000000 160436.796875
v 87031.250000 0.000000 160436.750000
v 99851.476562 1086.285400 160439.468750
v 112716.828125 1295.622070 160458.703125
v 125560.539062 752.697266 160450.265625
v 138361.421875 812.743286 160439.468750
v 151040.656250 4292.757812 160433.562500
v 164059.796875 3938.173828 160627.890625
v 176792.031250 3105.404785 160694.625000
v 189580.765625 7495.378906 160751.218750
v 202726.328125 5223.716797 160462.843750
v 215429.453125 4913.771973 160447.062500
v 228219.531250 5399.449707 160458.656250
v 241185.828125 5669.195312 160444.234375
v 254093.765625 5035.974609 160424.781250
v 266867.812500 4202.807617 160423.343750
v 279673.156250 4234.306152 160417.250000
v 292510.218750 3858.703857 160417.875000
v 305328.875000 3856.085449 160423.078125
v 318167.281250 3972.969727 160426.593750
v 331010.875000 4027.847168 160429.906250
v 343827.562500 4076.538330 160430.500000
v 356646.718750 4551.324219 160450.187500
v 369486.437500 4787.664062 160504.906250
v 382362.468750 5319.009277 160522.734375
v 395261.031250 5315.901367 160462.437500
v -400943.000000 685.418030 152949.218750
v -388099.625000 647.456543 152948.109375
v -375254.781250 612.267273 152947.031250
v -362417.593750 175.275177 152946.015625
v -349577.437500 169.639526 152945.484375
v -336737.031250 225.084976 152944.593750
v -323898.312500 571.404114 152943.437500
v -311057.125000 679.416809 152945.187500
v -298222.875000 943.431274 152951.359375
v -285393.718750 1718.457520 152960.656250
v -272535.281250 1952.504639 152946.000000
v -259690.562500 1731.197510 152938.609375
v -246868.968750 2012.442017 152941.656250
v -234041.750000 2575.194824 152944.828125
v -221193.171875 3124.799072 152963.031250
v -208346.859375 3125.480713 152997.859375
v -195488.125000 3442.440186 153017.109375
v -182661.531250 3233.773926 152991.671875
v -169838.593750 4036.946777 152979.031250
v -156907.125000 4017.002441 152968.750000
v -144037.375000 3316.006836 152926.765625
v -131215.546875 2414.904785 152892.031250
v -118391.039062 1656.486084 152907.953125
v -105570.968750 867.503845 152933.187500
v -92746.695312 147.315964 152944.734375
v -79907.265625 0.000000 152945.937500
v -67065.843750 0.000000 152945.968750
v -54224.386719 0.000000 152945.968750
v -41386.195312 642.776855 152954.703125
v -28547.779297 346.768341 152955.609375
v -15792.425781 1184.838867 153027.078125
v -3515.324219 5046.896973 153357.703125
v 9667.110352 10034.707031 153338.875000
v 23361.867188 6453.025391 153072.484375
v 35995.261719 5454.336426 153110.781250
v 48638.355469 2832.371582 153064.750000
v 61454.039062 1890.026611 153030.921875
v 74189.828125 0.000000 152945.937500
v 87031.234375 0.000000 152945.953125
v 99863.437500 344.325806 152943.000000
v 112702.640625 1897.224854 152952.218750
v 125558.757812 803.197815 152962.640625
v 138359.859375 1192.442017 152967.531250
v 151152.453125 2105.629150 152927.765625
v 163868.203125 4454.561523 152965.515625
v 176678.078125 7158.223633 153150.296875
v 189790.046875 5656.983887 152979.875000
v 202726.203125 5799.703613 152927.062500
v 215422.718750 4924.765137 152974.531250
v 228218.078125 6143.228516 152970.250000
v 241231.968750 5824.987793 152895.593750
v 254084.609375 4937.245605 152868.390625
v 266860.593750 4107.922852 152904.593750
v 279674.312500 3968.527588 152917.234375
v 292502.812500 3764.278564 152927.671875
v 305325.968750 3846.865967 152939.125000
v 318165.218750 3929.847168 152943.750000
v 331004.343750 4001.239746 152955.250000
v 343829.031250 4110.163574 152963.343750
v 356633.468750 4454.646484 152966.187500
v 369451.218750 5303.168457 152989.781250
v 382394.125000 5665.430664 152978.390625
v 395294.468750 4968.716309 152919.515625
v -400942.500000 735.533569 145457.203125
v -388098.375000 890.531067 145456.843750
v -375255.718750 433.642395 145455.187500
v -362417.593750 181.912445 145455.093750
v -349577.125000 169.952728 145455.078125
v -336736.531250 157.789917 145454.906250
v -323898.843750 516.934448 145454.796875
v -311059.531250 765.028564 145457.703125
v -298226.000000 1039.081299 145459.265625
v -285385.906250 1709.654053 145449.546875
v -272530.093750 1594.413574 145444.437500
v -259694.015625 1710.594604 145449.828125
v -246867.187500 1889.603516 145451.468750
v -234036.375000 2403.253906 145440.968750
v -221200.093750 2715.812988 145436.156250
v -208378.218750 3469.907715 145464.921875
v -195503.000000 3905.931641 145529.000000
v -182641.984375 3506.333008 145528.406250
v -169808.359375 3894.549316 145469.515625
v -156935.125000 3926.391846 145475.593750
v -144025.421875 2981.021484 145505.890625
v -131209.968750 1752.552246 145457.531250
v -118406.945312 1139.764282 145439.296875
v -105579.304688 571.642395 145448.437500
v -92748.437500 25.957615 145454.937500
v -79907.250000 0.000000 145455.125000
v -67065.804688 0.000000 145455.125000
v -54225.875000 136.615616 145456.468750
v -41386.433594 817.303345 145460.453125
v -28560.480469 501.000549 145467.625000
v -16043.026367 3544.193115 145629.031250
v -3781.936035 7745.732422 145828.640625
v 9794.048828 10374.675781 145967.500000
v 23548.412109 8508.300781 145819.640625
v 35898.171875 4718.475098 145679.468750
v 48711.851562 4707.656738 145734.843750
v 61569.226562 2969.714844 145543.750000
v 74189.828125 0.000000 145455.140625
v 87031.218750 0.000000 145455.109375
v 99867.359375 187.923569 145454.062500
v 112687.992188 1791.733887 145454.171875
v 125545.507812 1156.882202 145476.515625
v 138314.562500 2617.230957 145569.843750
v 151160.812500 2973.898682 145592.015625
v 163900.421875 3433.190918 145508.796875
v 176713.187500 6203.310547 145450.531250
v 189851.093750 6228.465820 145485.281250
v 202700.562500 5637.950195 145482.875000
v 215410.187500 4854.343262 145489.843750
v 228278.109375 5977.151367 145437.437500
v 241267.375000 5161.081055 145338.015625
v 254044.250000 4164.985352 145362.640625
v 266840.781250 4091.272949 145412.328125
v 279671.031250 3818.799072 145440.218750
v 292495.687500 3713.625244 145448.000000
v 305323.937500 3830.864990 145452.046875
v 318155.812500 3901.145508 145467.046875
v 330993.781250 4111.154297 145490.343750
v 343825.656250 4330.060547 145505.421875
v 356635.656250 4593.977539 145503.078125
v 369459.531250 5129.205078 145472.218750
v 382413.031250 5836.302246 145447.578125
v 395300.906250 4801.970703 145460.843750
v -400942.156250 710.047852 137964.109375
v -388098.218750 827.107910 137963.531250
v -375254.937500 516.399170 137964.531250
v -362417.468750 205.811005 137964.578125
v -349576.968750 160.664764 137964.359375
v -336736.593750 166.156342 137964.187500
v -323900.375000 507.045746 137966.218750
v -311061.593750 774.544067 137971.781250
v -298223.718750 1325.378052 137971.265625
v -285376.531250 1459.165649 137958.656250
v -272531.906250 1598.815674 137953.578125
v -259696.781250 1689.511963 137954.921875
v -246863.781250 1983.798828 137948.921875
v -234028.343750 2384.940186 137932.625000
v -221201.765625 2646.328125 137921.625000
v -208397.234375 3222.871826 137925.750000
v -195565.734375 4149.107422 138003.906250
v -182640.578125 4549.934082 138109.812500
v -169734.734375 3825.163574 138022.953125
v -156945.078125 3673.127930 137909.203125
v -143987.390625 5008.267578 137887.250000
v -131185.750000 1955.758301 137950.203125
v -118405.343750 1110.709473 137953.109375
v -105584.734375 337.436615 137960.734375
v -92748.664062 0.000000 137964.312500
v -79907.265625 0.000000 137964.296875
v -67065.820312 0.000000 137964.296875
v -54231.753906 841.443848 137984.359375
v -41384.175781 456.832336 137974.000000
v -28588.021484 851.138306 137988.609375
v -16059.365234 4092.754395 138039.312500
v -3489.229248 6090.584961 137828.687500
v 9737.700195 12438.265625 137378.406250
v 23429.582031 8098.490723 137804.453125
v 35919.937500 6245.699219 138016.875000
v 48827.003906 6787.552734 137999.546875
v 61530.433594 2136.210938 137985.812500
v 74189.820312 0.000000 137964.296875
v 87031.242188 0.000000 137964.296875
v 99872.664062 0.000000 137964.296875
v 112674.304688 1755.296631 137976.953125
v 125534.500000 1351.253418 137983.109375
v 138275.187500 3009.312012 138012.156250
v 151060.593750 4465.024902 138199.250000
v 163892.781250 4761.031250 138362.031250
v 176815.390625 6424.958984 138276.390625
v 189887.000000 6645.320312 138005.546875
v 202684.562500 5269.993164 137972.218750
v 215419.312500 5735.466797 137950.218750
v 228353.937500 6136.013184 137851.984375
v 241244.234375 4578.424805 137887.062500
v 254020.281250 4027.943848 137942.406250
v 266825.531250 3846.367188 137956.515625
v 279666.343750 3837.420898 137962.531250
v 292496.500000 3703.253662 137961.765625
v 305316.968750 3811.988037 137968.031250
v 318140.031250 3937.602539 137992.078125
v 330990.343750 4479.745117 138003.828125
v 343824.000000 4429.756348 137993.281250
v 356633.375000 5079.917969 137997.218750
v 369487.500000 5299.067383 137975.218750
v 382409.000000 5550.659668 137950.718750
v 395290.406250 5007.408691 137967.031250
v -400941.500000 754.398743 130474.890625
v -388098.625000 794.257568 130474.796875
v -375256.062500 472.764984 130474.953125
v -362416.875000 276.391998 130474.218750
v -349576.781250 164.995972 130473.531250
v -336736.562500 125.404747 130473.726562
v -323902.093750 502.105164 130476.296875
v -311068.156250 1400.391113 130480.937500
v -298216.343750 1233.149170 130473.546875
v -285371.000000 1475.095093 130464.007812
v -272531.375000 1289.247070 130460.726562
v -259697.203125 1546.463989 130458.789062
v -246855.828125 1689.118286 130454.453125
v -234017.453125 1803.079224 130444.914062
v -221193.375000 2124.666748 130434.390625
v -208397.484375 2833.489258 130423.992188
v -195622.218750 3967.448730 130444.875000
v -182716.078125 5440.162598 130582.734375
v -169632.468750 4742.534668 130609.898438
v -156881.750000 2576.166016 130430.953125
v -144061.687500 2554.312744 130340.773438
v -131215.812500 1624.155640 130415.429688
v -118414.242188 732.606079 130461.187500
v -105590.078125 0.000000 130473.476562
v -92748.671875 0.000000 130473.476562
v -79907.265625 0.000000 130473.468750
v -67065.812500 0.000000 130473.468750
v -54241.683594 2074.068848 130478.500000
v -41388.933594 517.039612 130483.664062
v -28687.984375 2338.592773 130570.101562
v -16009.248047 4450.504395 130625.203125
v -3328.411377 6923.149902 130344.445312
v 9879.578125 7815.381836 129944.625000
v 23152.425781 7406.092773 130070.648438
v 35935.507812 6515.015625 130265.859375
v 48658.292969 3545.325195 130395.992188
v 61632.800781 4304.294434 130530.039062
v 74189.828125 0.000000 130473.460938
v 87031.242188 0.000000 130473.484375
v 99872.656250 0.000000 130473.484375
v 112651.578125 1923.064453 130527.484375
v 125539.875000 2155.419678 130524.804688
v 138311.500000 2576.622314 130461.171875
v 150906.484375 4436.120117 130500.226562
v 163688.953125 8375.478516 130876.843750
v 177049.437500 7384.002441 130758.507812
v 189929.453125 6172.497559 130529.570312
v 202683.468750 5483.435059 130478.359375
v 215471.687500 5443.897461 130420.085938
v 228345.546875 4578.644043 130412.507812
v 241211.484375 4632.755371 130448.656250
v 254012.937500 4095.171875 130470.421875
v 266823.437500 3953.147705 130474.671875
v 279666.031250 3862.940674 130473.453125
v 292499.906250 3692.526367 130469.031250
v 305306.218750 3724.870605 130475.804688
v 318130.531250 4282.006348 130482.960938
v 330996.437500 4513.895020 130476.117188
v 343827.468750 4468.972656 130469.367188
v 356644.718750 4897.900391 130447.007812
v 369497.062500 5358.177246 130434.093750
v 382403.375000 5387.468750 130449.039062
v 395288.687500 5105.348633 130448.015625
v -400940.687500 857.946594 122984.453125
v -388099.718750 773.916565 122985.250000
v -375254.656250 728.137695 122986.796875
v -362415.937500 303.829620 122983.656250
v -349576.750000 160.633301 122982.710938
v -336736.812500 157.861038 122982.562500
v -323906.843750 811.964355 122979.875000
v -311063.875000 1017.266663 122979.171875
v -298212.500000 1336.579712 122977.867188
v -285367.250000 1205.417480 122973.484375
v -272532.000000 1133.474731 122973.914062
v -259696.968750 1391.029053 122974.789062
v -246855.015625 1620.185547 122977.062500
v -234014.796875 1724.552612 122980.359375
v -221187.031250 1956.759277 122974.343750
v -208383.593750 2505.541016 122952.234375
v -195619.281250 3650.208496 122902.796875
v -182806.484375 5170.540039 122910.921875
v -169574.390625 6079.645508 123014.312500
v -156793.500000 2846.814209 122978.039062
v -144072.750000 1902.606812 122950.406250
v -131244.140625 1173.060547 122962.453125
v -118423.507812 417.110962 122978.187500
v -105590.101562 0.000000 122982.625000
v -92748.656250 0.000000 122982.632812
v -79907.250000 0.000000 122982.640625
v -67067.179688 74.143158 122982.375000
v -54236.875000 846.722900 122980.960938
v -41413.054688 738.296265 123013.460938
v -28732.412109 3224.442871 123193.281250
v -15926.531250 5239.735352 123096.726562
v -3154.310547 6593.286621 122915.843750
v 9927.913086 7632.204102 122906.281250
v 23051.066406 7052.250000 122889.390625
v 35831.917969 5025.033691 122978.648438
v 48698.472656 5519.068359 123077.968750
v 61470.656250 2577.542236 123053.000000
v 74318.828125 2407.007812 123067.023438
v 87031.218750 0.000000 122982.632812
v 99872.656250 0.000000 122982.625000
v 112580.328125 3181.217529 123123.398438
v 125586.796875 2684.559082 123069.750000
v 138348.687500 2476.314453 122995.375000
v 150914.218750 3468.625488 122996.968750
v 163625.859375 8240.574219 123065.828125
v 177184.546875 7751.695801 123017.390625
v 189930.156250 6395.666992 123026.375000
v 202696.468750 5802.249512 123063.218750
v 215492.062500 5049.814941 123056.492188
v 228362.250000 5500.979492 123033.140625
v 241213.875000 4528.469727 122973.359375
v 254002.031250 3964.739502 122966.117188
v 266823.406250 3911.542969 122978.117188
v 279662.406250 3818.102539 122985.109375
v 292497.000000 3676.630859 122999.960938
v 305305.093750 3702.358887 123000.250000
v 318141.625000 4279.528809 122979.710938
v 331000.593750 4238.871582 122962.859375
v 343827.250000 4660.007812 122960.585938
v 356661.593750 4722.575195 122953.867188
v 369490.843750 4972.571777 122951.492188
v 382394.093750 5458.113770 122967.578125
v 395288.062500 4837.369629 122981.460938
v -400940.187500 928.145386 115492.437500
v -388100.750000 741.385132 115492.625000
v -375254.343750 909.978638 115494.679688
v -362415.187500 312.514923 115492.937500
v -349576.593750 164.594193 115492.046875
v -336736.375000 151.760269 115491.312500
v -323899.781250 368.812561 115489.765625
v -311066.281250 1133.692139 115486.625000
v -298208.125000 1388.632446 115480.312500
v -285368.968750 894.623840 115484.703125
v -272534.250000 1157.680420 115488.640625
v -259695.171875 1236.677490 115488.710938
v -246857.281250 1593.307007 115487.007812
v -234014.031250 1788.680420 115485.234375
v -221183.140625 2052.781738 115479.328125
v -208367.593750 2357.877197 115464.960938
v -195582.468750 3175.258301 115426.054688
v -182817.000000 4213.370605 115400.554688
v -169647.875000 5902.643066 115465.867188
v -156809.437500 2274.517334 115511.679688
v -144063.375000 1766.953125 115490.742188
v -131250.718750 970.539917 115482.609375
v -118427.562500 261.843750 115490.218750
v -105590.125000 0.000000 115491.804688
v -92748.679688 0.000000 115491.812500
v -79907.250000 0.000000 115491.812500
v -67070.828125 318.190063 115497.312500
v -54248.296875 896.485168 115520.539062
v -41521.593750 2246.565918 115590.015625
v -28789.521484 6391.712402 115629.171875
v -15775.101562 4463.325684 115430.554688
v -3125.789551 6172.440430 115307.257812
v 9895.401367 7860.452148 115287.492188
v 23004.605469 6644.455078 115442.187500
v 35822.296875 6097.854004 115500.664062
v 48666.960938 5077.790527 115500.445312
v 61481.042969 4267.704590 115600.179688
v 74342.000000 2643.833252 115594.867188
v 87031.250000 0.000000 115491.812500
v 99872.671875 0.000000 115491.796875
v 112466.109375 4645.926758 115662.492188
v 125651.914062 3298.045898 115616.882812
v 138370.765625 2416.716553 115540.828125
v 150788.687500 4363.973633 115590.398438
v 163635.093750 9266.023438 115691.773438
v 177235.125000 7152.310059 115479.210938
v 189872.984375 6418.873047 115452.382812
v 202672.312500 6248.321777 115559.328125
v 215508.015625 5751.946289 115582.984375
v 228406.781250 5385.696777 115512.710938
v 241222.453125 4075.208008 115464.281250
v 253988.875000 4090.239746 115467.437500
v 266819.468750 3894.895020 115486.750000
v 279646.312500 3809.197266 115514.156250
v 292486.000000 3955.872070 115547.335938
v 305320.531250 3958.584229 115536.734375
v 318161.843750 4264.696777 115496.742188
v 331000.437500 4211.889160 115479.976562
v 343825.843750 4390.040527 115486.046875
v 356660.500000 4646.798828 115500.882812
v 369489.218750 5025.774414 115507.273438
v 382388.281250 5363.859375 115500.953125
v 395279.968750 5069.987305 115515.750000
v -400939.343750 922.427124 107998.781250
v -388100.250000 748.463257 107996.750000
v -375256.437500 886.937561 107996.429688
v -362413.937500 485.866272 108001.203125
v -349576.281250 183.581482 108001.367188
v -336736.125000 153.148895 108001.203125
v -323898.562500 312.199738 108000.617188
v -311062.687500 1193.085693 107988.484375
v -298209.968750 797.823853 107991.429688
v -285373.218750 865.150757 107998.476562
v -272534.437500 1161.656860 108001.609375
v -259693.234375 1264.820435 107997.921875
v -246855.000000 1469.533569 107991.500000
v -234009.171875 1697.956787 107980.929688
v -221178.625000 1609.711426 107978.632812
v -208362.312500 2312.402344 107973.289062
v -195567.437500 2682.311523 107986.734375
v -182813.015625 4201.636230 107978.851562
v -169743.078125 5732.100098 108017.156250
v -156722.796875 3855.045654 108093.703125
v -144041.953125 1553.596924 108017.070312
v -131255.984375 762.110352 107993.398438
v -118429.546875 169.037323 107999.875000
v -105590.078125 0.000000 108000.968750
v -92748.656250 0.000000 108000.976562
v -79907.234375 0.000000 108000.984375
v -67086.984375 1084.803223 108021.945312
v -54262.070312 1418.416992 108016.031250
v -41569.253906 3388.326660 107956.828125
v -28677.726562 3905.224365 107958.750000
v -15756.690430 4580.886230 108043.156250
v -3011.953125 5254.226074 107969.265625
v 9875.401367 6509.625977 107838.750000
v 22960.058594 6741.793457 107850.640625
v 35831.718750 5644.392578 107856.203125
v 48632.199219 4806.699219 107891.039062
v 61386.781250 3652.248047 107994.179688
v 74474.898438 4789.324707 108074.554688
v 87031.226562 0.000000 108000.984375
v 99872.640625 0.000000 108000.976562
v 112376.476562 4988.684570 107960.945312
v 125682.484375 4541.652832 108080.812500
v 138400.546875 2650.068848 108045.625000
v 150819.312500 4292.016602 107932.195312
v 163684.343750 9815.493164 107634.210938
v 177226.250000 7033.270508 107819.593750
v 189802.687500 5991.130371 107984.578125
v 202632.953125 6410.410645 108060.015625
v 215553.843750 5865.383301 108013.304688
v 228451.125000 5637.868652 107940.398438
v 241218.812500 4017.346680 107957.468750
v 253980.843750 3830.191895 107971.765625
v 266805.937500 3796.458496 107988.695312
v 279626.562500 3986.838867 108016.664062
v 292479.437500 4334.184082 108028.640625
v 305343.187500 4323.060547 108008.625000
v 318175.906250 4084.000977 107987.703125
v 330994.687500 4186.230957 107990.570312
v 343818.093750 4539.144531 108004.953125
v 356636.250000 4816.283203 108040.382812
v 369493.843750 5197.300781 108068.625000
v 382405.625000 5376.012695 108037.203125
v 395267.718750 5033.460449 108012.257812
v -400938.187500 782.286560 100508.023438
v -388098.906250 602.742310 100505.609375
v -375259.812500 486.060944 100507.226562
v -362416.187500 526.363892 100511.851562
v -349575.437500 230.381927 100511.398438
v -336736.156250 148.567505 100510.375000
v -323899.468750 538.199585 100508.632812
v -311055.031250 622.759827 100504.929688
v -298213.625000 669.533325 100506.085938
v -285377.906250 1046.534180 100510.390625
v -272532.625000 1141.651001 100511.195312
v -259690.828125 1197.402588 100508.281250
v -246850.562500 1323.929199 100503.539062
v -234004.968750 1399.572754 100498.578125
v -221173.375000 1328.203125 100492.101562
v -208353.843750 2114.156250 100461.867188
v -195575.390625 2593.345947 100441.671875
v -182812.390625 4827.710938 100371.992188
v -169823.281250 4459.800293 100422.398438
v -156707.968750 4971.360352 100526.828125
v -144021.984375 1414.897705 100513.742188
v -131261.125000 529.446777 100505.078125
v -118431.515625 0.000000 100510.148438
v -105590.093750 0.000000 100510.148438
v -92748.671875 0.000000 100510.156250
v -79907.250000 0.000000 100510.156250
v -67109.257812 1576.757446 100520.125000
v -54253.078125 1274.350952 100537.765625
v -41465.523438 1832.974854 100549.187500
v -28766.169922 4907.319824 100616.125000
v -15790.050781 6188.020508 100661.132812
v -2930.468750 5580.291016 100596.250000
v 9884.376953 6432.337402 100536.898438
v 22946.138672 6378.805664 100517.828125
v 35809.710938 4730.823730 100530.843750
v 48600.023438 4249.854492 100539.812500
v 61374.003906 3872.016357 100509.601562
v 74426.531250 4006.000977 100472.343750
v 87031.218750 0.000000 100510.156250
v 99872.679688 0.000000 100510.140625
v 112447.000000 3098.682861 100422.585938
v 125557.179688 5148.257812 100634.445312
v 138454.953125 2900.484131 100624.156250
v 150964.218750 4097.897949 100455.726562
v 163858.781250 6931.959473 100084.382812
v 177057.390625 6459.974609 100188.218750
v 189728.640625 6211.333008 100426.867188
v 202642.484375 6943.557617 100467.375000
v 215613.625000 5956.804688 100405.421875
v 228421.765625 4584.194824 100409.687500
v 241193.171875 3849.623779 100461.593750
v 253978.093750 3715.296631 100491.906250
v 266796.250000 3726.065918 100496.632812
v 279619.062500 4036.285400 100497.070312
v 292486.343750 4262.902344 100487.593750
v 305350.593750 4078.203369 100483.179688
v 318170.812500 3987.155762 100499.546875
v 330989.468750 4159.767578 100514.203125
v 343812.156250 4396.618164 100521.648438
v 356604.625000 4816.627441 100555.492188
v 369496.718750 5901.137207 100587.835938
v 382441.000000 5391.303711 100539.492188
v 395267.312500 5149.251953 100505.890625
v -400937.343750 704.124329 93016.976562
v -388097.625000 593.654846 93015.953125
v -375261.000000 287.833954 93018.054688
v -362420.000000 940.867065 93022.640625
v -349573.437500 363.360962 93021.843750
v -336735.562500 144.996460 93019.312500
v -323896.656250 369.188477 93016.539062
v -311055.281250 666.312195 93014.359375
v -298215.125000 537.467102 93017.414062
v -285379.375000 1001.724731 93018.515625
v -272532.750000 1185.825317 93020.984375
v -259690.046875 1217.189209 93022.492188
v -246848.593750 1305.979980 93022.281250
v -234003.906250 1324.756470 93021.515625
v -221164.968750 1281.318848 93012.820312
v -208330.203125 1304.531250 92991.453125
v -195526.234375 1601.095215 92945.656250
v -182748.203125 3402.035645 92802.054688
v -169905.093750 4087.402100 92840.210938
v -156769.453125 4964.534668 92966.476562
v -144002.140625 1499.445068 93011.289062
v -131269.500000 157.678391 93017.914062
v -118431.515625 0.000000 93019.328125
v -105590.078125 0.000000 93019.312500
v -92748.656250 0.000000 93019.328125
v -79907.250000 0.000000 93019.335938
v -67092.515625 713.059875 93013.882812
v -54341.093750 3104.580078 93080.343750
v -41516.980469 3650.395020 93133.617188
v -28704.013672 4915.302246 92994.812500
v -15770.288086 5526.580566 92839.281250
v -2968.715576 5984.216797 92915.281250
v 9911.916016 6417.621094 92993.328125
v 22956.152344 6836.270020 92959.085938
v 35769.921875 5755.173828 93070.703125
v 48635.500000 5178.323242 93135.789062
v 61424.304688 3857.374268 93027.546875
v 74422.468750 3980.041016 92979.335938
v 87031.250000 0.000000 93019.328125
v 99872.648438 0.000000 93019.312500
v 112574.179688 1483.053589 92969.687500
v 125266.375000 7296.777344 93009.187500
v 138517.687500 4258.919922 93180.703125
v 151105.875000 4303.315430 93083.664062
v 163935.906250 6233.837891 92927.898438
v 176919.453125 5066.039551 92998.437500
v 189690.968750 6089.968750 93063.289062
v 202688.734375 6193.909180 93000.367188
v 215611.218750 5271.965820 92961.281250
v 228399.781250 4406.906250 92994.664062
v 241177.937500 3785.746582 93012.007812
v 253976.656250 3636.909180 93009.867188
v 266796.406250 3678.221680 93007.109375
v 279624.625000 3870.983643 92997.726562
v 292490.781250 4198.854004 92989.492188
v 305340.718750 3915.012695 93005.648438
v 318156.062500 4042.147949 93030.656250
v 330986.781250 4276.887695 93045.562500
v 343802.343750 4545.854492 93057.335938
v 356585.875000 5102.925293 93065.335938
v 369513.375000 6028.564453 93047.289062
v 382464.250000 5398.741699 93019.054688
v 395268.781250 4974.635742 93008.890625
v -400939.375000 627.932861 85529.421875
v -388098.625000 435.965149 85531.953125
v -375260.187500 124.838356 85528.937500
v -362420.531250 767.496338 85524.101562
v -349571.500000 640.173706 85525.289062
v -336735.062500 133.621582 85528.218750
v -323894.781250 146.444580 85527.593750
v -311054.406250 295.338715 85525.929688
v -298217.687500 600.876953 85526.421875
v -285380.906250 974.342224 85531.429688
v -272534.281250 1233.178833 85535.843750
v -259690.203125 1298.625732 85537.187500
v -246849.000000 1422.747070 85538.789062
v -234004.156250 1442.699585 85540.554688
v -221157.500000 1392.950439 85536.804688
v -208318.796875 1180.209717 85525.492188
v -195494.984375 1199.428711 85502.882812
v -182676.000000 1657.631714 85448.632812
v -169890.781250 2617.418701 85349.414062
v -156853.625000 5216.437012 85243.257812
v -144036.812500 1163.817261 85511.023438
v -131272.921875 0.000000 85528.492188
v -118431.476562 0.000000 85528.492188
v -105590.125000 0.000000 85528.492188
v -92748.656250 0.000000 85528.484375
v -79907.250000 0.000000 85528.500000
v -67090.234375 585.110718 85532.570312
v -54321.812500 2115.662354 85532.117188
v -41488.601562 4090.699219 85471.078125
v -28603.521484 4264.151855 85408.648438
v -15762.419922 4490.960938 85393.101562
v -3018.550049 4729.085449 85448.976562
v 9929.053711 7208.608398 85458.953125
v 22951.515625 5060.421875 85422.859375
v 35704.023438 5251.322754 85370.054688
v 48641.710938 5840.486328 85397.632812
v 61441.097656 3531.085938 85491.539062
v 74383.031250 3414.623779 85507.367188
v 87032.437500 22.041134 85528.468750
v 99872.671875 0.000000 85528.484375
v 112647.093750 836.067627 85500.382812
v 125220.859375 4638.857422 85361.492188
v 138482.453125 5882.044922 85545.328125
v 151195.828125 4319.285156 85589.898438
v 163933.906250 5811.927734 85592.625000
v 176862.109375 6377.863770 85651.265625
v 189692.359375 6931.775879 85669.859375
v 202759.078125 6678.935547 85605.460938
v 215619.093750 5292.869141 85532.703125
v 228392.437500 4521.120605 85514.632812
v 241178.906250 3808.235840 85516.601562
v 253976.562500 3574.090820 85518.554688
v 266795.937500 3658.111816 85521.687500
v 279634.125000 3813.952637 85515.210938
v 292487.500000 3937.841797 85510.484375
v 305318.531250 3884.979736 85540.726562
v 318138.375000 4173.460938 85585.570312
v 330984.312500 4398.791504 85607.171875
v 343806.968750 4648.947266 85593.882812
v 356603.031250 5323.748535 85550.039062
v 369534.687500 5988.998047 85500.101562
v 382463.718750 5407.904785 85497.000000
v 395268.218750 5018.708984 85512.218750
v -400942.812500 899.308472 78030.882812
v -388096.750000 880.287415 78035.250000
v -375257.562500 712.856995 78033.851562
v -362418.437500 336.744629 78034.234375
v -349575.875000 291.547821 78035.242188
v -336735.187500 148.296631 78037.429688
v -323894.281250 153.478790 78037.609375
v -311053.750000 159.076294 78037.289062
v -298218.000000 468.456635 78037.328125
v -285384.968750 1129.797363 78040.484375
v -272537.187500 1448.747681 78045.320312
v -259691.437500 1461.451782 78049.023438
v -246850.140625 1558.887939 78051.781250
v -234007.046875 1661.528687 78057.453125
v -221159.312500 1609.001587 78070.296875
v -208311.593750 1205.256226 78063.585938
v -195477.093750 1093.944092 78042.148438
v -182650.140625 1335.854736 78012.281250
v -169825.484375 1535.580200 77957.398438
v -156950.562500 1883.736572 77911.656250
v -144036.156250 1987.400879 77976.601562
v -131272.921875 0.000000 78037.656250
v -118431.515625 0.000000 78037.656250
v -105590.109375 0.000000 78037.664062
v -92748.656250 0.000000 78037.656250
v -79907.234375 0.000000 78037.671875
v -67112.289062 1098.607666 78075.054688
v -54321.394531 3382.838867 78073.195312
v -41438.382812 2965.742676 77991.367188
v -28627.943359 3914.882568 78033.445312
v -15800.866211 4019.764160 78169.726562
v -3043.057861 5468.371582 78247.953125
v 9977.680664 6427.096680 78165.945312
v 23008.433594 5873.575195 78093.203125
v 35731.949219 4512.545410 78016.578125
v 48569.234375 4096.654297 77990.187500
v 61447.363281 3917.579102 78005.484375
v 74377.914062 3376.117432 78006.484375
v 87041.835938 224.847260 78037.867188
v 99872.632812 0.000000 78037.656250
v 112680.156250 522.932678 78032.601562
v 125231.484375 4098.302734 77946.359375
v 138359.546875 6176.658691 77951.421875
v 151202.046875 4110.675781 78070.554688
v 163946.484375 6865.934570 78038.664062
v 176846.453125 5658.230469 77977.617188
v 189680.140625 7144.982422 78019.820312
v 202795.875000 6528.672852 78024.609375
v 215633.890625 5260.086914 78000.156250
v 228383.500000 4206.537598 78004.718750
v 241173.265625 3736.691162 78018.890625
v 253976.562500 3466.740479 78026.156250
v 266791.968750 3649.257568 78028.734375
v 279639.843750 3819.754883 78032.140625
v 292482.531250 3807.981934 78035.507812
v 305293.875000 4061.817627 78054.101562
v 318110.875000 4611.158691 78094.351562
v 330970.250000 5036.623047 78137.953125
v 343820.812500 5134.938477 78142.593750
v 356647.500000 5271.116211 78089.484375
v 369559.656250 5714.374023 78021.054688
v 382444.875000 5149.899414 78015.664062
v 395262.437500 4913.017578 78036.726562
v -400942.843750 434.870850 70543.203125
v -388098.125000 404.950867 70539.710938
v -375259.937500 -30.743946 70547.312500
v -362418.687500 308.422455 70545.031250
v -349576.875000 191.363617 70546.671875
v -336735.406250 248.812607 70547.125000
v -323894.031250 137.356491 70546.937500
v -311053.562500 147.419678 70546.640625
v -298219.375000 549.634216 70545.085938
v -285386.718750 1115.728027 70543.867188
v -272540.843750 1378.110229 70550.312500
v -259694.281250 1660.030029 70559.226562
v -246850.953125 1721.479736 70562.140625
v -234013.703125 1843.718140 70569.468750
v -221174.078125 2078.231934 70594.257812
v -208290.109375 2446.930908 70612.031250
v -195459.453125 1204.185547 70560.671875
v -182637.218750 1001.577759 70539.632812
v -169798.687500 1097.571411 70524.500000
v -156954.515625 1090.345337 70511.398438
v -144097.062500 938.767151 70518.414062
v -131272.937500 0.000000 70546.820312
v -118431.531250 0.000000 70546.843750
v -105590.085938 0.000000 70546.820312
v -92748.671875 0.000000 70546.828125
v -79911.265625 107.697144 70549.328125
v -67170.640625 3100.841797 70602.351562
v -54246.406250 2075.543701 70538.765625
v -41443.199219 3246.748291 70517.585938
v -28691.558594 3658.474609 70578.484375
v -15932.542969 6380.224121 70715.828125
v -2999.613525 6511.670898 70675.468750
v 9982.158203 7544.016113 70671.234375
v 22991.982422 5598.226562 70703.664062
v 35778.617188 5242.056641 70718.710938
v 48592.593750 4609.762695 70649.156250
v 61509.636719 4252.933105 70509.460938
v 74278.265625 1965.664429 70525.257812
v 87059.703125 817.957825 70562.148438
v 99872.656250 0.000000 70546.828125
v 112682.578125 539.770935 70540.523438
v 125295.210938 3794.584473 70439.390625
v 138258.156250 4536.484863 70488.710938
v 151131.203125 5746.556641 70681.679688
v 164073.593750 5509.866699 70638.890625
v 176820.093750 5588.002930 70573.328125
v 189690.937500 7227.881836 70563.570312
v 202817.890625 6497.033203 70500.507812
v 215623.546875 5054.961426 70511.187500
v 228375.187500 4104.541992 70535.210938
v 241162.406250 3704.711426 70553.070312
v 253977.343750 3444.841309 70562.140625
v 266798.562500 3520.700928 70547.921875
v 279635.718750 3850.308105 70540.039062
v 292468.906250 3783.494873 70566.945312
v 305291.093750 4070.505371 70579.390625
v 318111.218750 4564.208984 70551.398438
v 330946.375000 5276.298340 70549.492188
v 343813.718750 5489.780273 70592.757812
v 356679.250000 5832.545410 70601.304688
v 369585.000000 5610.876953 70565.398438
v 382434.750000 5218.977539 70549.343750
v 395264.343750 5134.718262 70546.492188
v -400938.625000 927.209167 63049.691406
v -388102.218750 -96.082245 63056.742188
v -375259.937500 0.930148 63055.980469
v -362419.125000 333.684021 63054.496094
v -349577.125000 137.682190 63055.328125
v -336735.687500 319.485687 63055.007812
v -323894.031250 138.874771 63055.804688
v -311053.437500 138.623825 63055.835938
v -298215.656250 327.231018 63054.832031
v -285385.812500 951.053955 63052.359375
v -272548.906250 1547.000366 63057.679688
v -259698.078125 1822.210571 63067.492188
v -246852.687500 1859.256104 63072.750000
v -234020.500000 2034.765381 63080.097656
v -221181.828125 2402.295410 63081.343750
v -208304.593750 2665.751953 63114.980469
v -195448.562500 1372.131348 63108.539062
v -182621.359375 1037.730957 63077.613281
v -169793.093750 777.504395 63053.246094
v -156951.281250 663.552612 63047.750000
v -144110.406250 337.838837 63051.691406
v -131272.921875 0.000000 63056.000000
v -118431.492188 0.000000 63055.992188
v -105590.093750 0.000000 63055.988281
v -92748.671875 0.000000 63056.015625
v -79944.000000 1151.797119 63070.593750
v -67123.468750 2294.256592 63041.292969
v -54248.945312 2546.702881 63053.054688
v -41453.570312 2866.364746 63092.593750
v -28706.474609 3594.918945 63106.152344
v -15867.604492 6060.599609 62994.167969
v -2951.869141 5690.146484 62900.664062
v 9910.672852 6922.138672 62947.417969
v 22958.066406 7136.856445 63123.800781
v 35784.664062 5702.995117 63200.363281
v 48687.863281 5359.226562 63115.488281
v 61524.390625 3498.301025 63038.000000
v 74234.757812 1619.526611 63064.707031
v 87106.601562 2511.782959 63089.031250
v 99872.671875 0.000000 63055.988281
v 112710.796875 66.783127 63054.832031
v 125349.789062 3270.102783 62968.886719
v 138182.250000 4064.433594 63001.589844
v 151018.312500 7228.944824 63123.210938
v 164082.812500 6238.568848 63263.750000
v 176827.046875 6293.978516 63286.687500
v 189801.500000 7194.599609 63111.207031
v 202819.250000 6130.022461 62978.500000
v 215604.578125 4932.486328 62999.953125
v 228363.468750 4202.035156 63035.703125
v 241151.296875 3650.781494 63060.343750
v 253980.156250 3900.134277 63066.140625
v 266808.000000 3537.216309 63060.757812
v 279626.718750 3656.863281 63068.500000
v 292446.156250 3979.275146 63096.578125
v 305291.906250 4676.469727 63122.027344
v 318134.031250 4407.367676 63101.894531
v 330944.812500 4981.802246 63080.062500
v 343799.281250 5531.978027 63074.031250
v 356692.937500 5792.382812 63071.054688
v 369601.843750 5679.228516 63054.078125
v 382439.156250 5197.187500 63035.375000
v 395267.968750 4926.161621 63023.078125
v -400942.156250 110.846420 55564.058594
v -388101.718750 -61.062698 55565.386719
v -375260.093750 67.689392 55565.093750
v -362418.562500 -16.291294 55565.210938
v -349577.093750 66.569214 55564.914062
v -336735.718750 77.087624 55564.863281
v -323894.250000 128.180740 55564.914062
v -311053.218750 126.168434 55564.988281
v -298216.093750 419.948761 55563.378906
v -285385.156250 865.579590 55560.296875
v -272553.593750 1433.549316 55562.867188
v -259703.640625 1962.052612 55574.164062
v -246857.281250 2008.924927 55584.046875
v -234026.421875 2318.975342 55594.667969
v -221180.359375 2614.496826 55603.378906
v -208348.718750 2481.660156 55641.113281
v -195443.687500 3899.433594 55827.027344
v -182592.234375 1288.664429 55660.632812
v -169776.359375 929.658691 55598.488281
v -156948.843750 598.973938 55569.390625
v -144111.843750 227.000793 55565.269531
v -131272.906250 0.000000 55565.164062
v -118431.523438 0.000000 55565.152344
v -105590.093750 0.000000 55565.164062
v -92774.312500 1333.693115 55582.714844
v -79935.265625 1025.277100 55592.351562
v -67116.179688 1833.943237 55641.347656
v -54260.531250 2729.731445 55691.800781
v -41463.402344 3019.308594 55692.875000
v -28691.628906 5367.168945 55639.808594
v -15777.875000 5292.545410 55486.210938
v -2972.356445 5454.478516 55498.460938
v 9910.185547 6627.374512 55463.519531
v 22865.015625 6140.782227 55449.718750
v 35772.367188 6525.807617 55525.988281
v 48709.796875 5308.648438 55609.367188
v 61481.562500 3235.988281 55670.207031
v 74237.242188 2521.044678 55698.070312
v 87094.695312 1524.350098 55627.339844
v 99872.656250 0.000000 55565.179688
v 112714.078125 0.000000 55565.171875
v 125408.875000 2263.341064 55508.507812
v 138160.250000 4154.820312 55447.726562
v 151029.140625 6017.464844 55345.191406
v 163956.500000 6702.926270 55425.035156
v 176851.437500 7907.044434 55548.191406
v 189891.968750 6922.663086 55522.695312
v 202818.062500 5938.987305 55505.593750
v 215582.218750 4573.795410 55524.320312
v 228346.843750 3925.599609 55540.007812
v 241152.375000 3821.270752 55536.890625
v 253978.656250 3571.717773 55534.773438
v 266796.937500 3541.332031 55559.519531
v 279612.218750 3882.843750 55593.710938
v 292439.281250 4209.138672 55598.460938
v 305285.593750 4715.054688 55601.976562
v 318121.812500 4964.094238 55644.632812
v 330962.687500 5392.404785 55653.273438
v 343822.250000 5579.781738 55582.296875
v 356696.500000 6026.919922 55537.457031
v 369605.343750 5526.180176 55541.531250
v 382447.812500 5140.934082 55537.859375
v 395268.468750 4777.932617 55534.945312
v -400942.406250 88.822380 48074.785156
v -388101.156250 84.931702 48074.750000
v -375259.968750 -69.998299 48074.273438
v -362418.750000 139.857300 48074.320312
v -349577.093750 69.205284 48074.355469
v -336735.812500 66.802406 48074.417969
v -323894.375000 122.616447 48074.546875
v -311052.968750 124.932747 48074.191406
v -298212.687500 150.154602 48073.371094
v -285381.875000 679.666077 48067.796875
v -272558.500000 1421.484619 48063.390625
v -259714.734375 2099.394531 48075.191406
v -246866.546875 2117.120117 48097.039062
v -234033.781250 2651.256104 48119.562500
v -221191.890625 2816.428711 48141.972656
v -208386.859375 3405.819336 48171.015625
v -195529.328125 4058.317871 48247.738281
v -182501.328125 4939.874023 48498.855469
v -169731.890625 1347.694946 48199.316406
v -156925.484375 952.685425 48114.734375
v -144110.937500 227.291183 48076.000000
v -131272.937500 0.000000 48074.332031
v -118431.515625 0.000000 48074.343750
v -105590.070312 0.000000 48074.332031
v -92767.695312 694.136780 48092.167969
v -79970.367188 1732.332642 48147.128906
v -67206.593750 4409.304688 48295.855469
v -54273.140625 3957.886719 48279.093750
v -41431.101562 4878.866699 48198.343750
v -28556.144531 4500.085449 47996.750000
v -15774.416992 4331.975586 47959.355469
v -3007.322754 6017.846191 47962.550781
v 9967.996094 6162.863770 47929.445312
v 22830.861328 6020.230957 47922.707031
v 35729.351562 5870.793945 47961.953125
v 48649.761719 5247.430176 48046.320312
v 61473.578125 4815.806152 48148.035156
v 74222.062500 3983.829346 48231.285156
v 87266.609375 4387.665527 48285.890625
v 99872.640625 0.000000 48074.355469
v 112714.085938 0.000000 48074.332031
v 125473.742188 1328.230347 48047.964844
v 138161.843750 4276.486816 47965.773438
v 151102.375000 4503.797852 47947.210938
v 163892.921875 5974.944336 47895.792969
v 176824.343750 6431.486816 47972.035156
v 189913.703125 6876.756836 48025.667969
v 202814.093750 5718.219727 48017.039062
v 215565.687500 4565.029785 48046.125000
v 228346.468750 4013.323242 48066.988281
v 241157.468750 3437.771973 48061.109375
v 253972.937500 3405.208984 48061.398438
v 266786.156250 3463.406494 48065.554688
v 279604.687500 4058.117920 48059.664062
v 292447.312500 4352.962891 48049.523438
v 305272.875000 4716.448242 48051.238281
v 318080.062500 5125.598633 48099.429688
v 330984.625000 5903.650391 48134.074219
v 343871.656250 5419.866699 48075.335938
v 356686.531250 5554.901367 48050.445312
v 369596.437500 5578.707031 48082.367188
v 382460.343750 4994.149414 48076.773438
v 395266.718750 4635.271484 48059.460938
v -400942.093750 281.864624 40584.378906
v -388100.468750 266.520325 40584.906250
v -375260.125000 -69.997864 40583.265625
v -362418.625000 57.385902 40583.496094
v -349577.156250 36.442451 40583.488281
v -336735.843750 97.443855 40583.546875
v -323894.437500 242.096268 40583.617188
v -311052.750000 121.631813 40583.593750
v -298212.093750 124.847099 40583.238281
v -285377.281250 480.682983 40579.507812
v -272553.906250 1050.753906 40574.179688
v -259727.562500 1954.924072 40585.617188
v -246879.406250 2465.814453 40608.730469
v -234040.859375 3019.469727 40620.308594
v -221210.703125 3312.464355 40629.992188
v -208393.890625 3986.558105 40643.292969
v -195567.234375 4456.519043 40636.453125
v -182656.734375 5123.702148 40763.515625
v -169483.593750 5595.629883 40966.457031
v -156867.421875 1347.686768 40648.824219
v -144105.000000 404.155792 40588.285156
v -131272.921875 0.000000 40583.523438
v -118431.484375 0.000000 40583.500000
v -105601.578125 536.241699 40592.796875
v -92813.460938 1969.427002 40618.156250
v -80013.601562 3081.096680 40605.882812
v -67167.109375 3385.499268 40557.234375
v -54289.292969 5126.823242 40521.867188
v -41340.242188 4447.214355 40500.550781
v -28534.562500 3957.815430 40511.984375
v -15785.738281 4120.042969 40537.437500
v -2959.544922 5224.048340 40468.027344
v 9988.373047 5468.346191 40406.648438
v 22805.044922 5155.605469 40437.804688
v 35698.507812 5869.109375 40483.531250
v 48611.988281 4736.611816 40520.695312
v 61436.335938 4260.811035 40515.421875
v 74179.007812 3374.845703 40545.898438
v 87291.523438 4725.242676 40568.136719
v 99872.656250 0.000000 40583.515625
v 112714.070312 0.000000 40583.523438
v 125480.507812 1330.023071 40577.265625
v 138210.312500 3061.701660 40589.363281
v 151087.734375 5358.371094 40644.726562
v 163930.656250 4900.016113 40624.472656
v 176763.812500 7680.222168 40601.664062
v 189938.156250 6769.142090 40555.699219
v 202804.562500 5399.307617 40536.335938
v 215544.296875 4303.399414 40551.195312
v 228340.437500 4081.748535 40570.695312
v 241156.375000 3504.965332 40592.632812
v 253971.000000 3471.123291 40598.578125
v 266789.843750 3488.428467 40591.074219
v 279614.218750 3707.450439 40579.394531
v 292449.937500 4070.589844 40577.984375
v 305269.250000 4314.350098 40590.363281
v 318067.031250 5169.040039 40580.707031
v 330988.906250 6119.688965 40563.484375
v 343885.156250 5440.862793 40588.101562
v 356666.812500 5610.142578 40623.472656
v 369591.156250 5849.524902 40639.804688
v 382486.656250 5127.883789 40607.914062
v 395274.968750 4552.532227 40569.734375
v -400942.281250 237.034836 33091.960938
v -388100.625000 276.072815 33091.937500
v -375259.312500 174.653687 33092.531250
v -362418.531250 -20.356316 33092.679688
v -349577.218750 70.398476 33092.664062
v -336735.781250 107.971535 33092.492188
v -323894.468750 102.848701 33092.496094
v -311052.843750 198.262695 33093.027344
v -298211.718750 123.802856 33092.750000
v -285374.093750 331.934143 33091.433594
v -272553.468750 899.195801 33091.015625
v -259738.312500 2156.790039 33091.550781
v -246881.062500 2687.647949 33078.320312
v -234050.718750 2987.579102 33085.894531
v -221213.312500 3402.938477 33100.847656
v -208392.593750 4004.898438 33098.296875
v -195569.234375 4533.710938 33110.972656
v -182722.468750 5203.657227 33106.449219
v -169514.500000 5740.285156 33108.339844
v -156766.796875 2291.327637 33106.191406
v -144100.562500 437.561218 33092.597656
v -131272.937500 0.000000 33092.691406
v -118431.492188 0.000000 33092.695312
v -105612.328125 1212.492188 33090.179688
v -92771.554688 863.099243 33076.796875
v -80006.929688 2824.031250 33042.996094
v -67143.890625 3169.362549 33060.277344
v -54251.386719 4203.725098 32984.371094
v -41343.136719 3843.262939 32972.808594
v -28568.246094 3536.072266 33032.675781
v -15785.731445 4578.995605 33040.234375
v -2903.115967 4819.092773 32989.375000
v 9987.890625 5004.513672 32950.257812
v 22792.681641 4685.742676 32964.500000
v 35664.472656 5459.066895 32964.765625
v 48604.289062 4853.280762 33026.894531
v 61416.445312 4028.529541 33089.714844
v 74172.710938 3552.333496 33104.921875
v 87230.664062 4369.969727 33155.980469
v 99872.656250 0.000000 33092.683594
v 112714.070312 0.000000 33092.695312
v 125483.843750 1093.671997 33103.527344
v 138123.250000 4032.929199 33218.152344
v 151137.640625 5510.694824 33185.992188
v 163906.625000 5921.217773 33098.871094
v 176794.578125 6793.174805 33102.789062
v 189974.671875 6558.147949 33051.929688
v 202794.875000 5370.458984 33040.066406
v 215534.890625 4267.246582 33072.035156
v 228328.031250 3833.490479 33086.378906
v 241145.390625 3625.187256 33101.195312
v 253973.781250 3602.224121 33110.566406
v 266792.468750 3533.750000 33108.304688
v 279612.031250 4046.946533 33115.984375
v 292438.187500 4136.555664 33134.253906
v 305255.875000 4952.422852 33156.582031
v 318113.718750 5107.490234 33097.800781
v 330988.406250 5620.431641 33032.718750
v 343845.093750 5513.692871 33085.617188
v 356661.750000 5777.430664 33129.000000
v 369588.875000 6108.269531 33130.687500
v 382499.687500 5154.361328 33134.941406
v 395297.250000 4495.127441 33106.703125
v -400941.281250 222.188599 25603.648438
v -388101.156250 44.939541 25601.617188
v -375259.875000 30.441452 25601.566406
v -362418.500000 -38.372395 25602.128906
v -349577.218750 75.397591 25601.359375
v -336735.687500 64.227409 25601.486328
v -323894.281250 3.205476 25601.839844
v -311053.468750 372.397491 25600.552734
v -298211.500000 122.199005 25601.601562
v -285373.406250 312.735260 25601.117188
v -272551.906250 823.431824 25597.023438
v -259742.265625 2296.797607 25588.806641
v -246874.109375 1927.988037 25606.218750
v -234058.031250 2952.376465 25620.884766
v -221197.687500 3642.821777 25592.050781
v -208380.718750 3757.287354 25548.855469
v -195610.265625 4796.325684 25566.587891
v -182694.625000 5280.398438 25587.509766
v -169553.562500 5362.019531 25571.011719
v -156787.093750 2119.210449 25607.757812
v -144114.296875 0.821627 25601.835938
v -131272.921875 0.000000 25601.863281
v -118431.515625 0.000000 25601.855469
v -105604.015625 859.972046 25602.218750
v -92772.273438 1013.493896 25609.568359
v -79989.546875 1905.028809 25629.875000
v -67138.515625 4053.187012 25640.306641
v -54199.171875 3437.188477 25567.384766
v -41372.214844 3296.296387 25548.812500
v -28578.984375 3274.534424 25564.136719
v -15760.983398 4097.295410 25532.507812
v -2873.031250 4235.410156 25502.080078
v 9983.811523 4261.823242 25494.373047
v 22799.929688 4299.740723 25486.234375
v 35654.957031 4689.613281 25465.234375
v 48542.941406 4437.838379 25535.386719
v 61383.949219 4010.119385 25627.517578
v 74187.265625 4067.799805 25637.302734
v 87151.609375 4111.741211 25677.654297
v 100050.890625 2715.628662 25694.248047
v 112714.070312 0.000000 25601.851562
v 125494.734375 766.265442 25604.960938
v 138033.234375 5674.034180 25609.425781
v 151222.828125 5353.090332 25513.343750
v 163919.921875 4823.419922 25503.445312
v 176812.718750 7992.163086 25421.207031
v 189987.187500 6452.919922 25423.564453
v 202737.031250 4778.827637 25530.128906
v 215519.984375 4389.442383 25601.859375
v 228326.437500 3808.976318 25617.925781
v 241138.125000 3718.495361 25617.980469
v 253975.875000 3671.136475 25617.806641
v 266793.312500 3620.908203 25614.058594
v 279605.500000 3905.679688 25620.982422
v 292432.656250 4404.965332 25623.080078
v 305260.781250 4952.143066 25606.755859
v 318146.531250 5493.381836 25598.960938
v 330979.812500 4990.013184 25619.587891
v 343809.875000 5777.095703 25650.878906
v 356682.937500 5872.751953 25629.892578
v 369549.656250 5930.137207 25657.621094
v 382487.625000 5636.493164 25744.347656
v 395337.500000 4676.039551 25712.136719
v -400933.500000 658.602966 18125.523438
v -388102.437500 -95.287071 18109.806641
v -375260.968750 -234.989944 18110.105469
v -362418.781250 -234.992859 18111.917969
v -349576.843750 -195.226898 18112.453125
v -336735.500000 -108.061920 18111.722656
v -323894.093750 -44.019363 18111.253906
v -311052.875000 17.032001 18110.943359
v -298211.656250 113.216629 18110.806641
v -285372.312500 247.447449 18110.511719
v -272547.968750 720.485840 18108.503906
v -259738.281250 1716.533081 18117.421875
v -246902.593750 2893.536377 18152.023438
v -234036.312500 3357.262695 18123.251953
v -221180.500000 3426.158936 18078.205078
v -208350.703125 3184.683594 18056.923828
v -195583.625000 4029.915527 17960.636719
v -182700.390625 5910.582031 17847.941406
v -169593.000000 4402.569824 17920.328125
v -156716.296875 3387.230469 17983.074219
v -144114.390625 0.000000 18111.031250
v -131272.937500 0.000000 18111.027344
v -118433.257812 131.728241 18111.251953
v -105605.835938 908.666809 18111.101562
v -92796.617188 1406.332153 18129.757812
v -80042.164062 3180.280273 18185.251953
v -67083.156250 4121.528809 18126.822266
v -54178.949219 3365.183105 18074.910156
v -41383.210938 3072.827637 18081.835938
v -28580.306641 3512.771973 18079.480469
v -15741.285156 3674.194336 18072.511719
v -2861.476318 4117.804688 18050.335938
v 9983.728516 3786.869141 18043.910156
v 22813.837891 4049.900879 18024.441406
v 35658.593750 3924.609375 18011.898438
v 48482.117188 4194.403809 18043.138672
v 61353.636719 4637.282227 18109.816406
v 74202.507812 3962.036377 18127.023438
v 87111.421875 4251.408203 18135.015625
v 100030.312500 2613.957031 18156.199219
v 112714.070312 0.000000 18111.007812
v 125487.546875 902.970703 18105.794922
v 138111.109375 5039.441895 17994.982422
v 151231.062500 3919.026367 18033.136719
v 163906.937500 5627.891113 17983.613281
v 176874.687500 5901.755859 17906.875000
v 189890.718750 5221.621094 17996.992188
v 202701.812500 4794.604492 18090.693359
v 215501.265625 4513.873535 18117.242188
v 228324.218750 3924.188721 18136.566406
v 241140.234375 3831.447266 18138.160156
v 253978.125000 3749.066162 18130.789062
v 266795.687500 3686.249512 18125.722656
v 279603.062500 4102.309570 18116.089844
v 292445.031250 4609.009277 18091.152344
v 305279.593750 4677.730957 18057.072266
v 318126.437500 5336.580078 18064.765625
v 330940.968750 5358.030762 18140.625000
v 343826.187500 6343.117676 18152.142578
v 356701.937500 5654.213867 18104.722656
v 369497.781250 6242.013672 18129.410156
v 382465.375000 6422.524902 18182.865234
v 395382.250000 5619.894043 18200.476562
v -400928.218750 989.001709 10640.982422
v -388093.375000 535.174377 10632.130859
v -375258.375000 171.614502 10622.973633
v -362419.562500 -234.977066 10617.859375
v -349577.250000 -234.992859 10619.154297
v -336735.093750 -214.526978 10619.673828
v -323893.968750 -84.319672 10619.901367
v -311053.031250 47.775040 10620.379883
v -298211.718750 219.577377 10620.621094
v -285371.281250 164.988937 10619.994141
v -272547.468750 714.716675 10618.025391
v -259759.187500 2136.117188 10611.008789
v -246897.921875 2917.316650 10587.980469
v -233997.515625 3257.368408 10543.662109
v -221168.734375 2586.091064 10529.226562
v -208320.359375 4120.034668 10418.937500
v -195498.406250 2557.889648 10424.035156
v -182698.390625 3730.062500 10278.609375
v -169627.921875 3914.637695 10314.724609
v -156955.781250 0.000000 10620.187500
v -144114.375000 0.000000 10620.195312
v -131272.937500 0.000000 10620.199219
v -118433.976562 203.830338 10620.144531
v -105601.882812 727.119019 10618.439453
v -92797.250000 1087.841797 10620.964844
v -80054.132812 3881.353027 10625.030273
v -67041.328125 3525.635742 10598.333984
v -54187.773438 3093.909912 10595.387695
v -41379.632812 2900.642334 10595.486328
v -28575.660156 2983.747070 10588.755859
v -15732.611328 3730.802246 10573.171875
v -2852.194092 3689.588867 10558.029297
v 9979.905273 3515.559570 10563.109375
v 22822.242188 3687.236328 10567.748047
v 35660.230469 3465.600586 10570.916016
v 48461.109375 3720.136719 10572.975586
v 61324.109375 4249.095215 10595.555664
v 74208.664062 4264.630371 10618.321289
v 87085.015625 4089.243164 10643.303711
v 100032.546875 3419.945312 10712.307617
v 112771.281250 1210.867432 10653.632812
v 125548.531250 138.681900 10618.073242
v 138059.015625 4834.728027 10531.371094
v 151176.890625 4208.712891 10715.965820
v 164027.437500 4967.199219 10686.221680
v 176902.718750 5474.328613 10529.096680
v 189857.046875 6166.625977 10489.224609
v 202679.531250 4596.398438 10544.499023
v 215472.750000 4423.442383 10599.627930
v 228314.687500 4134.216797 10643.319336
v 241146.890625 4012.308838 10649.086914
v 253981.046875 3820.196045 10639.875977
v 266801.750000 3820.840820 10628.715820
v 279618.687500 3956.924316 10604.583984
v 292458.968750 4289.763184 10583.414062
v 305296.062500 4485.627441 10571.124023
v 318097.781250 4811.749512 10585.354492
v 330905.656250 5516.004883 10624.008789
v 343871.125000 6234.013672 10606.800781
v 356695.562500 5404.601562 10594.984375
v 369486.062500 6238.983398 10598.113281
v 382458.812500 5936.860352 10570.594727
v 395345.781250 5455.376953 10604.190430
v -400931.625000 1543.705444 3146.573486
v -388088.218750 904.287964 3150.629639
v -375257.562500 221.313370 3135.314453
v -362415.875000 286.969238 3135.669922
v -349577.968750 -196.129318 3126.824707
v -336735.812500 32.529346 3129.691895
v -323894.375000 46.847404 3129.826416
v -311053.281250 203.875214 3130.603760
v -298211.250000 230.532944 3129.684326
v -285370.875000 129.993652 3129.203613
v -272545.375000 658.523438 3127.430664
v -259732.406250 1499.996338 3115.146973
v -246871.156250 2743.372559 3064.361572
v -233990.562500 2216.033203 3056.062500
v -221147.718750 2326.520508 3028.122803
v -208311.015625 1233.001587 3057.048828
v -195471.984375 1669.669556 3019.355713
v -182650.109375 1091.000488 3041.132080
v -169729.390625 2666.760986 2933.707275
v -156955.796875 0.000000 3129.378906
v -144114.343750 0.000000 3129.359375
v -131272.968750 0.000000 3129.367188
v -118433.914062 193.183685 3129.978760
v -105605.171875 743.381653 3138.829834
v -92805.164062 1311.558716 3147.338867
v -80015.593750 3650.081299 3115.712646
v -67047.734375 3474.627930 3104.000488
v -54189.097656 3260.434326 3126.931152
v -41372.972656 2726.364746 3121.774902
v -28571.814453 3032.322266 3106.432373
v -15716.222656 3400.208008 3079.016846
v -2853.655029 3255.323975 3073.985840
v 9972.666016 3259.694580 3085.911133
v 22822.951172 3534.561523 3087.901123
v 35658.339844 3354.964355 3092.520020
v 48452.230469 3721.342285 3101.983154
v 61301.898438 4249.433594 3124.057617
v 74216.656250 4340.914062 3126.441406
v 87065.125000 3813.981445 3120.101318
v 99982.000000 3964.608643 3194.358887
v 112815.507812 1786.796753 3187.169189
v 125553.250000 116.728531 3130.074707
v 138168.703125 2490.145264 3109.819580
v 151027.250000 6991.608398 3229.105469
v 164146.531250 5467.163086 3193.184814
v 176968.625000 5179.159180 3032.736084
v 189818.312500 4334.863281 2994.373535
v 202621.781250 4101.351074 3084.234375
v 215449.546875 4317.878418 3158.701660
v 228307.062500 4312.431152 3167.950195
v 241153.171875 4092.255615 3163.640381
v 253985.796875 3919.921631 3152.959473
v 266807.718750 3857.141602 3145.949707
v 279631.343750 3925.933105 3138.760742
v 292465.156250 4197.872559 3127.009766
v 305299.343750 4391.770508 3123.442627
v 318087.312500 4680.039062 3122.966553
v 330895.062500 5867.749512 3107.440430
v 343893.875000 6084.524414 3090.695801
v 356683.843750 5335.945312 3094.972656
v 369508.531250 6433.624023 3063.749023
v 382466.750000 5822.490234 3044.196533
v 395292.406250 5370.254395 3094.747314
v -400942.468750 1418.389160 -4362.960938
v -388091.031250 1602.295410 -4341.481934
v -375251.625000 1131.958740 -4328.479492
v -362407.312500 802.085510 -4335.838867
v -349576.843750 18.710251 -4361.068359
v -336736.468750 185.185715 -4358.832031
v -323894.906250 328.753967 -4356.992188
v -311052.187500 293.129333 -4358.933594
v -298210.687500 224.386688 -4361.052246
v -285370.843750 117.224174 -4361.349121
v -272544.312500 613.790833 -4359.242188
v -259737.921875 1942.748535 -4354.292969
v -246849.281250 1984.968628 -4364.901855
v -233988.312500 1768.678223 -4379.084473
v -221145.515625 1544.747437 -4380.664062
v -208307.390625 1179.106079 -4374.533691
v -195475.000000 692.614319 -4371.107422
v -182635.828125 575.736694 -4378.330078
v -169796.734375 41.994480 -4363.080078
v -156955.796875 0.000000 -4361.453125
v -144114.375000 0.000000 -4361.468750
v -131272.937500 0.000000 -4361.457031
v -118436.507812 323.441040 -4359.028320
v -105617.812500 956.700684 -4343.965820
v -92838.281250 2412.248291 -4308.562500
v -79968.523438 3056.868164 -4323.012695
v -67059.671875 3296.305176 -4343.694336
v -54182.894531 3284.474121 -4356.524414
v -41365.796875 2635.254639 -4373.099609
v -28561.828125 2904.139160 -4389.560059
v -15706.773438 3022.297363 -4397.459961
v -2856.262207 2967.928467 -4399.515625
v 9970.210938 3117.383301 -4404.112793
v 22822.496094 3206.913574 -4404.408203
v 35658.812500 3065.337891 -4403.759766
v 48450.343750 3354.512207 -4407.132324
v 61280.675781 4274.104980 -4393.825684
v 74223.578125 4387.380371 -4371.698730
v 87067.953125 3714.637207 -4379.496094
v 99904.890625 3687.663330 -4336.324219
v 112912.125000 3518.410645 -4278.297852
v 125554.203125 104.405479 -4357.369141
v 138101.484375 3470.528320 -4258.479980
v 151124.546875 5804.391602 -4489.577637
v 164145.093750 5277.417480 -4562.763184
v 176981.500000 5012.224609 -4426.587891
v 189776.359375 3985.551514 -4318.503418
v 202580.890625 4739.873535 -4254.777832
v 215445.437500 4659.297852 -4258.766602
v 228315.250000 4533.074219 -4276.223633
v 241160.984375 4315.248047 -4300.586914
v 253996.156250 4069.271973 -4321.641113
v 266806.000000 3922.157715 -4329.586914
v 279635.718750 4149.862793 -4326.452637
v 292477.656250 4163.468262 -4344.680664
v 305296.312500 4460.062500 -4358.582520
v 318091.531250 4786.905273 -4364.295898
v 330918.718750 5385.491211 -4387.107422
v 343888.531250 5959.441406 -4392.235352
v 356686.437500 5131.274414 -4384.168457
v 369534.218750 6093.363770 -4410.438477
v 382446.375000 4973.006836 -4398.620117
v 395256.968750 5339.580078 -4370.049316
v -400943.406250 1247.363281 -11860.968750
v -388103.281250 1361.758301 -11860.154297
v -375259.968750 1476.087769 -11846.836914
v -362395.843750 1686.813599 -11828.063477
v -349569.031250 539.140137 -11842.211914
v -336736.937500 374.640839 -11845.727539
v -323895.187500 755.717529 -11840.518555
v -311049.625000 487.204773 -11846.500000
v -298209.937500 241.979156 -11850.886719
v -285370.718750 98.369774 -11852.134766
v -272550.125000 859.949585 -11853.922852
v -259729.984375 1675.394043 -11859.083984
v -246852.484375 2748.288818 -11848.134766
v -233983.312500 1777.272461 -11841.394531
v -221145.218750 1714.234131 -11842.901367
v -208313.421875 1044.454956 -11838.822266
v -195469.437500 1011.932007 -11834.746094
v -182630.015625 528.506714 -11848.304688
v -169796.500000 82.729919 -11852.185547
v -156955.796875 0.000000 -11852.308594
v -144114.375000 0.000000 -11852.289062
v -131272.968750 0.000000 -11852.277344
v -118441.679688 462.347015 -11847.267578
v -105630.546875 1332.343994 -11834.327148
v -92834.882812 2602.724365 -11838.642578
v -79973.554688 3769.434814 -11839.248047
v -67044.007812 3840.823730 -11852.417969
v -54182.171875 3223.024658 -11863.405273
v -41359.179688 2662.167480 -11858.813477
v -28549.847656 2534.388428 -11871.796875
v -15707.877930 3009.889648 -11885.833984
v -2854.070068 2749.933838 -11882.672852
v 9973.139648 2741.093750 -11886.629883
v 22814.056641 3026.736328 -11879.124023
v 35660.019531 2882.363770 -11864.013672
v 48468.085938 3106.797363 -11890.136719
v 61282.148438 3906.880127 -11945.416016
v 74213.914062 4497.474121 -11956.532227
v 87060.882812 3486.639893 -11902.188477
v 99864.765625 3731.729004 -11870.807617
v 112901.742188 3614.671387 -11836.282227
v 125550.601562 248.452087 -11849.838867
v 137962.093750 6258.680176 -11803.625977
v 151252.437500 3774.259766 -11872.769531
v 164125.421875 4814.734375 -11971.454102
v 176912.328125 3976.035156 -11933.225586
v 189714.093750 5444.161621 -11843.697266
v 202585.156250 4712.728516 -11806.844727
v 215430.281250 5362.038086 -11779.457031
v 228317.437500 4910.661133 -11745.400391
v 241173.890625 4664.928711 -11746.069336
v 254015.078125 4283.956543 -11782.323242
v 266814.062500 4018.935547 -11822.401367
v 279636.093750 4456.652344 -11839.013672
v 292486.968750 4240.244141 -11839.994141
v 305294.968750 4381.077148 -11838.337891
v 318094.531250 4759.010742 -11831.581055
v 330953.968750 5632.265137 -11877.448242
v 343867.750000 5765.226562 -11912.045898
v 356687.875000 5436.996582 -11884.886719
v 369548.000000 5888.300293 -11893.708984
v 382445.343750 5609.879883 -11901.098633
v 395248.781250 5221.788086 -11901.026367
v -400942.250000 1143.748047 -19352.484375
v -388104.468750 1209.554688 -19354.046875
v -375263.875000 1324.614624 -19358.398438
v -362409.062500 1367.484131 -19351.341797
v -349569.218750 854.103760 -19333.923828
v -336736.218750 755.980957 -19329.970703
v -323892.281250 977.833069 -19334.259766
v -311046.468750 759.180237 -19340.253906
v -298207.812500 425.148285 -19341.955078
v -285370.593750 114.983215 -19343.126953
v -272544.218750 662.675903 -19344.511719
v -259726.093750 1562.885620 -19348.496094
v -246858.671875 2087.693115 -19350.837891
v -233982.203125 2171.571533 -19341.271484
v -221149.234375 1557.877930 -19332.179688
v -208314.718750 1570.980469 -19330.349609
v -195454.093750 1833.965088 -19337.062500
v -182629.500000 505.065125 -19341.277344
v -169795.687500 175.059082 -19342.080078
v -156955.796875 0.000000 -19343.128906
v -144114.343750 0.000000 -19343.109375
v -131272.937500 0.000000 -19343.136719
v -118448.609375 606.110840 -19338.140625
v -105640.078125 2020.874512 -19329.601562
v -92797.062500 2024.074585 -19364.095703
v -79967.296875 3559.951172 -19434.414062
v -67044.812500 3196.862305 -19422.730469
v -54201.332031 2966.724121 -19384.414062
v -41359.429688 2847.568359 -19356.414062
v -28537.781250 2428.097900 -19359.214844
v -15707.627930 2609.615234 -19371.796875
v -2856.086914 2597.051758 -19367.625000
v 9974.009766 2615.425537 -19361.748047
v 22807.597656 2704.675781 -19360.154297
v 35656.542969 3243.463379 -19358.830078
v 48491.355469 2891.618164 -19364.712891
v 61315.882812 3195.691162 -19405.859375
v 74193.875000 3433.466309 -19428.087891
v 87038.539062 3221.704346 -19393.777344
v 99854.554688 3478.610840 -19374.554688
v 112880.187500 3685.664062 -19348.570312
v 125552.976562 658.628296 -19358.457031
v 138129.625000 3672.294434 -19511.861328
v 151215.171875 6035.731445 -19435.031250
v 164151.906250 3828.861816 -19337.203125
v 176869.125000 3988.886230 -19344.845703
v 189689.093750 4449.480469 -19302.033203
v 202570.625000 5080.465332 -19248.734375
v 215422.734375 4966.418457 -19233.558594
v 228325.796875 5617.488770 -19254.746094
v 241188.281250 5103.346680 -19291.562500
v 254026.437500 4823.971680 -19289.269531
v 266828.656250 4072.170410 -19294.562500
v 279637.812500 4209.374512 -19301.601562
v 292481.468750 4342.841797 -19292.427734
v 305296.843750 4477.854492 -19287.277344
v 318103.781250 5049.444824 -19315.835938
v 331014.687500 5498.250977 -19392.603516
v 343846.218750 4799.419922 -19411.451172
v 356689.625000 5781.995605 -19413.533203
v 369585.718750 5046.931152 -19469.353516
v 382439.125000 5343.794922 -19532.123047
v 395229.843750 4318.266602 -19462.992188
v -400942.031250 1002.778564 -26841.582031
v -388102.562500 1010.550964 -26843.691406
v -375261.500000 1065.898682 -26846.826172
v -362417.781250 1128.929077 -26844.601562
v -349576.781250 1163.181519 -26834.179688
v -336735.093750 1300.420166 -26825.777344
v -323888.062500 890.940308 -26830.398438
v -311046.343750 650.367371 -26835.246094
v -298208.593750 348.298950 -26834.964844
v -285370.718750 137.523499 -26833.839844
v -272544.843750 654.299072 -26830.541016
v -259732.281250 1730.253662 -26815.310547
v -246860.250000 2324.988281 -26803.447266
v -233983.968750 2010.483032 -26816.500000
v -221151.000000 1800.005859 -26822.576172
v -208308.453125 1692.371338 -26828.746094
v -195467.156250 850.578674 -26833.593750
v -182630.968750 699.871948 -26826.404297
v -169794.281250 443.783691 -26823.103516
v -156955.781250 0.000000 -26833.929688
v -144114.375000 0.000000 -26833.945312
v -131274.250000 125.520180 -26833.630859
v -118453.843750 690.554871 -26829.187500
v -105643.218750 1985.800049 -26796.136719
v -92769.718750 2074.814697 -26801.082031
v -79925.796875 2620.025391 -26858.156250
v -67059.718750 2826.875732 -26888.062500
v -54217.238281 2663.593750 -26870.802734
v -41368.500000 2707.474121 -26859.244141
v -28532.792969 2301.501709 -26848.345703
v -15704.523438 2434.670654 -26852.529297
v -2862.597412 2487.078613 -26850.136719
v 9970.075195 2426.806885 -26836.679688
v 22814.990234 2850.338379 -26844.453125
v 35655.945312 2604.288330 -26856.230469
v 48490.132812 3112.585938 -26847.484375
v 61339.812500 3058.299561 -26848.541016
v 74188.507812 3251.369385 -26865.021484
v 87025.835938 3124.289062 -26861.908203
v 99862.265625 3345.789307 -26875.267578
v 112826.562500 3395.978516 -26844.316406
v 125574.648438 863.930420 -26839.011719
v 138280.609375 1777.468994 -26904.304688
v 151063.984375 5247.766602 -27001.406250
v 164132.609375 4050.012939 -26789.117188
v 176834.703125 4270.937988 -26683.271484
v 189654.656250 5531.010254 -26595.712891
v 202557.718750 5588.817383 -26600.423828
v 215478.765625 6277.047852 -26681.830078
v 228365.250000 5503.371094 -26828.242188
v 241187.593750 4923.881348 -26864.865234
v 254005.593750 4695.505859 -26837.687500
v 266825.062500 4614.625977 -26798.677734
v 279642.062500 4644.603516 -26788.521484
v 292475.593750 4749.223633 -26798.113281
v 305302.406250 4926.934570 -26808.662109
v 318139.812500 5031.133789 -26850.343750
v 331041.875000 5356.383789 -26886.144531
v 343838.031250 4698.430176 -26881.335938
v 356704.125000 5708.968750 -26910.121094
v 369618.343750 4579.559570 -26919.128906
v 382425.375000 4197.009766 -26922.958984
v 395210.812500 4048.394775 -26915.078125
v -400941.781250 878.000305 -34326.324219
v -388100.593750 846.736023 -34328.250000
v -375259.187500 870.531799 -34332.835938
v -362419.593750 824.333130 -34335.148438
v -349579.437500 978.980103 -34338.375000
v -336737.812500 1016.629761 -34336.417969
v -323885.281250 1275.018921 -34330.785156
v -311046.937500 502.473328 -34325.710938
v -298209.062500 342.056824 -34325.457031
v -285370.968750 96.940765 -34324.382812
v -272552.437500 916.974731 -34316.003906
v -259732.843750 1856.723022 -34318.378906
v -246861.031250 2861.453613 -34333.175781
v -233977.234375 2297.780518 -34331.382812
v -221157.562500 1835.074707 -34319.335938
v -208311.859375 1838.319214 -34293.968750
v -195457.171875 1482.127930 -34290.542969
v -182635.187500 1002.853210 -34299.632812
v -169791.531250 1145.652832 -34293.878906
v -156932.312500 1225.114746 -34308.664062
v -144114.359375 0.000000 -34324.785156
v -131274.656250 153.603058 -34324.203125
v -118456.171875 693.809753 -34320.378906
v -105686.421875 2724.505127 -34285.507812
v -92754.046875 3380.869141 -34264.796875
v -79890.562500 2525.851074 -34312.765625
v -67062.039062 2528.848877 -34344.375000
v -54220.214844 2474.654297 -34350.070312
v -41377.296875 2426.549316 -34343.796875
v -28533.339844 2361.142090 -34336.976562
v -15698.474609 2225.808594 -34341.765625
v -2868.646729 2287.534180 -34344.050781
v 9967.375977 2641.664795 -34345.988281
v 22822.207031 2792.056641 -34349.382812
v 35648.210938 2489.144531 -34331.394531
v 48485.218750 3029.056641 -34319.421875
v 61353.417969 3022.879395 -34332.187500
v 74191.570312 2929.126709 -34345.554688
v 87024.328125 2972.311035 -34349.832031
v 99877.828125 3140.172119 -34363.050781
v 112759.562500 2762.672119 -34327.972656
v 125636.929688 2394.974365 -34300.652344
v 138386.312500 278.212860 -34330.882812
v 150956.078125 5129.329102 -34523.484375
v 164036.640625 4234.687500 -34342.667969
v 176751.531250 5735.322266 -34164.890625
v 189642.125000 5817.869629 -34103.078125
v 202624.296875 7022.094238 -34167.714844
v 215561.640625 5961.578613 -34345.992188
v 228377.734375 5309.796875 -34376.203125
v 241180.406250 4883.464844 -34349.101562
v 253992.000000 4626.958008 -34340.031250
v 266815.875000 4569.067383 -34340.816406
v 279648.218750 4561.967285 -34345.101562
v 292481.000000 4609.205078 -34353.472656
v 305306.875000 4726.398438 -34356.718750
v 318168.093750 5059.721680 -34371.109375
v 331036.625000 4741.452637 -34378.996094
v 343841.250000 4840.819336 -34380.933594
v 356715.250000 4943.100586 -34392.660156
v 369613.937500 4682.295410 -34372.539062
v 382422.968750 4133.538086 -34343.675781
v 395206.125000 3939.831543 -34336.089844
v -400942.093750 920.633972 -41818.277344
v -388098.468750 962.109131 -41818.906250
v -375258.062500 628.524048 -41819.015625
v -362419.250000 663.233948 -41819.613281
v -349577.812500 647.146423 -41820.378906
v -336738.406250 717.533569 -41822.140625
v -323891.437500 857.458618 -41821.082031
v -311045.781250 591.708923 -41817.449219
v -298210.093750 223.316864 -41815.976562
v -285372.250000 147.286392 -41815.214844
v -272563.187500 1370.143799 -41809.148438
v -259716.578125 1723.820190 -41821.539062
v -246850.484375 2141.166748 -41848.406250
v -233985.000000 1942.753662 -41849.761719
v -221165.937500 1686.231934 -41836.199219
v -208326.156250 2434.399658 -41829.261719
v -195458.562500 1995.014893 -41799.031250
v -182647.171875 1131.440918 -41778.128906
v -169763.921875 2189.841064 -41744.007812
v -156951.843750 112.464714 -41815.468750
v -144114.375000 0.000000 -41815.597656
v -131277.375000 347.698456 -41814.148438
v -118460.484375 808.566406 -41811.695312
v -105682.992188 2473.539307 -41813.101562
v -92751.054688 3140.623047 -41815.539062
v -79872.109375 2662.701660 -41814.925781
v -67054.171875 2392.290771 -41825.765625
v -54220.390625 2329.655273 -41833.242188
v -41382.203125 2279.073730 -41830.644531
v -28535.960938 2316.859375 -41824.816406
v -15693.657227 2056.082520 -41823.433594
v -2866.179199 2083.489502 -41833.210938
v 9970.810547 2348.759766 -41842.339844
v 22814.955078 2203.003418 -41828.656250
v 35637.902344 2654.844482 -41816.105469
v 48491.613281 3258.651123 -41825.183594
v 61356.046875 2981.525879 -41829.078125
v 74193.531250 2890.345459 -41823.125000
v 87029.609375 2859.466309 -41831.238281
v 99879.593750 2974.688721 -41833.113281
v 112732.054688 2578.590088 -41820.183594
v 125650.554688 2701.781738 -41812.449219
v 138390.984375 432.816589 -41820.585938
v 151060.140625 2783.594238 -41880.550781
v 163935.453125 4505.925293 -41842.570312
v 176719.703125 5182.961914 -41735.042969
v 189630.625000 7423.038086 -41694.945312
v 202742.515625 6631.734863 -41841.117188
v 215573.406250 5669.337891 -41895.277344
v 228360.203125 5147.604492 -41858.664062
v 241171.406250 4784.061523 -41841.015625
v 253990.187500 4583.128418 -41831.730469
v 266817.312500 4483.464844 -41830.285156
v 279650.875000 4492.089844 -41833.156250
v 292485.812500 4516.648438 -41837.546875
v 305308.968750 4608.336914 -41845.996094
v 318176.625000 4885.978027 -41852.703125
v 331032.281250 4592.853516 -41846.613281
v 343843.031250 4656.376953 -41841.582031
v 356719.625000 4818.882324 -41842.140625
v 369594.281250 4347.012695 -41837.105469
v 382414.750000 4027.640137 -41822.589844
v 395205.718750 3938.212402 -41816.359375
v -400943.000000 758.843323 -49309.921875
v -388098.687500 797.433960 -49308.703125
v -375258.343750 571.730103 -49307.218750
v -362419.781250 658.554260 -49305.968750
v -349577.437500 700.846313 -49304.777344
v -336737.187500 630.805359 -49306.132812
v -323892.468750 961.098511 -49308.667969
v -311046.468750 557.819580 -49307.753906
v -298211.218750 78.689575 -49306.253906
v -285375.500000 324.863708 -49304.539062
v -272553.375000 1136.950317 -49305.667969
v -259709.437500 1899.109131 -49318.179688
v -246842.156250 2041.265259 -49327.445312
v -233991.781250 1596.745972 -49324.464844
v -221163.453125 1419.431641 -49328.460938
v -208326.437500 1540.388062 -49340.757812
v -195483.781250 1651.877441 -49325.648438
v -182675.187500 2208.247803 -49303.675781
v -169704.812500 3548.674561 -49311.953125
v -156950.906250 115.463196 -49306.593750
v -144114.406250 18.238733 -49306.394531
v -131277.437500 304.106750 -49305.687500
v -118467.460938 1002.155823 -49300.957031
v -105679.750000 2681.496094 -49300.316406
v -92759.593750 3311.714600 -49304.800781
v -79872.179688 2712.879395 -49292.675781
v -67042.695312 2263.713867 -49304.421875
v -54220.191406 2179.227051 -49318.015625
v -41383.042969 2146.266113 -49319.269531
v -28538.992188 2229.333984 -49319.312500
v -15691.928711 2171.796631 -49317.066406
v -2859.506592 1955.983276 -49319.640625
v 9968.597656 2091.101074 -49319.765625
v 22806.558594 2516.520020 -49316.742188
v 35648.480469 2703.363281 -49338.875000
v 48499.593750 2846.025879 -49363.136719
v 61342.308594 2729.309082 -49343.765625
v 74190.039062 3019.005615 -49322.167969
v 87036.351562 2693.558594 -49318.769531
v 99871.796875 2787.837402 -49317.253906
v 112729.632812 2863.764160 -49308.796875
v 125632.742188 2279.080078 -49303.953125
v 138395.500000 587.672668 -49308.496094
v 151037.078125 2900.499268 -49312.125000
v 163825.390625 4877.179199 -49186.546875
v 176704.671875 5748.480957 -49104.664062
v 189732.343750 7473.365234 -49239.058594
v 202789.468750 6151.671387 -49369.609375
v 215548.093750 5478.303711 -49358.289062
v 228351.421875 5029.966309 -49337.296875
v 241164.515625 4674.766113 -49328.007812
v 253986.484375 4529.757812 -49319.710938
v 266818.593750 4442.587891 -49317.148438
v 279652.750000 4419.727539 -49319.988281
v 292489.218750 4433.881836 -49324.589844
v 305317.093750 4488.927734 -49335.382812
v 318173.812500 4721.064941 -49340.773438
v 331023.093750 4517.617676 -49323.156250
v 343840.875000 4614.111328 -49309.414062
v 356720.812500 4785.343262 -49308.183594
v 369590.187500 4401.020996 -49304.726562
v 382400.531250 4115.301270 -49284.929688
v 395216.312500 3996.931885 -49285.593750
v -400943.812500 808.257324 -56800.089844
v -388099.093750 816.253113 -56799.191406
v -375259.281250 605.336426 -56796.953125
v -362419.687500 645.904541 -56796.250000
v -349577.031250 811.480957 -56798.195312
v -336736.281250 761.720337 -56799.367188
v -323891.625000 679.152893 -56801.261719
v -311047.156250 552.821899 -56801.339844
v -298211.468750 130.611069 -56797.781250
v -285380.718750 712.666809 -56800.476562
v -272548.875000 1207.397583 -56810.546875
v -259701.312500 1588.625122 -56825.097656
v -246843.828125 1647.498413 -56825.609375
v -233995.812500 1520.821045 -56814.425781
v -221158.765625 1328.898193 -56809.605469
v -208325.109375 1244.209351 -56808.523438
v -195490.031250 1389.536133 -56813.566406
v -182649.921875 1792.236938 -56857.585938
v -169758.640625 1659.436035 -56869.203125
v -156948.031250 267.489990 -56801.511719
v -144114.437500 29.898714 -56797.195312
v -131279.187500 383.848572 -56795.984375
v -118466.476562 1078.069824 -56800.558594
v -105665.023438 2718.060303 -56840.500000
v -92779.226562 2726.153809 -56826.046875
v -79876.101562 3321.070068 -56782.371094
v -67027.296875 2248.946289 -56790.812500
v -54218.820312 2092.897461 -56805.648438
v -41380.777344 2098.981445 -56810.851562
v -28538.970703 2016.478516 -56814.941406
v -15694.306641 1969.258423 -56813.925781
v -2858.247314 1821.615723 -56808.898438
v 9968.462891 1944.924805 -56810.757812
v 22813.908203 2316.416992 -56826.535156
v 35663.062500 2215.128662 -56837.289062
v 48496.507812 2222.955078 -56831.546875
v 61329.949219 2505.120361 -56820.507812
v 74186.859375 2826.761230 -56817.097656
v 87037.789062 2679.018066 -56815.117188
v 99873.921875 2712.799561 -56823.433594
v 112728.789062 2698.448730 -56835.246094
v 125624.437500 2596.703613 -56806.398438
v 138399.703125 690.168762 -56795.468750
v 151101.031250 1848.208008 -56799.074219
v 163640.406250 5792.137695 -56669.117188
v 176742.375000 7160.147461 -56581.199219
v 189869.046875 7431.109375 -56774.492188
v 202779.750000 5987.664062 -56842.546875
v 215540.375000 5399.341797 -56824.628906
v 228346.453125 4915.151855 -56822.851562
v 241160.156250 4600.996094 -56816.226562
v 253983.031250 4489.852539 -56811.277344
v 266818.218750 4412.385742 -56807.093750
v 279654.750000 4364.235840 -56807.015625
v 292491.718750 4382.247070 -56810.375000
v 305325.687500 4390.428711 -56818.246094
v 318169.406250 4488.602539 -56821.531250
v 331007.375000 4514.889648 -56802.792969
v 343841.625000 4654.029785 -56790.859375
v 356721.312500 4803.080078 -56794.195312
v 369579.250000 4325.083496 -56781.062500
v 382385.781250 4148.449707 -56759.628906
v 395230.656250 4503.709961 -56755.285156
v -400942.562500 742.805542 -64291.808594
v -388099.781250 597.009338 -64293.347656
v -375261.062500 631.903381 -64292.378906
v -362418.812500 814.688538 -64292.679688
v -349576.500000 564.719727 -64292.234375
v -336736.750000 577.769958 -64291.414062
v -323889.156250 789.154480 -64292.324219
v -311052.187500 70.682175 -64288.574219
v -298211.562500 120.691704 -64289.046875
v -285371.406250 139.023911 -64290.085938
v -272539.093750 787.993347 -64305.296875
v -259696.421875 1133.198853 -64313.515625
v -246849.203125 1295.033691 -64310.628906
v -234001.953125 1274.976929 -64301.105469
v -221159.859375 1116.182007 -64293.773438
v -208324.656250 1077.444580 -64293.132812
v -195485.390625 1526.411621 -64300.906250
v -182631.406250 1163.002319 -64304.679688
v -169785.562500 709.880066 -64298.261719
v -156950.781250 335.427856 -64289.976562
v -144114.406250 28.495026 -64288.074219
v -131281.343750 482.682434 -64287.152344
v -118460.445312 1141.064209 -64290.191406
v -105629.984375 1765.330200 -64305.152344
v -92802.109375 2624.441162 -64308.515625
v -79887.765625 3416.832031 -64290.996094
v -67017.867188 2215.510254 -64289.648438
v -54216.167969 2002.174316 -64296.156250
v -41378.804688 1946.734375 -64299.648438
v -28537.787109 1833.319702 -64300.667969
v -15696.425781 1848.182007 -64300.734375
v -2860.048828 1729.124268 -64297.503906
v 9973.455078 1909.500244 -64302.187500
v 22822.310547 2065.872314 -64312.878906
v 35663.765625 1889.931641 -64312.500000
v 48492.312500 2214.231201 -64315.933594
v 61327.648438 2494.066162 -64322.585938
v 74181.984375 2729.972656 -64319.035156
v 87034.890625 2452.944824 -64305.093750
v 99880.351562 2556.652344 -64305.160156
v 112731.437500 2118.955811 -64312.039062
v 125587.367188 1889.355957 -64306.910156
v 138407.562500 1588.190674 -64294.453125
v 151116.734375 1693.825073 -64303.078125
v 163504.609375 6108.137207 -64315.089844
v 176800.828125 7753.890625 -64266.945312
v 189937.390625 6757.683594 -64329.531250
v 202757.656250 6047.461426 -64340.351562
v 215540.687500 5260.319824 -64315.710938
v 228340.515625 4812.142090 -64308.957031
v 241158.562500 4547.683105 -64302.980469
v 253981.765625 4383.457031 -64303.238281
v 266816.062500 4393.719727 -64301.828125
v 279655.187500 4327.943848 -64298.738281
v 292491.281250 4328.829590 -64295.476562
v 305329.687500 4342.140625 -64293.667969
v 318167.531250 4402.556152 -64294.289062
v 330996.062500 4490.267090 -64290.132812
v 343844.343750 4801.875977 -64287.906250
v 356719.562500 4646.390625 -64288.101562
v 369563.500000 4589.282227 -64269.730469
v 382385.656250 4441.059570 -64263.816406
v 395247.437500 4520.310547 -64292.671875
v -400939.218750 718.974976 -71783.257812
v -388100.500000 278.628693 -71781.945312
v -375261.281250 450.893921 -71784.000000
v -362418.593750 472.353027 -71783.890625
v -349576.812500 465.514587 -71782.703125
v -336736.656250 528.679321 -71783.726562
v -323890.187500 633.161316 -71784.992188
v -311052.312500 73.373878 -71779.234375
v -298211.406250 89.024124 -71779.023438
v -285370.468750 92.494843 -71779.390625
v -272531.718750 340.995728 -71783.507812
v -259692.937500 670.845520 -71791.796875
v -246852.359375 987.390320 -71795.257812
v -234006.343750 1152.183228 -71791.140625
v -221162.062500 1193.356934 -71786.078125
v -208322.843750 1122.036499 -71785.437500
v -195483.203125 1066.785767 -71785.343750
v -182632.250000 1303.457764 -71777.539062
v -169783.781250 830.294983 -71775.710938
v -156952.140625 274.870850 -71779.312500
v -144114.359375 4.719352 -71778.906250
v -131281.843750 481.883850 -71777.156250
v -118459.156250 1203.968384 -71772.664062
v -105632.546875 2094.483398 -71768.640625
v -92800.359375 2399.121094 -71776.414062
v -79891.296875 3433.094971 -71785.710938
v -67015.882812 2223.245361 -71782.742188
v -54215.347656 1925.233521 -71780.507812
v -41377.921875 1854.395264 -71780.578125
v -28535.851562 1783.422974 -71784.164062
v -15696.906250 1649.562256 -71786.953125
v -2860.409424 1668.542358 -71788.546875
v 9978.776367 1754.086670 -71792.789062
v 22823.869141 1744.834229 -71794.625000
v 35663.617188 1751.682861 -71794.796875
v 48498.031250 1787.349243 -71800.109375
v 61332.378906 1954.195190 -71805.351562
v 74171.679688 2290.048828 -71796.234375
v 87031.187500 2602.507080 -71780.671875
v 99882.593750 2363.274658 -71779.671875
v 112741.320312 2472.332031 -71785.335938
v 125583.351562 1704.840942 -71792.421875
v 138405.421875 1210.034546 -71795.289062
v 151171.812500 1103.743652 -71810.742188
v 163534.109375 5408.743164 -72003.179688
v 176738.140625 7947.216797 -71970.101562
v 189951.890625 6637.149414 -71823.156250
v 202739.375000 5865.210938 -71806.742188
v 215535.125000 5141.020996 -71794.328125
v 228337.421875 4768.670898 -71787.671875
v 241158.500000 4502.753906 -71787.882812
v 253982.328125 4339.951172 -71788.437500
v 266814.593750 4291.641602 -71788.625000
v 279653.937500 4284.895508 -71787.078125
v 292489.125000 4291.431152 -71784.437500
v 305328.937500 4393.435059 -71781.328125
v 318168.281250 4378.882812 -71780.968750
v 330997.156250 4519.670898 -71788.695312
v 343842.031250 4685.040039 -71789.000000
v 356713.406250 4744.089355 -71773.242188
v 369554.093750 4414.235840 -71766.132812
v 382399.500000 4631.669434 -71780.320312
v 395256.437500 4269.669922 -71791.703125
v -400940.187500 328.729248 -79272.656250
v -388101.062500 204.661514 -79271.046875
v -375260.375000 200.003876 -79270.656250
v -362419.156250 375.121124 -79271.367188
v -349577.000000 298.584900 -79270.875000
v -336735.218750 329.801819 -79272.242188
v -323893.406250 188.733170 -79271.453125
v -311052.562500 84.298622 -79270.070312
v -298211.437500 58.335121 -79269.757812
v -285370.250000 83.595177 -79269.812500
v -272530.062500 217.912552 -79269.898438
v -259689.687500 315.697540 -79269.960938
v -246849.703125 628.353333 -79272.992188
v -234006.671875 944.723633 -79279.687500
v -221163.500000 856.884583 -79279.445312
v -208322.875000 1024.456543 -79278.781250
v -195484.265625 1019.263916 -79276.156250
v -182634.062500 1326.791260 -79281.453125
v -169778.718750 1050.686035 -79282.031250
v -156954.953125 71.238174 -79270.218750
v -144114.359375 0.000000 -79269.765625
v -131286.812500 726.938049 -79264.328125
v -118458.429688 1235.697144 -79263.507812
v -105632.164062 2113.822021 -79264.140625
v -92792.796875 2570.955811 -79273.984375
v -79884.945312 3333.707520 -79302.062500
v -67028.156250 2138.188232 -79280.781250
v -54221.339844 1983.652100 -79254.593750
v -41374.078125 1936.912109 -79250.585938
v -28531.257812 1734.163086 -79262.757812
v -15695.283203 1616.267700 -79270.500000
v -2865.387939 1560.829102 -79263.226562
v 9981.463867 1610.388672 -79254.656250
v 22830.617188 1648.328735 -79268.218750
v 35662.792969 1674.959839 -79278.250000
v 48498.660156 1701.429443 -79272.476562
v 61330.406250 1957.334717 -79266.804688
v 74162.765625 2288.495605 -79260.796875
v 87027.359375 2739.037109 -79253.140625
v 99886.906250 2324.337402 -79258.640625
v 112745.453125 2247.704102 -79272.523438
v 125583.554688 1472.697754 -79278.070312
v 138403.906250 1104.946045 -79273.585938
v 151193.718750 1050.531128 -79288.390625
v 163737.562500 3567.274414 -79427.640625
v 176600.968750 7260.107910 -79517.726562
v 189914.390625 6635.949219 -79310.023438
v 202739.015625 5780.241211 -79261.984375
v 215532.593750 5206.980469 -79268.156250
v 228339.625000 4737.402344 -79272.421875
v 241157.828125 4476.081055 -79274.687500
v 253982.437500 4299.956055 -79273.179688
v 266814.656250 4302.635742 -79273.335938
v 279652.875000 4255.047363 -79272.953125
v 292489.343750 4279.087891 -79274.078125
v 305328.125000 4321.477051 -79275.921875
v 318168.218750 4409.892578 -79274.609375
v 331001.250000 4424.253906 -79273.421875
v 343837.000000 4601.207520 -79271.015625
v 356703.812500 4789.883301 -79261.148438
v 369560.000000 4684.656250 -79261.914062
v 382413.312500 4542.141113 -79280.296875
v 395252.218750 4174.557617 -79284.312500
v -400942.531250 27.913208 -86760.671875
v -388101.281250 292.766113 -86762.007812
v -375260.312500 171.055435 -86761.312500
v -362419.437500 340.146332 -86761.281250
v -349576.593750 371.484955 -86761.390625
v -336734.656250 285.197998 -86761.765625
v -323894.000000 83.083359 -86760.851562
v -311052.843750 74.102280 -86760.671875
v -298211.406250 66.790688 -86760.609375
v -285370.187500 70.578644 -86760.625000
v -272530.593750 265.560730 -86760.500000
v -259692.437500 744.967285 -86759.953125
v -246847.046875 817.725647 -86763.851562
v -234004.734375 642.540283 -86766.914062
v -221163.906250 805.750366 -86769.695312
v -208323.062500 706.791870 -86768.679688
v -195482.250000 964.610840 -86775.703125
v -182631.203125 980.068542 -86783.500000
v -169793.671875 253.136200 -86765.898438
v -156955.781250 0.000000 -86760.593750
v -144116.437500 154.937561 -86759.546875
v -131288.781250 868.507263 -86754.007812
v -118456.117188 1401.687134 -86758.820312
v -105628.328125 2073.144531 -86773.171875
v -92778.421875 2646.746582 -86798.812500
v -79884.164062 2710.827148 -86814.031250
v -67051.531250 1964.851562 -86779.492188
v -54239.656250 2387.205811 -86739.265625
v -41368.179688 2335.073730 -86720.078125
v -28521.507812 1843.364258 -86738.929688
v -15690.875000 1654.429321 -86754.992188
v -2868.428467 1527.062988 -86763.859375
v 9982.882812 2664.150635 -86774.492188
v 22836.603516 1476.668579 -86769.492188
v 35659.230469 1520.999146 -86765.835938
v 48493.671875 1754.706543 -86757.125000
v 61325.402344 2009.609375 -86745.945312
v 74156.367188 2439.860107 -86731.250000
v 87018.937500 2833.591309 -86709.031250
v 99905.171875 2657.657715 -86723.171875
v 112761.882812 2368.441162 -86762.828125
v 125578.750000 1429.433838 -86764.000000
v 138402.515625 1016.340271 -86758.976562
v 151203.734375 1248.969238 -86770.710938
v 163857.562500 2689.176270 -86840.039062
v 176517.953125 6633.167969 -86987.656250
v 189829.890625 6860.479004 -86838.390625
v 202747.578125 5820.097656 -86751.281250
v 215532.765625 5216.790039 -86758.492188
v 228340.453125 4709.606934 -86756.265625
v 241157.421875 4458.933594 -86755.414062
v 253983.968750 4319.867676 -86758.992188
v 266815.531250 4255.514160 -86762.789062
v 279651.812500 4250.481445 -86762.671875
v 292490.562500 4281.664062 -86761.695312
v 305327.781250 4294.785645 -86761.468750
v 318165.625000 4370.831543 -86757.804688
v 330995.718750 4467.881836 -86744.976562
v 343837.625000 4670.180664 -86738.867188
v 356707.531250 4782.195801 -86756.343750
v 369567.250000 4623.758301 -86774.523438
v 382418.531250 4425.797852 -86778.570312
v 395249.875000 4123.632812 -86778.617188
v -400940.093750 316.187622 -94252.906250
v -388101.375000 -95.724060 -94251.203125
v -375260.218750 75.266670 -94251.500000
v -362419.187500 270.497894 -94252.109375
v -349576.406250 315.929871 -94252.812500
v -336735.375000 77.602859 -94251.718750
v -323894.156250 56.710949 -94251.523438
v -311052.843750 73.296349 -94251.468750
v -298211.406250 66.844528 -94251.429688
v -285370.062500 74.098007 -94251.507812
v -272529.468750 154.669830 -94252.554688
v -259689.921875 491.414215 -94258.210938
v -246846.187500 470.897003 -94257.351562
v -234004.468750 484.868286 -94255.562500
v -221163.765625 452.534790 -94254.445312
v -208322.296875 598.956909 -94255.437500
v -195478.718750 554.189880 -94258.078125
v -182635.625000 331.523346 -94256.296875
v -169797.203125 0.000000 -94251.406250
v -156955.875000 17.395018 -94251.359375
v -144119.843750 372.773071 -94248.703125
v -131288.531250 1056.081177 -94248.296875
v -118449.351562 1341.096436 -94256.734375
v -105615.523438 1766.212646 -94270.421875
v -92761.218750 2250.137695 -94294.187500
v -79894.765625 2157.804688 -94291.796875
v -67069.187500 1855.570923 -94267.054688
v -54262.726562 2281.290039 -94236.664062
v -41371.484375 2960.549316 -94192.031250
v -28502.798828 1986.268555 -94221.609375
v -15681.361328 1846.553467 -94250.140625
v -2858.835449 1354.266968 -94268.070312
v 9983.470703 1470.848145 -94281.820312
v 22827.714844 1346.285889 -94265.718750
v 35651.765625 1513.173828 -94243.523438
v 48488.171875 1808.924072 -94227.671875
v 61319.929688 2197.729492 -94217.992188
v 74144.492188 2791.061035 -94202.992188
v 87019.093750 3293.345459 -94204.304688
v 99945.328125 3439.814941 -94244.500000
v 112746.898438 1570.271851 -94250.578125
v 125576.507812 1565.134033 -94242.726562
v 138410.906250 1236.354736 -94255.851562
v 151219.937500 935.669189 -94267.914062
v 163902.203125 2472.696289 -94322.367188
v 176556.125000 5156.531738 -94386.046875
v 189734.062500 6815.565430 -94307.093750
v 202753.578125 5823.825684 -94244.570312
v 215532.375000 5185.834961 -94248.406250
v 228338.437500 4798.528809 -94246.015625
v 241158.125000 4512.758789 -94243.289062
v 253986.328125 4339.746094 -94244.890625
v 266816.687500 4242.978516 -94247.007812
v 279651.437500 4254.565430 -94248.703125
v 292489.281250 4264.895996 -94246.968750
v 305325.343750 4309.753906 -94240.898438
v 318159.468750 4415.123047 -94229.843750
v 330990.281250 4522.150391 -94222.812500
v 343847.750000 4924.039062 -94235.898438
v 356719.625000 4744.335938 -94258.234375
v 369568.406250 4588.133301 -94262.664062
v 382413.968750 4327.224609 -94253.273438
v 395252.843750 4089.090332 -94251.250000
v -400943.093750 -99.560234 -101741.320312
v -388101.781250 162.195267 -101741.921875
v -375260.281250 219.143082 -101741.781250
v -362418.687500 201.924774 -101742.781250
v -349576.687500 210.324570 -101743.023438
v -336735.500000 71.284721 -101742.359375
v -323894.218750 52.258511 -101742.250000
v -311052.812500 44.060127 -101742.226562
v -298211.437500 60.761314 -101742.250000
v -285369.968750 60.466465 -101742.281250
v -272528.687500 58.858940 -101742.484375
v -259687.343750 52.060490 -101742.710938
v -246846.859375 327.334747 -101745.304688
v -234004.984375 420.454773 -101745.156250
v -221164.187500 457.213440 -101744.515625
v -208321.968750 622.036133 -101744.921875
v -195478.015625 470.232544 -101743.796875
v -182636.843750 249.764435 -101742.507812
v -169797.156250 0.000000 -101742.250000
v -156956.562500 92.342697 -101741.859375
v -144122.484375 613.328369 -101740.453125
v -131282.718750 946.765747 -101745.156250
v -118446.039062 1230.743042 -101750.078125
v -105609.343750 1742.395874 -101755.976562
v -92751.898438 1865.170654 -101764.546875
v -79904.226562 1756.826904 -101763.164062
v -67075.726562 1850.914429 -101759.218750
v -54270.300781 2303.496826 -101771.351562
v -41395.976562 3586.593750 -101770.625000
v -28482.873047 2433.785400 -101736.945312
v -15676.041016 1473.775146 -101745.156250
v -2853.067627 1402.703979 -101751.593750
v 9982.262695 1245.530884 -101747.070312
v 22819.113281 1336.644043 -101744.101562
v 35644.488281 1621.469238 -101741.757812
v 48471.656250 2477.129150 -101728.296875
v 61308.156250 2432.493408 -101702.445312
v 74135.304688 3148.664307 -101672.101562
v 87051.109375 3588.725098 -101701.484375
v 99933.367188 2581.186523 -101732.718750
v 112744.125000 2069.740234 -101717.328125
v 125597.148438 2184.121582 -101723.968750
v 138409.437500 635.978149 -101746.328125
v 151229.703125 713.290649 -101756.273438
v 163972.562500 1508.729004 -101776.484375
v 176486.500000 5241.906250 -101769.843750
v 189698.296875 6904.070312 -101698.281250
v 202764.921875 5900.949219 -101724.609375
v 215533.562500 5191.653320 -101739.703125
v 228334.031250 4767.150391 -101737.398438
v 241156.281250 4539.682617 -101730.585938
v 253985.875000 4372.874512 -101725.484375
v 266817.968750 4296.195312 -101724.835938
v 279653.187500 4271.871094 -101728.523438
v 292485.437500 4295.503906 -101726.726562
v 305318.687500 4402.589844 -101714.546875
v 318153.843750 4507.886719 -101704.484375
v 330999.906250 4817.862305 -101718.804688
v 343865.718750 4782.778809 -101753.382812
v 356722.718750 4681.786133 -101766.726562
v 369562.843750 4494.503906 -101757.882812
v 382409.812500 4415.615234 -101749.562500
v 395258.218750 4207.274414 -101751.546875
v -400942.593750 -106.477432 -109233.335938
v -388102.062500 229.837280 -109232.789062
v -375259.843750 136.133881 -109233.312500
v -362418.531250 146.973801 -109233.414062
v -349576.906250 117.892029 -109233.273438
v -336735.656250 32.940022 -109233.070312
v -323894.281250 51.418713 -109233.062500
v -311052.875000 61.881557 -109233.078125
v -298211.406250 65.674576 -109233.031250
v -285370.000000 67.689987 -109233.070312
v -272528.562500 60.853569 -109233.078125
v -259687.218750 43.912086 -109233.156250
v -246846.062500 130.500809 -109233.843750
v -234004.687500 210.970673 -109234.968750
v -221163.687500 297.303955 -109236.289062
v -208322.093750 432.865570 -109237.726562
v -195479.078125 393.606262 -109236.101562
v -182636.968750 319.381714 -109234.164062
v -169797.125000 35.913540 -109233.031250
v -156957.234375 171.871277 -109232.828125
v -144120.437500 633.753601 -109235.578125
v -131279.484375 823.386536 -109239.750000
v -118444.109375 1085.379395 -109243.031250
v -105607.445312 1554.066895 -109245.242188
v -92749.898438 1748.180908 -109242.351562
v -79906.007812 1582.400757 -109241.765625
v -67072.492188 1726.061768 -109248.867188
v -54242.050781 1739.958252 -109276.484375
v -41406.351562 2271.913574 -109312.601562
v -28498.335938 2707.954346 -109286.570312
v -15672.323242 1416.061646 -109243.296875
v -2855.702148 1197.118896 -109239.750000
v 9980.998047 1213.950195 -109237.968750
v 22820.607422 1434.012695 -109243.140625
v 35650.675781 1384.636597 -109253.585938
v 48468.539062 2023.731934 -109265.195312
v 61275.023438 2739.246094 -109235.671875
v 74105.250000 3942.322998 -109162.898438
v 87069.500000 3783.550537 -109127.406250
v 99939.539062 3002.441895 -109143.328125
v 112754.382812 2498.805664 -109180.781250
v 125610.757812 1944.248535 -109221.718750
v 138416.296875 799.397583 -109235.664062
v 151236.640625 467.857849 -109238.890625
v 164013.921875 904.959595 -109251.914062
v 176418.984375 5356.145996 -109319.296875
v 189685.687500 7156.517578 -109280.390625
v 202768.078125 5881.516113 -109243.960938
v 215529.484375 5179.198242 -109228.820312
v 228326.921875 4827.479004 -109212.421875
v 241152.562500 4616.682617 -109200.656250
v 253986.234375 4487.593262 -109200.085938
v 266820.437500 4418.808594 -109205.117188
v 279656.375000 4362.817383 -109210.953125
v 292483.875000 4356.401367 -109215.695312
v 305309.406250 4561.241211 -109209.851562
v 318157.625000 4762.635254 -109212.281250
v 331023.031250 4832.850586 -109243.812500
v 343872.812500 4686.266602 -109260.968750
v 356719.312500 4559.206543 -109254.242188
v 369562.031250 4409.847168 -109255.984375
v 382409.843750 4347.272949 -109263.632812
v 395258.750000 3975.441650 -109263.523438
v -400943.031250 184.875580 -116723.078125
v -388101.468750 144.485565 -116723.875000
v -375259.875000 150.341019 -116724.085938
v -362418.500000 102.827415 -116723.960938
v -349576.937500 143.013153 -116723.937500
v -336735.656250 54.133564 -116723.898438
v -323894.250000 42.804604 -116723.875000
v -311052.812500 60.282440 -116723.890625
v -298211.468750 60.799011 -116723.906250
v -285369.968750 78.596214 -116723.890625
v -272528.562500 53.288624 -116723.890625
v -259687.171875 48.480618 -116723.921875
v -246845.734375 52.185455 -116724.015625
v -234004.343750 77.094513 -116724.226562
v -221162.984375 54.296577 -116724.257812
v -208321.656250 142.314926 -116725.140625
v -195479.875000 215.518402 -116725.796875
v -182638.375000 91.310913 -116724.429688
v -169797.328125 62.187626 -116723.875000
v -156957.437500 258.328522 -116723.265625
v -144116.750000 417.055084 -116724.765625
v -131277.234375 578.114868 -116727.039062
v -118441.156250 946.158936 -116731.218750
v -105606.023438 1302.448730 -116736.523438
v -92753.453125 1855.355591 -116737.203125
v -79909.250000 1418.381592 -116723.898438
v -67068.710938 1712.632446 -116717.515625
v -54219.660156 1546.774048 -116734.421875
v -41393.320312 1493.420654 -116761.500000
v -28528.365234 2123.497803 -116786.804688
v -15682.676758 1224.352905 -116743.820312
v -2858.854736 1129.064453 -116728.468750
v 9981.349609 1204.970581 -116725.601562
v 22825.308594 1083.990234 -116729.257812
v 35658.582031 1114.857178 -116736.023438
v 48479.062500 1521.415894 -116752.296875
v 61258.742188 2465.250244 -116769.039062
v 74061.171875 3888.244629 -116726.554688
v 87068.375000 4736.441895 -116662.625000
v 99964.460938 3732.980469 -116683.257812
v 112784.851562 3101.187256 -116710.164062
v 125625.234375 2105.865967 -116723.835938
v 138413.656250 634.078552 -116725.562500
v 151239.500000 305.122314 -116726.914062
v 164051.734375 463.604523 -116740.335938
v 176480.906250 4612.276367 -116993.812500
v 189588.671875 6735.999512 -116986.640625
v 202732.781250 5832.392090 -116769.773438
v 215519.046875 5214.527344 -116707.515625
v 228314.812500 4916.505859 -116685.554688
v 241152.343750 4859.273438 -116674.953125
v 253994.187500 4635.344238 -116688.960938
v 266819.875000 4552.887695 -116696.210938
v 279655.000000 4445.425293 -116687.703125
v 292483.343750 4452.245605 -116680.007812
v 305310.625000 4513.671875 -116685.453125
v 318179.031250 4893.433105 -116718.023438
v 331039.656250 4592.637695 -116752.210938
v 343869.406250 4513.199219 -116758.328125
v 356719.750000 4552.135742 -116760.429688
v 369565.843750 4325.081543 -116764.179688
v 382409.781250 4102.505371 -116763.726562
v 395258.468750 3945.675293 -116761.820312
v -400942.781250 128.508560 -124214.804688
v -388101.343750 141.917740 -124214.835938
v -375259.937500 102.993546 -124214.742188
v -362418.500000 115.061188 -124214.812500
v -349577.031250 108.510712 -124214.890625
v -336735.687500 41.138706 -124214.757812
v -323894.250000 50.823368 -124214.734375
v -311052.875000 56.570362 -124214.718750
v -298211.437500 63.296005 -124214.765625
v -285369.968750 64.073326 -124214.750000
v -272528.562500 52.367512 -124214.750000
v -259687.156250 50.779358 -124214.742188
v -246845.687500 39.868591 -124214.742188
v -234004.281250 29.705048 -124214.718750
v -221162.937500 67.063583 -124214.671875
v -208321.468750 63.845154 -124214.742188
v -195480.000000 39.733421 -124214.804688
v -182638.546875 69.814278 -124214.781250
v -169797.328125 25.276440 -124214.710938
v -156958.593750 484.522522 -124213.640625
v -144115.609375 386.346680 -124214.187500
v -131276.984375 687.006409 -124216.171875
v -118437.570312 788.684082 -124220.125000
v -105602.593750 1123.957764 -124227.226562
v -92758.421875 1450.934692 -124227.070312
v -79919.851562 1531.413452 -124210.101562
v -67074.039062 2124.749512 -124183.523438
v -54206.542969 1552.737915 -124192.234375
v -41374.781250 1228.380371 -124220.757812
v -28536.119141 1211.122192 -124239.984375
v -15695.160156 1019.772583 -124230.085938
v -2870.167969 1047.762207 -124207.101562
v 9979.193359 1300.216919 -124181.132812
v 22836.863281 1195.829468 -124196.187500
v 35663.687500 1033.062866 -124217.437500
v 48489.355469 1332.318726 -124229.632812
v 61282.980469 1674.570068 -124240.726562
v 74035.695312 4009.738770 -124291.812500
v 87050.031250 4602.254883 -124294.062500
v 99950.695312 3244.585449 -124240.023438
v 112786.015625 2836.498535 -124228.359375
v 125606.023438 1696.140869 -124213.148438
v 138426.281250 964.035034 -124212.453125
v 151238.281250 -8.154584 -124214.679688
v 164071.968750 210.313797 -124222.226562
v 176750.531250 1920.748657 -124337.054688
v 189435.828125 5945.858398 -124480.320312
v 202661.359375 5827.917480 -124245.070312
v 215514.515625 5310.485352 -124178.343750
v 228313.281250 5095.005859 -124189.359375
v 241165.359375 5121.416504 -124216.460938
v 253999.125000 4723.648926 -124230.593750
v 266809.468750 4574.851562 -124212.664062
v 279640.531250 4727.834961 -124178.195312
v 292477.968750 4691.328125 -124153.062500
v 305330.500000 5004.382812 -124172.093750
v 318207.781250 4818.994141 -124224.859375
v 331045.281250 4457.528320 -124247.554688
v 343870.906250 4454.639648 -124254.601562
v 356721.218750 4252.467285 -124258.328125
v 369564.843750 4049.598389 -124256.164062
v 382410.156250 3975.406006 -124256.773438
v 395255.062500 3623.320557 -124254.015625
v -400942.781250 133.085281 -131705.593750
v -388101.406250 124.300499 -131705.609375
v -375259.968750 139.106033 -131705.609375
v -362418.468750 103.889984 -131705.625000
v -349577.156250 32.609478 -131705.593750
v -336735.687500 28.283430 -131705.562500
v -323894.250000 46.911003 -131705.531250
v -311052.812500 62.493446 -131705.546875
v -298211.406250 52.763611 -131705.562500
v -285370.000000 50.316826 -131705.578125
v -272528.593750 44.056385 -131705.578125
v -259687.156250 39.064613 -131705.562500
v -246845.703125 43.510010 -131705.546875
v -234004.359375 53.851925 -131705.546875
v -221163.015625 124.010757 -131705.531250
v -208321.406250 162.934540 -131705.468750
v -195479.953125 71.567329 -131705.500000
v -182638.656250 79.886597 -131705.515625
v -169797.625000 95.479980 -131705.640625
v -156957.937500 368.556702 -131706.375000
v -144116.031250 503.189117 -131706.187500
v -131275.171875 506.825562 -131705.718750
v -118435.023438 682.719238 -131707.234375
v -105597.585938 876.281494 -131711.562500
v -92762.820312 1304.122192 -131714.250000
v -79926.882812 1671.126709 -131713.875000
v -67088.406250 2212.460693 -131705.000000
v -54198.644531 2495.541748 -131672.343750
v -41356.757812 1270.315796 -131691.906250
v -28534.101562 885.505615 -131709.218750
v -15700.287109 805.153442 -131711.984375
v -2879.904053 951.601257 -131707.671875
v 9932.841797 3073.947754 -131638.296875
v 22852.443359 1395.486816 -131651.406250
v 35676.980469 948.174805 -131689.796875
v 48493.789062 1147.299805 -131707.421875
v 61290.714844 1704.888794 -131721.437500
v 74087.031250 3457.747070 -131808.046875
v 87009.437500 3468.814941 -131805.453125
v 99921.281250 4104.340332 -131703.750000
v 112772.437500 2452.357178 -131654.031250
v 125623.070312 2308.872070 -131661.984375
v 138436.453125 1012.952026 -131701.812500
v 151233.328125 -305.403503 -131702.859375
v 164081.609375 -84.440567 -131704.015625
v 176844.234375 1005.976074 -131743.218750
v 189354.234375 4968.948242 -131862.609375
v 202558.859375 6272.590820 -131676.875000
v 215546.656250 5312.391602 -131644.187500
v 228336.093750 5312.526367 -131727.265625
v 241181.656250 4715.274414 -131765.718750
v 253983.984375 4472.929688 -131757.187500
v 266785.343750 4515.337402 -131710.359375
v 279617.750000 4752.171875 -131662.812500
v 292486.593750 5036.238770 -131662.937500
v 305361.187500 5010.613281 -131709.265625
v 318219.718750 4594.648926 -131731.437500
v 331048.562500 4376.062012 -131735.500000
v 343873.375000 4138.001953 -131738.906250
v 356721.000000 4176.022461 -131739.578125
v 369564.875000 3915.865723 -131739.125000
v 382408.875000 3762.271484 -131738.156250
v 395250.250000 3450.656738 -131728.890625
v -400942.781250 153.563416 -139196.562500
v -388101.375000 100.479599 -139196.562500
v -375259.937500 96.636765 -139196.593750
v -362418.406250 110.842499 -139196.578125
v -349577.093750 36.975800 -139196.406250
v -336735.656250 34.096962 -139196.375000
v -323894.281250 50.784748 -139196.390625
v -311052.843750 46.915344 -139196.375000
v -298211.406250 40.190422 -139196.375000
v -285369.968750 52.545551 -139196.375000
v -272528.562500 35.938782 -139196.375000
v -259687.140625 45.631916 -139196.375000
v -246845.718750 43.222118 -139196.390625
v -234004.281250 43.148472 -139196.421875
v -221162.906250 59.534016 -139196.546875
v -208321.437500 74.467293 -139196.562500
v -195480.000000 82.722443 -139196.546875
v -182638.609375 67.487717 -139196.500000
v -169797.343750 38.855434 -139196.421875
v -156957.531250 305.793854 -139196.765625
v -144115.765625 383.296906 -139197.140625
v -131276.015625 680.645874 -139197.796875
v -118434.250000 755.171265 -139198.171875
v -105595.070312 826.741821 -139200.437500
v -92760.656250 1052.189209 -139205.468750
v -79923.171875 1627.277466 -139217.171875
v -67084.679688 1582.864746 -139225.500000
v -54217.855469 2579.899414 -139235.531250
v -41344.710938 1710.855835 -139200.125000
v -28530.310547 829.400879 -139195.578125
v -15702.814453 680.481323 -139194.718750
v -2874.740967 908.119568 -139200.750000
v 9942.386719 1585.303223 -139229.703125
v 22874.427734 4037.928223 -139232.531250
v 35684.734375 897.791626 -139186.859375
v 48494.492188 1272.638306 -139183.578125
v 61312.871094 1687.955078 -139208.375000
v 74135.109375 2654.925049 -139261.140625
v 86984.132812 2868.608643 -139263.328125
v 99856.976562 3752.496338 -139225.500000
v 112784.210938 3624.983154 -139171.984375
v 125650.820312 2766.933350 -139175.328125
v 138435.812500 861.551758 -139193.515625
v 151231.421875 -321.022400 -139195.234375
v 164087.296875 -386.782471 -139193.562500
v 176869.812500 710.158569 -139196.031250
v 189432.593750 3370.273682 -139148.375000
v 202473.656250 7448.689453 -139023.406250
v 215622.187500 5316.830566 -139146.203125
v 228371.234375 5183.062012 -139255.546875
v 241174.734375 4317.424805 -139255.687500
v 253963.890625 4325.000977 -139223.203125
v 266764.875000 4442.204102 -139200.015625
v 279601.656250 5230.639160 -139189.875000
v 292510.093750 5169.683594 -139206.796875
v 305375.562500 4816.573730 -139226.187500
v 318216.781250 4602.795898 -139222.500000
v 331051.125000 4229.550781 -139216.578125
v 343879.250000 4099.610352 -139227.312500
v 356720.500000 3983.392090 -139237.000000
v 369562.531250 3721.440918 -139231.250000
v 382405.937500 3615.837158 -139224.437500
v 395245.062500 3370.875244 -139218.031250
v -400942.750000 76.898315 -146687.359375
v -388101.343750 71.650459 -146687.375000
v -375259.968750 31.857815 -146687.281250
v -362418.500000 14.415951 -146687.250000
v -349577.125000 34.712040 -146687.250000
v -336735.656250 29.096546 -146687.203125
v -323894.250000 46.004894 -146687.218750
v -311052.843750 39.736053 -146687.218750
v -298211.437500 49.860764 -146687.234375
v -285370.000000 61.327545 -146687.234375
v -272528.593750 34.333630 -146687.234375
v -259687.125000 29.845577 -146687.218750
v -246845.718750 36.611614 -146687.234375
v -234004.312500 37.848152 -146687.218750
v -221162.906250 24.215488 -146687.234375
v -208321.468750 34.674160 -146687.250000
v -195480.046875 37.405571 -146687.265625
v -182638.625000 32.454922 -146687.265625
v -169797.234375 6.729117 -146687.218750
v -156957.531250 386.807129 -146688.531250
v -144115.515625 379.137939 -146689.359375
v -131275.062500 440.096130 -146689.921875
v -118433.351562 623.620789 -146691.312500
v -105593.406250 706.763916 -146692.468750
v -92757.054688 961.765320 -146697.453125
v -79917.312500 1232.471191 -146704.296875
v -67078.054688 1514.527100 -146714.000000
v -54227.890625 1568.896606 -146717.578125
v -41360.781250 1546.420654 -146703.359375
v -28527.070312 930.941772 -146690.296875
v -15703.444336 586.518616 -146690.265625
v -2871.687500 1713.260010 -146707.984375
v 9969.936523 1036.926270 -146724.078125
v 22823.722656 1553.114990 -146762.109375
v 35674.820312 1332.599243 -146715.265625
v 48493.210938 1806.785889 -146686.171875
v 61333.437500 1510.413452 -146694.843750
v 74154.890625 2130.839844 -146717.250000
v 86982.437500 2674.098877 -146738.593750
v 99855.500000 3521.589600 -146794.812500
v 112776.625000 3245.484131 -146829.218750
v 125616.835938 2307.747803 -146758.734375
v 138452.203125 1358.504395 -146694.703125
v 151224.187500 -494.685822 -146685.781250
v 164091.625000 -592.066101 -146681.109375
v 176835.453125 1122.766113 -146699.093750
v 189224.765625 5328.179688 -146753.968750
v 202456.359375 7598.749023 -146781.406250
v 215684.937500 5770.363281 -146741.031250
v 228382.593750 4480.615234 -146737.390625
v 241149.718750 4201.151855 -146720.234375
v 253952.156250 4272.186523 -146691.390625
v 266769.781250 4501.291016 -146704.093750
v 279611.187500 4856.906250 -146735.890625
v 292509.968750 5027.399414 -146732.156250
v 305374.468750 4620.075684 -146710.468750
v 318214.437500 4454.496582 -146710.984375
v 331054.875000 4195.674316 -146718.609375
v 343885.062500 3921.113770 -146723.468750
v 356717.343750 3656.914062 -146719.156250
v 369558.343750 3642.399414 -146712.687500
v 382403.562500 3421.752686 -146708.437500
v 395242.375000 3242.598877 -146706.281250
v -400942.781250 44.033466 -154178.140625
v -388101.437500 31.558315 -154178.109375
v -375259.937500 18.062620 -154178.062500
v -362418.531250 15.267004 -154178.046875
v -349577.062500 34.053627 -154178.015625
v -336735.718750 34.685734 -154178.046875
v -323894.250000 48.686253 -154178.046875
v -311052.843750 43.640865 -154178.031250
v -298211.375000 36.652317 -154178.031250
v -285369.968750 40.473053 -154178.046875
v -272528.531250 37.402767 -154178.031250
v -259687.156250 30.428724 -154178.062500
v -246845.750000 28.794657 -154178.062500
v -234004.312500 25.811211 -154178.031250
v -221162.890625 30.950504 -154178.046875
v -208321.468750 36.753632 -154178.031250
v -195480.062500 30.009342 -154178.062500
v -182638.625000 14.993143 -154178.062500
v -169797.218750 10.456953 -154178.062500
v -156956.359375 198.415588 -154179.031250
v -144114.656250 110.369583 -154178.781250
v -131275.031250 491.744354 -154181.812500
v -118432.679688 486.663330 -154182.437500
v -105592.226562 570.579407 -154184.203125
v -92753.437500 717.298462 -154187.281250
v -79914.546875 957.907776 -154191.562500
v -67073.039062 1179.079834 -154195.218750
v -54229.750000 1407.215088 -154197.031250
v -41370.281250 1558.105713 -154192.125000
v -28530.777344 743.891602 -154180.765625
v -15699.905273 509.758423 -154183.421875
v -2860.357910 552.332092 -154190.203125
v 9980.413086 648.956299 -154192.062500
v 22820.917969 924.871887 -154195.375000
v 35660.074219 818.494141 -154192.015625
v 48494.453125 1384.936401 -154195.750000
v 61337.031250 1632.229736 -154193.953125
v 74162.984375 1898.083252 -154196.375000
v 86999.921875 2330.328613 -154216.859375
v 99889.640625 2706.842773 -154266.390625
v 112741.875000 1665.883545 -154234.671875
v 125571.015625 1163.776611 -154200.968750
v 138443.890625 1383.210693 -154193.375000
v 151220.031250 -582.394897 -154173.921875
v 164094.875000 -820.659912 -154172.125000
v 176898.359375 293.986115 -154180.234375
v 189478.625000 3059.847656 -154230.343750
v 202459.734375 6616.468262 -154362.015625
v 215642.765625 5422.178223 -154275.984375
v 228378.812500 4399.327637 -154206.437500
v 241128.203125 4100.026855 -154178.578125
v 253952.562500 4365.904785 -154171.531250
v 266786.343750 4431.519043 -154187.546875
v 279619.718750 4648.706055 -154198.781250
v 292495.156250 4840.250488 -154192.390625
v 305377.250000 4716.090820 -154190.156250
v 318221.406250 4377.519043 -154204.000000
v 331055.843750 3978.428711 -154209.750000
v 343882.187500 3703.674072 -154203.046875
v 356713.218750 3639.379639 -154195.062500
v 369557.812500 3494.850830 -154194.250000
v 382401.656250 3363.253174 -154194.140625
v 395240.906250 3171.221680 -154189.750000
v -400942.781250 9.275993 -161668.843750
v -388101.375000 3.882807 -161668.843750
v -375259.968750 16.977734 -161668.875000
v -362418.500000 22.342762 -161668.875000
v -349577.093750 27.262640 -161668.875000
v -336735.656250 34.999359 -161668.875000
v -323894.250000 35.917210 -161668.875000
v -311052.812500 40.829639 -161668.875000
v -298211.406250 41.268242 -161668.875000
v -285369.968750 34.760147 -161668.875000
v -272528.562500 40.734764 -161668.875000
v -259687.156250 25.348696 -161668.875000
v -246845.703125 30.119987 -161668.875000
v -234004.281250 24.083881 -161668.875000
v -221162.875000 20.108202 -161668.875000
v -208321.437500 29.427231 -161668.875000
v -195480.062500 12.050575 -161668.875000
v -182638.625000 1.355655 -161668.875000
v -169797.171875 -0.542023 -161668.875000
v -156956.093750 108.172066 -161669.031250
v -144114.656250 181.007416 -161669.187500
v -131273.218750 134.290375 -161669.625000
v -118432.085938 285.641327 -161671.281250
v -105590.828125 330.268616 -161672.093750
v -92751.078125 435.087219 -161674.062500
v -79911.773438 737.014771 -161680.062500
v -67070.937500 918.981201 -161685.593750
v -54228.257812 1074.392212 -161690.968750
v -41377.292969 1109.921387 -161691.359375
v -28534.562500 945.204590 -161676.687500
v -15698.126953 439.773682 -161667.281250
v -2858.030518 417.530823 -161668.828125
v 9980.576172 473.511017 -161671.968750
v 22821.656250 738.713440 -161674.687500
v 35660.023438 723.537903 -161674.656250
v 48495.445312 1284.511108 -161682.562500
v 61339.652344 1244.938843 -161685.906250
v 74165.320312 1720.729126 -161692.203125
v 87008.734375 2314.687988 -161698.343750
v 99883.656250 2160.143311 -161671.234375
v 112724.117188 1450.548096 -161641.171875
v 125587.000000 2169.407715 -161626.484375
v 138412.953125 484.098053 -161663.937500
v 151229.781250 -262.452332 -161670.390625
v 164091.046875 -1242.587280 -161653.781250
v 176835.500000 1108.216187 -161700.781250
v 189335.562500 4919.109375 -161812.062500
v 202480.640625 5852.110840 -161845.781250
v 215595.453125 5509.743164 -161810.203125
v 228341.921875 4039.101807 -161705.281250
v 241117.546875 4383.242188 -161663.484375
v 253961.359375 4328.978027 -161667.703125
v 266791.656250 4432.036621 -161675.718750
v 279619.968750 4617.783203 -161674.843750
v 292487.593750 4907.280762 -161669.296875
v 305384.937500 4653.707520 -161672.906250
v 318226.250000 4122.623535 -161684.000000
v 331054.281250 3935.079346 -161685.562500
v 343880.031250 3577.729492 -161684.500000
v 356711.531250 3592.109619 -161687.109375
v 369558.187500 3413.938477 -161684.828125
v 382399.937500 3246.709717 -161682.656250
v 395238.812500 3103.456055 -161680.578125
v -400942.781250 -6.731119 -169159.718750
v -388101.375000 -0.734603 -169159.718750
v -375259.937500 17.716066 -169159.718750
v -362418.531250 23.038603 -169159.718750
v -349577.093750 21.305975 -169159.703125
v -336735.687500 28.478508 -169159.703125
v -323894.250000 30.739845 -169159.718750
v -311052.875000 31.961620 -169159.718750
v -298211.437500 50.778545 -169159.703125
v -285369.968750 42.139416 -169159.703125
v -272528.531250 32.020508 -169159.687500
v -259687.125000 23.662603 -169159.703125
v -246845.687500 17.338043 -169159.718750
v -234004.281250 20.219418 -169159.718750
v -221162.875000 25.377090 -169159.703125
v -208321.500000 30.953346 -169159.718750
v -195480.062500 12.444072 -169159.718750
v -182638.609375 1.050096 -169159.703125
v -169797.187500 0.272242 -169159.718750
v -156955.859375 42.252476 -169159.796875
v -144114.750000 227.958847 -169160.171875
v -131272.968750 143.620743 -169159.906250
v -118431.695312 221.736908 -169160.593750
v -105590.390625 189.173859 -169160.828125
v -92749.710938 286.733765 -169162.062500
v -79908.531250 409.721375 -169165.203125
v -67067.632812 432.650848 -169167.500000
v -54226.253906 720.936035 -169173.984375
v -41380.886719 592.994812 -169171.125000
v -28542.628906 325.233978 -169163.031250
v -15698.723633 1074.807373 -169157.687500
v -2856.134521 385.100220 -169158.843750
v 9981.447266 441.132294 -169160.828125
v 22822.347656 528.892456 -169161.859375
v 35661.468750 638.459045 -169163.593750
v 48499.984375 945.179382 -169167.578125
v 61339.511719 1093.961182 -169166.421875
v 74171.820312 1362.356445 -169167.984375
v 87012.304688 1909.924072 -169175.531250
v 99850.898438 2177.857666 -169146.093750
v 112721.835938 2985.692383 -169102.046875
v 125595.273438 1924.824097 -169129.265625
v 138435.781250 1465.617920 -169121.640625
v 151239.343750 25.112408 -169159.000000
v 164058.546875 -1262.690796 -169145.625000
v 177006.656250 -1245.914185 -169094.953125
v 189565.343750 2258.940430 -169307.515625
v 202489.031250 5311.422852 -169500.078125
v 215481.812500 4257.923340 -169310.859375
v 228300.265625 4181.143555 -169168.250000
v 241125.484375 4352.629883 -169148.656250
v 253963.625000 4266.118164 -169161.546875
v 266796.000000 4421.997559 -169164.656250
v 279626.250000 4535.718262 -169183.296875
v 292482.875000 4880.077637 -169193.500000
v 305381.812500 4734.312988 -169173.890625
v 318230.656250 4169.048340 -169161.093750
v 331051.687500 3827.306396 -169162.078125
v 343881.031250 3577.879395 -169160.468750
v 356714.218750 3385.746582 -169165.218750
v 369556.968750 3365.335449 -169170.406250
v 382399.718750 3172.786133 -169169.859375
v 395237.843750 3042.702637 -169169.906250
v -400942.781250 -12.473289 -176650.531250
v -388101.406250 0.000000 -176650.562500
v -375259.937500 8.330156 -176650.546875
v -362418.500000 14.077532 -176650.531250
v -349577.125000 31.321178 -176650.546875
v -336735.718750 32.958855 -176650.546875
v -323894.281250 33.548752 -176650.546875
v -311052.843750 26.869473 -176650.546875
v -298211.437500 37.334797 -176650.546875
v -285369.968750 28.420195 -176650.531250
v -272528.531250 20.828203 -176650.531250
v -259687.125000 42.273258 -176650.562500
v -246845.718750 15.161493 -176650.531250
v -234004.343750 15.970341 -176650.562500
v -221162.859375 4.011645 -176650.546875
v -208321.468750 8.745934 -176650.531250
v -195480.062500 4.900860 -176650.562500
v -182638.625000 3.375537 -176650.546875
v -169797.187500 6.413449 -176650.546875
v -156955.812500 -2.307402 -176650.546875
v -144114.515625 72.035988 -176650.812500
v -131272.937500 192.205048 -176651.359375
v -118431.492188 66.837944 -176650.812500
v -105590.218750 119.443756 -176651.109375
v -92748.929688 192.772247 -176651.843750
v -79907.476562 205.447754 -176652.343750
v -67066.343750 214.175812 -176652.859375
v -54224.964844 320.401123 -176654.843750
v -41382.707031 358.174561 -176654.328125
v -28543.949219 322.282684 -176653.062500
v -15701.398438 909.691162 -176658.031250
v -2856.149414 386.516296 -176651.937500
v 9981.858398 404.018951 -176650.546875
v 22822.404297 520.931213 -176650.593750
v 35662.812500 624.013550 -176651.484375
v 48501.437500 784.690979 -176653.156250
v 61336.085938 1092.134521 -176651.390625
v 74173.617188 1606.033447 -176651.875000
v 87018.312500 1787.263428 -176665.812500
v 99836.992188 2086.655762 -176682.859375
v 112707.687500 3066.322754 -176675.781250
v 125586.164062 1909.125854 -176629.125000
v 138424.859375 1761.575317 -176602.750000
v 151305.234375 1333.600220 -176616.062500
v 164017.765625 -1423.489990 -176654.265625
v 177029.046875 -1785.687256 -176621.953125
v 189490.828125 3030.438232 -176687.390625
v 202521.203125 2708.645020 -176635.781250
v 215414.750000 4130.117188 -176569.734375
v 228297.828125 4637.225586 -176580.187500
v 241142.406250 4265.265137 -176628.812500
v 253961.718750 4348.113281 -176641.984375
v 266809.406250 4445.916992 -176658.468750
v 279638.250000 4401.575195 -176682.390625
v 292482.812500 4543.933105 -176694.046875
v 305366.312500 4557.209473 -176687.250000
v 318221.375000 4229.409668 -176656.765625
v 331045.625000 3768.006836 -176630.171875
v 343886.093750 3711.420654 -176629.890625
v 356723.031250 3457.739502 -176647.921875
v 369557.875000 3304.088867 -176658.843750
v 382399.218750 3122.051758 -176659.812500
v 395237.468750 2982.151611 -176658.359375
v -400942.812500 -5.924418 -184141.375000
v -388101.406250 -0.486688 -184141.390625
v -375259.937500 5.544958 -184141.343750
v -362418.500000 21.772524 -184141.359375
v -349577.125000 0.000000 -184141.343750
v -336735.687500 24.499920 -184141.359375
v -323894.250000 22.836359 -184141.375000
v -311052.843750 20.512447 -184141.375000
v -298211.406250 30.483261 -184141.343750
v -285370.000000 17.249161 -184141.375000
v -272528.562500 25.020473 -184141.359375
v -259687.156250 23.871910 -184141.359375
v -246845.750000 43.016727 -184141.375000
v -234004.296875 7.714497 -184141.375000
v -221162.875000 14.833247 -184141.375000
v -208321.437500 11.299404 -184141.359375
v -195480.031250 -3.478617 -184141.359375
v -182638.578125 -4.793952 -184141.343750
v -169797.156250 9.303407 -184141.375000
v -156955.750000 11.424111 -184141.359375
v -144114.343750 25.593735 -184141.406250
v -131272.953125 4.853477 -184141.359375
v -118431.531250 52.127003 -184141.531250
v -105590.093750 34.601536 -184141.453125
v -92748.671875 42.760120 -184141.531250
v -79907.257812 29.233757 -184141.531250
v -67065.976562 127.206436 -184142.078125
v -54224.500000 97.630615 -184142.000000
v -41383.167969 127.764717 -184142.312500
v -28542.998047 288.866608 -184144.421875
v -15701.053711 434.108948 -184147.046875
v -2857.917969 468.409973 -184145.125000
v 9981.854492 369.927368 -184142.359375
v 22822.214844 576.827759 -184142.578125
v 35663.507812 594.473328 -184142.687500
v 48502.246094 755.320496 -184143.921875
v 61336.835938 1015.864258 -184148.609375
v 74178.757812 1591.523926 -184160.937500
v 87024.984375 1404.289551 -184162.109375
v 99849.625000 1677.348145 -184172.203125
v 112688.132812 2168.036621 -184172.781250
v 125562.414062 2822.859863 -184123.812500
v 138424.671875 2169.438477 -184100.468750
v 151336.703125 1787.600830 -184111.062500
v 163989.265625 -1622.872070 -184158.406250
v 177037.890625 -1886.775146 -184161.531250
v 189600.218750 1504.106934 -184081.734375
v 202402.750000 5629.583984 -183792.140625
v 215461.937500 5220.433105 -183937.015625
v 228342.203125 4878.420410 -184091.953125
v 241156.453125 4258.871094 -184145.109375
v 253965.375000 4522.039551 -184163.703125
v 266820.375000 4301.021973 -184171.828125
v 279637.562500 4251.768555 -184165.140625
v 292485.500000 4483.699219 -184158.140625
v 305363.531250 4375.214844 -184165.937500
v 318204.843750 4076.691406 -184163.046875
v 331040.906250 4150.168457 -184153.171875
v 343893.812500 3836.974609 -184152.750000
v 356728.406250 3379.864258 -184155.515625
v 369557.687500 3232.157227 -184154.203125
v 382397.406250 3066.875977 -184149.828125
v 395236.875000 2940.487793 -184147.156250
v -400942.781250 -3.756982 -191632.171875
v -388101.375000 1.568214 -191632.187500
v -375259.968750 0.321857 -191632.218750
v -362418.500000 14.826565 -191632.187500
v -349577.093750 25.714878 -191632.203125
v -336735.687500 19.999756 -191632.187500
v -323894.250000 27.832842 -191632.187500
v -311052.875000 26.288446 -191632.203125
v -298211.437500 18.408016 -191632.218750
v -285369.968750 20.361599 -191632.203125
v -272528.562500 39.296051 -191632.203125
v -259687.156250 14.629498 -191632.171875
v -246845.734375 11.812920 -191632.203125
v -234004.312500 13.584853 -191632.203125
v -221162.875000 9.659138 -191632.187500
v -208321.468750 3.254625 -191632.203125
v -195480.046875 -0.264880 -191632.203125
v -182638.593750 2.253552 -191632.203125
v -169797.218750 -8.148239 -191632.187500
v -156955.781250 1.526320 -191632.203125
v -144114.375000 0.000000 -191632.187500
v -131272.937500 0.000000 -191632.218750
v -118431.531250 0.000000 -191632.187500
v -105590.078125 1.799610 -191632.187500
v -92748.671875 8.582946 -191632.203125
v -79907.250000 12.763453 -191632.187500
v -67065.796875 1.258429 -191632.187500
v -54224.429688 100.149139 -191632.500000
v -41383.000000 52.184158 -191632.406250
v -28541.658203 54.047386 -191632.609375
v -15700.488281 169.152924 -191633.906250
v -2859.059814 174.644135 -191633.812500
v 9981.560547 363.035248 -191634.687500
v 22822.699219 416.614990 -191634.625000
v 35663.675781 561.388733 -191635.375000
v 48503.777344 680.692810 -191637.203125
v 61341.390625 853.720337 -191642.187500
v 74183.500000 1112.764404 -191647.875000
v 87024.093750 1167.192139 -191644.921875
v 99853.492188 1604.660889 -191644.250000
v 112685.539062 1893.056763 -191649.437500
v 125529.117188 2564.836426 -191638.953125
v 138433.078125 2562.810059 -191621.109375
v 151347.421875 1902.720459 -191631.953125
v 164033.750000 -824.618896 -191634.531250
v 177049.515625 -1973.630981 -191649.187500
v 189232.718750 4395.675781 -191595.453125
v 202423.281250 6120.276855 -191636.328125
v 215532.906250 5206.427246 -191694.546875
v 228357.984375 4943.571289 -191690.968750
v 241160.062500 4095.420410 -191665.093750
v 253970.562500 4244.127930 -191666.109375
v 266811.687500 4080.409424 -191650.187500
v 279628.031250 4173.657227 -191625.562500
v 292491.156250 4525.100098 -191625.140625
v 305371.218750 4260.696777 -191641.156250
v 318207.468750 3998.985107 -191660.750000
v 331038.781250 3729.503418 -191673.296875
v 343886.937500 3589.188232 -191663.531250
v 356726.156250 3292.368164 -191646.890625
v 369555.687500 3126.665527 -191641.671875
v 382395.843750 3044.668457 -191640.187500
v 395236.718750 2902.344238 -191639.562500
v -400942.812500 3.854887 -199123.046875
v -388101.375000 1.734027 -199123.046875
v -375259.937500 9.677410 -199123.031250
v -362418.531250 14.286873 -199123.031250
v -349577.125000 11.848562 -199123.015625
v -336735.687500 18.552134 -199123.015625
v -323894.281250 24.999544 -199123.031250
v -311052.875000 10.362686 -199123.031250
v -298211.406250 21.447491 -199123.031250
v -285369.968750 30.000004 -199123.031250
v -272528.500000 13.881708 -199123.015625
v -259687.187500 12.771835 -199123.031250
v -246845.687500 18.119631 -199123.015625
v -234004.343750 18.848619 -199123.031250
v -221162.890625 9.999878 -199123.046875
v -208321.468750 -1.677480 -199123.031250
v -195480.000000 0.090627 -199123.031250
v -182638.656250 0.055926 -199123.046875
v -169797.203125 6.773108 -199123.015625
v -156955.812500 6.882656 -199123.062500
v -144114.343750 0.000000 -199123.015625
v -131272.937500 0.000000 -199123.031250
v -118431.468750 0.000000 -199123.031250
v -105590.117188 16.506569 -199123.031250
v -92748.671875 90.383530 -199123.031250
v -79907.234375 0.000000 -199123.000000
v -67065.828125 0.000000 -199123.031250
v -54224.390625 1.207919 -199123.031250
v -41382.953125 0.000000 -199123.031250
v -28541.578125 0.000000 -199123.031250
v -15700.140625 0.000000 -199123.031250
v -2858.903564 86.074402 -199123.531250
v 9982.120117 180.127213 -199124.437500
v 22822.896484 316.739136 -199125.562500
v 35664.117188 438.389099 -199126.250000
v 48505.242188 471.980133 -199126.531250
v 61344.437500 632.566101 -199128.171875
v 74184.351562 887.320435 -199130.531250
v 87021.585938 1081.709473 -199129.640625
v 99854.632812 1391.747681 -199127.093750
v 112691.382812 1935.263672 -199133.437500
v 125521.445312 2206.553711 -199142.421875
v 138435.859375 3238.528564 -199134.078125
v 151289.468750 922.132202 -199115.906250
v 164029.734375 -937.878723 -199134.765625
v 177014.281250 -1966.128174 -199084.578125
v 189510.546875 2249.120850 -199271.093750
v 202403.750000 5461.403809 -199451.000000
v 215509.500000 4713.637695 -199268.281250
v 228328.031250 4262.511719 -199196.250000
v 241140.703125 4212.214844 -199142.671875
v 253969.046875 4023.613037 -199106.171875
v 266803.093750 4145.793945 -199102.859375
v 279630.468750 4398.171387 -199118.718750
v 292495.375000 4585.149414 -199132.453125
v 305375.718750 4262.310547 -199130.671875
v 318218.687500 3884.358398 -199138.187500
v 331039.875000 3574.656006 -199145.546875
v 343878.437500 3526.786865 -199142.843750
v 356722.468750 3266.540771 -199136.500000
v 369555.437500 3100.077148 -199134.390625
v 382395.593750 2989.297607 -199134.921875
v 395236.718750 2833.167236 -199134.890625
v -400942.781250 -11.935374 -206613.828125
v -388101.343750 -13.145850 -206613.828125
v -375259.968750 -7.810504 -206613.859375
v -362418.500000 13.703749 -206613.843750
v -349577.093750 17.055315 -206613.828125
v -336735.687500 21.665798 -206613.875000
v -323894.250000 12.246256 -206613.843750
v -311052.812500 12.425743 -206613.843750
v -298211.406250 14.999817 -206613.843750
v -285369.968750 17.001720 -206613.843750
v -272528.562500 32.252392 -206613.843750
v -259687.125000 14.561892 -206613.843750
v -246845.687500 10.837005 -206613.843750
v -234004.328125 3.848779 -206613.859375
v -221162.906250 9.014150 -206613.828125
v -208321.437500 4.999908 -206613.843750
v -195480.031250 2.717208 -206613.843750
v -182638.625000 -15.000000 -206613.843750
v -169797.156250 0.000000 -206613.843750
v -156955.781250 0.000000 -206613.843750
v -144114.375000 0.000000 -206613.859375
v -131272.937500 0.000000 -206613.875000
v -118431.500000 0.000000 -206613.843750
v -105590.093750 0.000000 -206613.843750
v -92748.625000 6.214003 -206613.843750
v -79907.234375 0.000000 -206613.843750
v -67065.859375 0.000000 -206613.859375
v -54224.406250 0.000000 -206613.843750
v -41382.968750 0.000000 -206613.843750
v -28541.546875 0.000000 -206613.843750
v -15700.156250 0.000000 -206613.859375
v -2858.718750 0.000000 -206613.843750
v 9982.703125 0.000000 -206613.843750
v 22823.603516 128.480469 -206614.750000
v 35664.296875 298.223694 -206615.593750
v 48505.160156 394.926453 -206614.859375
v 61345.539062 573.014587 -206615.265625
v 74185.531250 734.856934 -206617.437500
v 87020.960938 936.267029 -206617.875000
v 99852.921875 1529.335327 -206620.062500
v 112695.804688 1834.015381 -206622.531250
v 125528.687500 1952.806152 -206628.078125
v 138401.328125 2529.373779 -206608.765625
v 151330.609375 2070.135742 -206557.968750
v 164081.828125 34.258396 -206612.859375
v 176949.125000 -1979.577026 -206597.234375
v 189701.796875 623.268311 -206641.703125
v 202376.578125 3845.531006 -206758.640625
v 215471.140625 4513.079590 -206684.265625
v 228314.671875 3974.253418 -206657.843750
v 241108.875000 4153.733887 -206638.468750
v 253953.968750 4396.980469 -206595.562500
v 266811.812500 4346.395508 -206589.125000
v 279651.625000 4219.280762 -206623.250000
v 292493.875000 4315.664062 -206643.234375
v 305371.000000 4323.978516 -206632.859375
v 318225.843750 3810.291504 -206628.265625
v 331042.218750 3456.837891 -206636.125000
v 343875.718750 3377.242676 -206639.718750
v 356717.781250 3145.937988 -206633.093750
v 369554.875000 3011.783447 -206627.046875
v 382396.812500 2871.308838 -206628.109375
v 395236.781250 2766.648193 -206630.421875
v -400942.750000 -13.174309 -214104.687500
v -388101.343750 -14.146488 -214104.671875
v -375259.937500 12.085020 -214104.687500
v -362418.562500 3.161538 -214104.687500
v -349577.093750 11.232425 -214104.687500
v -336735.687500 15.807297 -214104.687500
v -323894.218750 15.820548 -214104.687500
v -311052.812500 7.355395 -214104.687500
v -298211.375000 12.692346 -214104.656250
v -285370.000000 9.921019 -214104.687500
v -272528.562500 8.920633 -214104.687500
v -259687.187500 15.428438 -214104.687500
v -246845.703125 5.969932 -214104.671875
v -234004.312500 6.151696 -214104.687500
v -221162.843750 5.677588 -214104.687500
v -208321.468750 0.000000 -214104.687500
v -195480.062500 -4.999939 -214104.671875
v -182638.609375 3.439017 -214104.671875
v -169797.218750 0.000000 -214104.687500
v -156955.765625 0.000000 -214104.687500
v -144114.359375 0.000000 -214104.656250
v -131272.890625 0.000000 -214104.671875
v -118431.515625 0.000000 -214104.687500
v -105590.062500 0.000000 -214104.671875
v -92748.671875 0.000000 -214104.687500
v -79907.265625 0.000000 -214104.687500
v -67065.796875 0.000000 -214104.687500
v -54224.406250 0.000000 -214104.703125
v -41382.984375 0.000000 -214104.687500
v -28541.562500 0.000000 -214104.687500
v -15700.140625 0.000000 -214104.671875
v -2858.718750 0.000000 -214104.687500
v 9982.703125 0.000000 -214104.703125
v 22824.109375 0.000000 -214104.687500
v 35664.582031 191.224411 -214105.796875
v 48504.285156 405.740112 -214106.406250
v 61346.046875 623.284729 -214106.625000
v 74187.179688 598.644409 -214107.843750
v 87020.226562 938.389648 -214111.171875
v 99855.421875 1321.809814 -214112.156250
v 112693.382812 1606.929932 -214104.437500
v 125526.664062 2221.104980 -214090.453125
v 138387.515625 2444.263184 -214091.312500
v 151343.828125 2800.814941 -214099.656250
v 164089.765625 150.144348 -214104.531250
v 176911.000000 -1712.462769 -214092.906250
v 189813.765625 -591.518738 -214090.734375
v 202298.171875 4237.974609 -214216.484375
v 215436.828125 4408.344727 -214159.031250
v 228311.953125 3778.476318 -214116.140625
v 241102.187500 3832.301270 -214119.562500
v 253940.703125 4379.768555 -214127.015625
v 266810.281250 4435.927734 -214108.312500
v 279671.312500 4317.251953 -214105.109375
v 292500.218750 4119.101074 -214129.703125
v 305360.281250 4252.347656 -214135.062500
v 318224.906250 3711.583740 -214118.875000
v 331046.750000 3362.441895 -214118.015625
v 343875.468750 3156.781250 -214123.187500
v 356713.687500 3070.592773 -214122.375000
v 369553.500000 2943.872559 -214118.781250
v 382399.093750 2840.097168 -214118.843750
v 395236.000000 2542.894775 -214118.671875
v -400942.781250 0.000000 -221595.500000
v -388101.375000 -14.703798 -221595.500000
v -375259.937500 -5.216882 -221595.500000
v -362418.500000 -0.118481 -221595.500000
v -349577.125000 9.599016 -221595.531250
v -336735.687500 0.383238 -221595.515625
v -323894.250000 4.717709 -221595.531250
v -311052.875000 9.815874 -221595.531250
v -298211.406250 -1.527478 -221595.515625
v -285369.968750 14.459732 -221595.500000
v -272528.625000 17.561678 -221595.531250
v -259687.156250 0.837625 -221595.515625
v -246845.718750 7.905324 -221595.531250
v -234004.281250 2.697665 -221595.500000
v -221162.906250 0.942421 -221595.515625
v -208321.468750 -10.000000 -221595.515625
v -195480.046875 -10.000000 -221595.531250
v -182638.625000 0.000000 -221595.500000
v -169797.156250 0.000000 -221595.500000
v -156955.812500 0.000000 -221595.531250
v -144114.375000 0.000000 -221595.515625
v -131272.921875 0.000000 -221595.500000
v -118431.515625 0.000000 -221595.500000
v -105590.093750 0.000000 -221595.531250
v -92748.671875 0.000000 -221595.515625
v -79907.281250 0.000000 -221595.531250
v -67065.843750 0.000000 -221595.500000
v -54224.406250 0.000000 -221595.500000
v -41382.953125 0.000000 -221595.515625
v -28541.562500 0.000000 -221595.515625
v -15700.140625 0.000000 -221595.531250
v -2858.718750 0.000000 -221595.531250
v 9982.687500 0.000000 -221595.531250
v 22824.125000 0.000000 -221595.515625
v 35665.531250 0.000000 -221595.500000
v 48505.156250 243.299240 -221596.937500
v 61346.753906 541.702515 -221599.031250
v 74188.117188 479.979065 -221598.828125
v 87023.062500 682.458923 -221599.906250
v 99851.554688 1253.267700 -221596.453125
v 112680.117188 1792.071655 -221576.953125
v 125511.921875 2337.110352 -221538.953125
v 138398.625000 2760.761230 -221520.609375
v 151325.687500 2041.611450 -221565.812500
v 164088.875000 134.461243 -221594.843750
v 176901.515625 -1984.794067 -221603.984375
v 189803.546875 -489.199829 -221599.921875
v 202423.593750 2550.656250 -221586.578125
v 215417.968750 4270.833984 -221621.921875
v 228302.015625 3908.799805 -221607.093750
v 241114.343750 4074.823486 -221608.500000
v 253938.812500 4036.506836 -221619.671875
v 266790.968750 4378.392090 -221599.515625
v 279678.968750 4391.112305 -221581.968750
v 292519.718750 3923.059570 -221604.937500
v 305356.031250 4023.324951 -221630.484375
v 318213.406250 3731.916504 -221615.375000
v 331051.062500 3339.809570 -221602.453125
v 343877.406250 3095.028076 -221607.046875
v 356713.031250 2947.465332 -221610.125000
v 369554.375000 2825.909668 -221614.250000
v 382397.593750 2723.541992 -221613.734375
v 395232.187500 2498.402832 -221603.468750
v -400942.781250 0.000000 -229086.343750
v -388101.375000 -3.183078 -229086.328125
v -375259.968750 10.531970 -229086.359375
v -362418.500000 -4.622227 -229086.328125
v -349577.125000 2.990921 -229086.343750
v -336735.656250 -8.254613 -229086.328125
v -323894.250000 4.072985 -229086.343750
v -311052.812500 4.966168 -229086.343750
v -298211.468750 11.632910 -229086.359375
v -285369.968750 11.504290 -229086.328125
v -272528.562500 5.558595 -229086.343750
v -259687.156250 2.527134 -229086.328125
v -246845.718750 11.279512 -229086.343750
v -234004.281250 -2.303002 -229086.343750
v -221162.843750 -9.999878 -229086.328125
v -208321.437500 -0.075164 -229086.343750
v -195480.046875 0.000000 -229086.343750
v -182638.593750 0.000000 -229086.328125
v -169797.187500 0.000000 -229086.343750
v -156955.796875 0.000000 -229086.343750
v -144114.343750 0.000000 -229086.343750
v -131272.968750 0.000000 -229086.343750
v -118431.484375 0.000000 -229086.328125
v -105590.078125 0.000000 -229086.343750
v -92748.671875 0.000000 -229086.343750
v -79907.250000 0.000000 -229086.312500
v -67065.843750 0.000000 -229086.343750
v -54224.406250 0.000000 -229086.343750
v -41383.000000 0.000000 -229086.343750
v -28541.562500 0.000000 -229086.328125
v -15700.125000 0.000000 -229086.328125
v -2858.734375 0.000000 -229086.343750
v 9982.671875 0.000000 -229086.328125
v 22824.125000 0.000000 -229086.312500
v 35665.546875 0.000000 -229086.328125
v 48505.933594 178.124634 -229087.343750
v 61346.882812 399.804596 -229088.953125
v 74188.140625 299.440460 -229086.765625
v 87022.656250 718.699524 -229085.281250
v 99851.484375 1098.160278 -229086.453125
v 112656.328125 2158.523682 -229072.843750
v 125477.843750 2891.117432 -229029.000000
v 138417.828125 4178.287109 -228988.359375
v 151375.718750 2728.447266 -229043.875000
v 164132.390625 735.592041 -229082.421875
v 176894.250000 -2074.657959 -229073.796875
v 189748.734375 177.528015 -229090.984375
v 202305.953125 4435.326172 -229242.656250
v 215393.218750 3795.211670 -229156.406250
v 228293.953125 3895.172607 -229108.406250
v 241120.687500 3765.297363 -229102.703125
v 253929.687500 3919.747803 -229084.734375
v 266780.625000 4524.167969 -229071.031250
v 279678.218750 4461.959473 -229070.781250
v 292539.906250 4204.288574 -229078.328125
v 305364.750000 3575.819824 -229102.796875
v 318202.093750 3675.772217 -229116.812500
v 331049.906250 3312.856934 -229106.453125
v 343876.750000 2980.711426 -229098.171875
v 356713.906250 2913.852051 -229096.046875
v 369556.781250 2689.614746 -229097.500000
v 382390.500000 2508.957764 -229091.046875
v 395224.062500 2454.052490 -229075.765625
vt 0.015625 0.015625
vt 0.031250 0.015625
vt 0.031250 0.031250
vt 0.015625 0.031250
vt 0.046875 0.015625
vt 0.046875 0.031250
vt 0.062500 0.015625
vt 0.062500 0.031250
vt 0.078125 0.015625
vt 0.078125 0.031250
vt 0.093750 0.015625
vt 0.093750 0.031250
vt 0.109375 0.015625
vt 0.109375 0.031250
vt 0.125000 0.015625
vt 0.125000 0.031250
vt 0.140625 0.015625
vt 0.140625 0.031250
vt 0.156250 0.015625
vt 0.156250 0.031250
vt 0.171875 0.015625
vt 0.171875 0.031250
vt 0.187500 0.015625
vt 0.187500 0.031250
vt 0.203125 0.015625
vt 0.203125 0.031250
vt 0.218750 0.015625
vt 0.218750 0.031250
vt 0.234375 0.015625
vt 0.234375 0.031250
vt 0.250000 0.015625
vt 0.250000 0.031250
vt 0.265625 0.015625
vt 0.265625 0.031250
vt 0.281250 0.015625
vt 0.281250 0.031250
vt 0.296875 0.015625
vt 0.296875 0.031250
vt 0.312500 0.015625
vt 0.312500 0.031250
vt 0.328125 0.015625
vt 0.328125 0.031250
vt 0.343750 0.015625
vt 0.343750 0.031250
vt 0.359375 0.015625
vt 0.359375 0.031250
vt 0.375000 0.015625
vt 0.375000 0.031250
vt 0.390625 0.015625
vt 0.390625 0.031250
vt 0.406250 0.015625
vt 0.406250 0.031250
vt 0.421875 0.015625
vt 0.421875 0.031250
vt 0.437500 0.015625
vt 0.437500 0.031250
vt 0.453125 0.015625
vt 0.453125 0.031250
vt 0.468750 0.015625
vt 0.468750 0.031250
vt 0.484375 0.015625
vt 0.484375 0.031250
vt 0.500000 0.015625
vt 0.500000 0.031250
vt 0.515625 0.015625
vt 0.515625 0.031250
vt 0.531250 0.015625
vt 0.531250 0.031250
vt 0.546875 0.015625
vt 0.546875 0.031250
vt 0.562500 0.015625
vt 0.562500 0.031250
vt 0.578125 0.015625
vt 0.578125 0.031250
vt 0.593750 0.015625
vt 0.593750 0.031250
vt 0.609375 0.015625
vt 0.609375 0.031250
vt 0.625000 0.015625
vt 0.625000 0.031250
vt 0.640625 0.015625
vt 0.640625 0.031250
vt 0.656250 0.015625
vt 0.656250 0.031250
vt 0.671875 0.015625
vt 0.671875 0.031250
vt 0.687500 0.015625
vt 0.687500 0.031250
vt 0.703125 0.015625
vt 0.703125 0.031250
vt 0.718750 0.015625
vt 0.718750 0.031250
vt 0.734375 0.015625
vt 0.734375 0.031250
vt 0.750000 0.015625
vt 0.750000 0.031250
vt 0.765625 0.015625
vt 0.765625 0.031250
vt 0.781250 0.015625
vt 0.781250 0.031250
vt 0.796875 0.015625
vt 0.796875 0.031250
vt 0.812500 0.015625
vt 0.812500 0.031250
vt 0.828125 0.015625
vt 0.828125 0.031250
vt 0.843750 0.015625
vt 0.843750 0.031250
vt 0.859375 0.015625
vt 0.859375 0.031250
vt 0.875000 0.015625
vt 0.875000 0.031250
vt 0.890625 0.015625
vt 0.890625 0.031250
vt 0.906250 0.015625
vt 0.906250 0.031250
vt 0.921875 0.015625
vt 0.921875 0.031250
vt 0.937500 0.015625
vt 0.937500 0.031250
vt 0.953125 0.015625
vt 0.953125 0.031250
vt 0.968750 0.015625
vt 0.968750 0.031250
vt 0.984375 0.015625
vt 0.984375 0.031250
vt 0.031250 0.046875
vt 0.015625 0.046875
vt 0.046875 0.046875
vt 0.062500 0.046875
vt 0.078125 0.046875
vt 0.093750 0.046875
vt 0.109375 0.046875
vt 0.125000 0.046875
vt 0.140625 0.046875
vt 0.156250 0.046875
vt 0.171875 0.046875
vt 0.187500 0.046875
vt 0.203125 0.046875
vt 0.218750 0.046875
vt 0.234375 0.046875
vt 0.250000 0.046875
vt 0.265625 0.046875
vt 0.281250 0.046875
vt 0.296875 0.046875
vt 0.312500 0.046875
vt 0.328125 0.046875
vt 0.343750 0.046875
vt 0.359375 0.046875
vt 0.375000 0.046875
vt 0.390625 0.046875
vt 0.406250 0.046875
vt 0.421875 0.046875
vt 0.437500 0.046875
vt 0.453125 0.046875
vt 0.468750 0.046875
vt 0.484375 0.046875
vt 0.500000 0.046875
vt 0.515625 0.046875
vt 0.531250 0.046875
vt 0.546875 0.046875
vt 0.562500 0.046875
vt 0.578125 0.046875
vt 0.593750 0.046875
vt 0.609375 0.046875
vt 0.625000 0.046875
vt 0.640625 0.046875
vt 0.656250 0.046875
vt 0.671875 0.046875
vt 0.687500 0.046875
vt 0.703125 0.046875
vt 0.718750 0.046875
vt 0.734375 0.046875
vt 0.750000 0.046875
vt 0.765625 0.046875
vt 0.781250 0.046875
vt 0.796875 0.046875
vt 0.812500 0.046875
vt 0.828125 0.046875
vt 0.843750 0.046875
vt 0.859375 0.046875
vt 0.875000 0.046875
vt 0.890625 0.046875
vt 0.906250 0.046875
vt 0.921875 0.046875
vt 0.937500 0.046875
vt 0.953125 0.046875
vt 0.968750 0.046875
vt 0.984375 0.046875
vt 0.031250 0.062500
vt 0.015625 0.062500
vt 0.046875 0.062500
vt 0.062500 0.062500
vt 0.078125 0.062500
vt 0.093750 0.062500
vt 0.109375 0.062500
vt 0.125000 0.062500
vt 0.140625 0.062500
vt 0.156250 0.062500
vt 0.171875 0.062500
vt 0.187500 0.062500
vt 0.203125 0.062500
vt 0.218750 0.062500
vt 0.234375 0.062500
vt 0.250000 0.062500
vt 0.265625 0.062500
vt 0.281250 0.062500
vt 0.296875 0.062500
vt 0.312500 0.062500
vt 0.328125 0.062500
vt 0.343750 0.062500
vt 0.359375 0.062500
vt 0.375000 0.062500
vt 0.390625 0.062500
vt 0.406250 0.062500
vt 0.421875 0.062500
vt 0.437500 0.062500
vt 0.453125 0.062500
vt 0.468750 0.062500
vt 0.484375 0.062500
vt 0.500000 0.062500
vt 0.515625 0.062500
vt 0.531250 0.062500
vt 0.546875 0.062500
vt 0.562500 0.062500
vt 0.578125 0.062500
vt 0.593750 0.062500
vt 0.609375 0.062500
vt 0.625000 0.062500
vt 0.640625 0.062500
vt 0.656250 0.062500
vt 0.671875 0.062500
vt 0.687500 0.062500
vt 0.703125 0.062500
vt 0.718750 0.062500
vt 0.734375 0.062500
vt 0.750000 0.062500
vt 0.765625 0.062500
vt 0.781250 0.062500
vt 0.796875 0.062500
vt 0.812500 0.062500
vt 0.828125 0.062500
vt 0.843750 0.062500
vt 0.859375 0.062500
vt 0.875000 0.062500
vt 0.890625 0.062500
vt 0.906250 0.062500
vt 0.921875 0.062500
vt 0.937500 0.062500
vt 0.953125 0.062500
vt 0.968750 0.062500
vt 0.984375 0.062500
vt 0.031250 0.078125
vt 0.015625 0.078125
vt 0.046875 0.078125
vt 0.062500 0.078125
vt 0.078125 0.078125
vt 0.093750 0.078125
vt 0.109375 0.078125
vt 0.125000 0.078125
vt 0.140625 0.078125
vt 0.156250 0.078125
vt 0.171875 0.078125
vt 0.187500 0.078125
vt 0.203125 0.078125
vt 0.218750 0.078125
vt 0.234375 0.078125
vt 0.250000 0.078125
vt 0.265625 0.078125
vt 0.281250 0.078125
vt 0.296875 0.078125
vt 0.312500 0.078125
vt 0.328125 0.078125
vt 0.343750 0.078125
vt 0.359375 0.078125
vt 0.375000 0.078125
vt 0.390625 0.078125
vt 0.406250 0.078125
vt 0.421875 0.078125
vt 0.437500 0.078125
vt 0.453125 0.078125
vt 0.468750 0.078125
vt 0.484375 0.078125
vt 0.500000 0.078125
vt 0.515625 0.078125
vt 0.531250 0.078125
vt 0.546875 0.078125
vt 0.562500 0.078125
vt 0.578125 0.078125
vt 0.593750 0.078125
vt 0.609375 0.078125
vt 0.625000 0.078125
vt 0.640625 0.078125
vt 0.656250 0.078125
vt 0.671875 0.078125
vt 0.687500 0.078125
vt 0.703125 0.078125
vt 0.718750 0.078125
vt 0.734375 0.078125
vt 0.750000 0.078125
vt 0.765625 0.078125
vt 0.781250 0.078125
vt 0.796875 0.078125
vt 0.812500 0.078125
vt 0.828125 0.078125
vt 0.843750 0.078125
vt 0.859375 0.078125
vt 0.875000 0.078125
vt 0.890625 0.078125
vt 0.906250 0.078125
vt 0.921875 0.078125
vt 0.937500 0.078125
vt 0.953125 0.078125
vt 0.968750 0.078125
vt 0.984375 0.078125
vt 0.031250 0.093750
vt 0.015625 0.093750
vt 0.046875 0.093750
vt 0.062500 0.093750
vt 0.078125 0.093750
vt 0.093750 0.093750
vt 0.109375 0.093750
vt 0.125000 0.093750
vt 0.140625 0.093750
vt 0.156250 0.093750
vt 0.171875 0.093750
vt 0.187500 0.093750
vt 0.203125 0.093750
vt 0.218750 0.093750
vt 0.234375 0.093750
vt 0.250000 0.093750
vt 0.265625 0.093750
vt 0.281250 0.093750
vt 0.296875 0.093750
vt 0.312500 0.093750
vt 0.328125 0.093750
vt 0.343750 0.093750
vt 0.359375 0.093750
vt 0.375000 0.093750
vt 0.390625 0.093750
vt 0.406250 0.093750
vt 0.421875 0.093750
vt 0.437500 0.093750
vt 0.453125 0.093750
vt 0.468750 0.093750
vt 0.484375 0.093750
vt 0.500000 0.093750
vt 0.515625 0.093750
vt 0.531250 0.093750
vt 0.546875 0.093750
vt 0.562500 0.093750
vt 0.578125 0.093750
vt 0.593750 0.093750
vt 0.609375 0.093750
vt 0.625000 0.093750
vt 0.640625 0.093750
vt 0.656250 0.093750
vt 0.671875 0.093750
vt 0.687500 0.093750
vt 0.703125 0.093750
vt 0.718750 0.093750
vt 0.734375 0.093750
vt 0.750000 0.093750
vt 0.765625 0.093750
vt 0.781250 0.093750
vt 0.796875 0.093750
vt 0.812500 0.093750
vt 0.828125 0.093750
vt 0.843750 0.093750
vt 0.859375 0.093750
vt 0.875000 0.093750
vt 0.890625 0.093750
vt 0.906250 0.093750
vt 0.921875 0.093750
vt 0.937500 0.093750
vt 0.953125 0.093750
vt 0.968750 0.093750
vt 0.984375 0.093750
vt 0.031250 0.109375
vt 0.015625 0.109375
vt 0.046875 0.109375
vt 0.062500 0.109375
vt 0.078125 0.109375
vt 0.093750 0.109375
vt 0.109375 0.109375
vt 0.125000 0.109375
vt 0.140625 0.109375
vt 0.156250 0.109375
vt 0.171875 0.109375
vt 0.187500 0.109375
vt 0.203125 0.109375
vt 0.218750 0.109375
vt 0.234375 0.109375
vt 0.250000 0.109375
vt 0.265625 0.109375
vt 0.281250 0.109375
vt 0.296875 0.109375
vt 0.312500 0.109375
vt 0.328125 0.109375
vt 0.343750 0.109375
vt 0.359375 0.109375
vt 0.375000 0.109375
vt 0.390625 0.109375
vt 0.406250 0.109375
vt 0.421875 0.109375
vt 0.437500 0.109375
vt 0.453125 0.109375
vt 0.468750 0.109375
vt 0.484375 0.109375
vt 0.500000 0.109375
vt 0.515625 0.109375
vt 0.531250 0.109375
vt 0.546875 0.109375
vt 0.562500 0.109375
vt 0.578125 0.109375
vt 0.593750 0.109375
vt 0.609375 0.109375
vt 0.625000 0.109375
vt 0.640625 0.109375
vt 0.656250 0.109375
vt 0.671875 0.109375
vt 0.687500 0.109375
vt 0.703125 0.109375
vt 0.718750 0.109375
vt 0.734375 0.109375
vt 0.750000 0.109375
vt 0.765625 0.109375
vt 0.781250 0.109375
vt 0.796875 0.109375
vt 0.812500 0.109375
vt 0.828125 0.109375
vt 0.843750 0.109375
vt 0.859375 0.109375
vt 0.875000 0.109375
vt 0.890625 0.109375
vt 0.906250 0.109375
vt 0.921875 0.109375
vt 0.937500 0.109375
vt 0.953125 0.109375
vt 0.968750 0.109375
vt 0.984375 0.109375
vt 0.031250 0.125000
vt 0.015625 0.125000
vt 0.046875 0.125000
vt 0.062500 0.125000
vt 0.078125 0.125000
vt 0.093750 0.125000
vt 0.109375 0.125000
vt 0.125000 0.125000
vt 0.140625 0.125000
vt 0.156250 0.125000
vt 0.171875 0.125000
vt 0.187500 0.125000
vt 0.203125 0.125000
vt 0.218750 0.125000
vt 0.234375 0.125000
vt 0.250000 0.125000
vt 0.265625 0.125000
vt 0.281250 0.125000
vt 0.296875 0.125000
vt 0.312500 0.125000
vt 0.328125 0.125000
vt 0.343750 0.125000
vt 0.359375 0.125000
vt 0.375000 0.125000
vt 0.390625 0.125000
vt 0.406250 0.125000
vt 0.421875 0.125000
vt 0.437500 0.125000
vt 0.453125 0.125000
vt 0.468750 0.125000
vt 0.484375 0.125000
vt 0.500000 0.125000
vt 0.515625 0.125000
vt 0.531250 0.125000
vt 0.546875 0.125000
vt 0.562500 0.125000
vt 0.578125 0.125000
vt 0.593750 0.125000
vt 0.609375 0.125000
vt 0.625000 0.125000
vt 0.640625 0.125000
vt 0.656250 0.125000
vt 0.671875 0.125000
vt 0.687500 0.125000
vt 0.703125 0.125000
vt 0.718750 0.125000
vt 0.734375 0.125000
vt 0.750000 0.125000
vt 0.765625 0.125000
vt 0.781250 0.125000
vt 0.796875 0.125000
vt 0.812500 0.125000
vt 0.828125 0.125000
vt 0.843750 0.125000
vt 0.859375 0.125000
vt 0.875000 0.125000
vt 0.890625 0.125000
vt 0.906250 0.125000
vt 0.921875 0.125000
vt 0.937500 0.125000
vt 0.953125 0.125000
vt 0.968750 0.125000
vt 0.984375 0.125000
vt 0.031250 0.140625
vt 0.015625 0.140625
vt 0.046875 0.140625
vt 0.062500 0.140625
vt 0.078125 0.140625
vt 0.093750 0.140625
vt 0.109375 0.140625
vt 0.125000 0.140625
vt 0.140625 0.140625
vt 0.156250 0.140625
vt 0.171875 0.140625
vt 0.187500 0.140625
vt 0.203125 0.140625
vt 0.218750 0.140625
vt 0.234375 0.140625
vt 0.250000 0.140625
vt 0.265625 0.140625
vt 0.281250 0.140625
vt 0.296875 0.140625
vt 0.312500 0.140625
vt 0.328125 0.140625
vt 0.343750 0.140625
vt 0.359375 0.140625
vt 0.375000 0.140625
vt 0.390625 0.140625
vt 0.406250 0.140625
vt 0.421875 0.140625
vt 0.437500 0.140625
vt 0.453125 0.140625
vt 0.468750 0.140625
vt 0.484375 0.140625
vt 0.500000 0.140625
vt 0.515625 0.140625
vt 0.531250 0.140625
vt 0.546875 0.140625
vt 0.562500 0.140625
vt 0.578125 0.140625
vt 0.593750 0.140625
vt 0.609375 0.140625
vt 0.625000 0.140625
vt 0.640625 0.140625
vt 0.656250 0.140625
vt 0.671875 0.140625
vt 0.687500 0.140625
vt 0.703125 0.140625
vt 0.718750 0.140625
vt 0.734375 0.140625
vt 0.750000 0.140625
vt 0.765625 0.140625
vt 0.781250 0.140625
vt 0.796875 0.140625
vt 0.812500 0.140625
vt 0.828125 0.140625
vt 0.843750 0.140625
vt 0.859375 0.140625
vt 0.875000 0.140625
vt 0.890625 0.140625
vt 0.906250 0.140625
vt 0.921875 0.140625
vt 0.937500 0.140625
vt 0.953125 0.140625
vt 0.968750 0.140625
vt 0.984375 0.140625
vt 0.031250 0.156250
vt 0.015625 0.156250
vt 0.046875 0.156250
vt 0.062500 0.156250
vt 0.078125 0.156250
vt 0.093750 0.156250
vt 0.109375 0.156250
vt 0.125000 0.156250
vt 0.140625 0.156250
vt 0.156250 0.156250
vt 0.171875 0.156250
vt 0.187500 0.156250
vt 0.203125 0.156250
vt 0.218750 0.156250
vt 0.234375 0.156250
vt 0.250000 0.156250
vt 0.265625 0.156250
vt 0.281250 0.156250
vt 0.296875 0.156250
vt 0.312500 0.156250
vt 0.328125 0.156250
vt 0.343750 0.156250
vt 0.359375 0.156250
vt 0.375000 0.156250
vt 0.390625 0.156250
vt 0.406250 0.156250
vt 0.421875 0.156250
vt 0.437500 0.156250
vt 0.453125 0.156250
vt 0.468750 0.156250
vt 0.484375 0.156250
vt 0.500000 0.156250
vt 0.515625 0.156250
vt 0.531250 0.156250
vt 0.546875 0.156250
vt 0.562500 0.156250
vt 0.578125 0.156250
vt 0.593750 0.156250
vt 0.609375 0.156250
vt 0.625000 0.156250
vt 0.640625 0.156250
vt 0.656250 0.156250
vt 0.671875 0.156250
vt 0.687500 0.156250
vt 0.703125 0.156250
vt 0.718750 0.156250
vt 0.734375 0.156250
vt 0.750000 0.156250
vt 0.765625 0.156250
vt 0.781250 0.156250
vt 0.796875 0.156250
vt 0.812500 0.156250
vt 0.828125 0.156250
vt 0.843750 0.156250
vt 0.859375 0.156250
vt 0.875000 0.156250
vt 0.890625 0.156250
vt 0.906250 0.156250
vt 0.921875 0.156250
vt 0.937500 0.156250
vt 0.953125 0.156250
vt 0.968750 0.156250
vt 0.984375 0.156250
vt 0.031250 0.171875
vt 0.015625 0.171875
vt 0.046875 0.171875
vt 0.062500 0.171875
vt 0.078125 0.171875
vt 0.093750 0.171875
vt 0.109375 0.171875
vt 0.125000 0.171875
vt 0.140625 0.171875
vt 0.156250 0.171875
vt 0.171875 0.171875
vt 0.187500 0.171875
vt 0.203125 0.171875
vt 0.218750 0.171875
vt 0.234375 0.171875
vt 0.250000 0.171875
vt 0.265625 0.171875
vt 0.281250 0.171875
vt 0.296875 0.171875
vt 0.312500 0.171875
vt 0.328125 0.171875
vt 0.343750 0.171875
vt 0.359375 0.171875
vt 0.375000 0.171875
vt 0.390625 0.171875
vt 0.406250 0.171875
vt 0.421875 0.171875
vt 0.437500 0.171875
vt 0.453125 0.171875
vt 0.468750 0.171875
vt 0.484375 0.171875
vt 0.500000 0.171875
vt 0.515625 0.171875
vt 0.531250 0.171875
vt 0.546875 0.171875
vt 0.562500 0.171875
vt 0.578125 0.171875
vt 0.593750 0.171875
vt 0.609375 0.171875
vt 0.625000 0.171875
vt 0.640625 0.171875
vt 0.656250 0.171875
vt 0.671875 0.171875
vt 0.687500 0.171875
vt 0.703125 0.171875
vt 0.718750 0.171875
vt 0.734375 0.171875
vt 0.750000 0.171875
vt 0.765625 0.171875
vt 0.781250 0.171875
vt 0.796875 0.171875
vt 0.812500 0.171875
vt 0.828125 0.171875
vt 0.843750 0.171875
vt 0.859375 0.171875
vt 0.875000 0.171875
vt 0.890625 0.171875
vt 0.906250 0.171875
vt 0.921875 0.171875
vt 0.937500 0.171875
vt 0.953125 0.171875
vt 0.968750 0.171875
vt 0.984375 0.171875
vt 0.031250 0.187500
vt 0.015625 0.187500
vt 0.046875 0.187500
vt 0.062500 0.187500
vt 0.078125 0.187500
vt 0.093750 0.187500
vt 0.109375 0.187500
vt 0.125000 0.187500
vt 0.140625 0.187500
vt 0.156250 0.187500
vt 0.171875 0.187500
vt 0.187500 0.187500
vt 0.203125 0.187500
vt 0.218750 0.187500
vt 0.234375 0.187500
vt 0.250000 0.187500
vt 0.265625 0.187500
vt 0.281250 0.187500
vt 0.296875 0.187500
vt 0.312500 0.187500
vt 0.328125 0.187500
vt 0.343750 0.187500
vt 0.359375 0.187500
vt 0.375000 0.187500
vt 0.390625 0.187500
vt 0.406250 0.187500
vt 0.421875 0.187500
vt 0.437500 0.187500
vt 0.453125 0.187500
vt 0.468750 0.187500
vt 0.484375 0.187500
vt 0.500000 0.187500
vt 0.515625 0.187500
vt 0.531250 0.187500
vt 0.546875 0.187500
vt 0.562500 0.187500
vt 0.578125 0.187500
vt 0.593750 0.187500
vt 0.609375 0.187500
vt 0.625000 0.187500
vt 0.640625 0.187500
vt 0.656250 0.187500
vt 0.671875 0.187500
vt 0.687500 0.187500
vt 0.703125 0.187500
vt 0.718750 0.187500
vt 0.734375 0.187500
vt 0.750000 0.187500
vt 0.765625 0.187500
vt 0.781250 0.187500
vt 0.796875 0.187500
vt 0.812500 0.187500
vt 0.828125 0.187500
vt 0.843750 0.187500
vt 0.859375 0.187500
vt 0.875000 0.187500
vt 0.890625 0.187500
vt 0.906250 0.187500
vt 0.921875 0.187500
vt 0.937500 0.187500
vt 0.953125 0.187500
vt 0.968750 0.187500
vt 0.984375 0.187500
vt 0.031250 0.203125
vt 0.015625 0.203125
vt 0.046875 0.203125
vt 0.062500 0.203125
vt 0.078125 0.203125
vt 0.093750 0.203125
vt 0.109375 0.203125
vt 0.125000 0.203125
vt 0.140625 0.203125
vt 0.156250 0.203125
vt 0.171875 0.203125
vt 0.187500 0.203125
vt 0.203125 0.203125
vt 0.218750 0.203125
vt 0.234375 0.203125
vt 0.250000 0.203125
vt 0.265625 0.203125
vt 0.281250 0.203125
vt 0.296875 0.203125
vt 0.312500 0.203125
vt 0.328125 0.203125
vt 0.343750 0.203125
vt 0.359375 0.203125
vt 0.375000 0.203125
vt 0.390625 0.203125
vt 0.406250 0.203125
vt 0.421875 0.203125
vt 0.437500 0.203125
vt 0.453125 0.203125
vt 0.468750 0.203125
vt 0.484375 0.203125
vt 0.500000 0.203125
vt 0.515625 0.203125
vt 0.531250 0.203125
vt 0.546875 0.203125
vt 0.562500 0.203125
vt 0.578125 0.203125
vt 0.593750 0.203125
vt 0.609375 0.203125
vt 0.625000 0.203125
vt 0.640625 0.203125
vt 0.656250 0.203125
vt 0.671875 0.203125
vt 0.687500 0.203125
vt 0.703125 0.203125
vt 0.718750 0.203125
vt 0.734375 0.203125
vt 0.750000 0.203125
vt 0.765625 0.203125
vt 0.781250 0.203125
vt 0.796875 0.203125
vt 0.812500 0.203125
vt 0.828125 0.203125
vt 0.843750 0.203125
vt 0.859375 0.203125
vt 0.875000 0.203125
vt 0.890625 0.203125
vt 0.906250 0.203125
vt 0.921875 0.203125
vt 0.937500 0.203125
vt 0.953125 0.203125
vt 0.968750 0.203125
vt 0.984375 0.203125
vt 0.031250 0.218750
vt 0.015625 0.218750
vt 0.046875 0.218750
vt 0.062500 0.218750
vt 0.078125 0.218750
vt 0.093750 0.218750
vt 0.109375 0.218750
vt 0.125000 0.218750
vt 0.140625 0.218750
vt 0.156250 0.218750
vt 0.171875 0.218750
vt 0.187500 0.218750
vt 0.203125 0.218750
vt 0.218750 0.218750
vt 0.234375 0.218750
vt 0.250000 0.218750
vt 0.265625 0.218750
vt 0.281250 0.218750
vt 0.296875 0.218750
vt 0.312500 0.218750
vt 0.328125 0.218750
vt 0.343750 0.218750
vt 0.359375 0.218750
vt 0.375000 0.218750
vt 0.390625 0.218750
vt 0.406250 0.218750
vt 0.421875 0.218750
vt 0.437500 0.218750
vt 0.453125 0.218750
vt 0.468750 0.218750
vt 0.484375 0.218750
vt 0.500000 0.218750
vt 0.515625 0.218750
vt 0.531250 0.218750
vt 0.546875 0.218750
vt 0.562500 0.218750
vt 0.578125 0.218750
vt 0.593750 0.218750
vt 0.609375 0.218750
vt 0.625000 0.218750
vt 0.640625 0.218750
vt 0.656250 0.218750
vt 0.671875 0.218750
vt 0.687500 0.218750
vt 0.703125 0.218750
vt 0.718750 0.218750
vt 0.734375 0.218750
vt 0.750000 0.218750
vt 0.765625 0.218750
vt 0.781250 0.218750
vt 0.796875 0.218750
vt 0.812500 0.218750
vt 0.828125 0.218750
vt 0.843750 0.218750
vt 0.859375 0.218750
vt 0.875000 0.218750
vt 0.890625 0.218750
vt 0.906250 0.218750
vt 0.921875 0.218750
vt 0.937500 0.218750
vt 0.953125 0.218750
vt 0.968750 0.218750
vt 0.984375 0.218750
vt 0.031250 0.234375
vt 0.015625 0.234375
vt 0.046875 0.234375
vt 0.062500 0.234375
vt 0.078125 0.234375
vt 0.093750 0.234375
vt 0.109375 0.234375
vt 0.125000 0.234375
vt 0.140625 0.234375
vt 0.156250 0.234375
vt 0.171875 0.234375
vt 0.187500 0.234375
vt 0.203125 0.234375
vt 0.218750 0.234375
vt 0.234375 0.234375
vt 0.250000 0.234375
vt 0.265625 0.234375
vt 0.281250 0.234375
vt 0.296875 0.234375
vt 0.312500 0.234375
vt 0.328125 0.234375
vt 0.343750 0.234375
vt 0.359375 0.234375
vt 0.375000 0.234375
vt 0.390625 0.234375
vt 0.406250 0.234375
vt 0.421875 0.234375
vt 0.437500 0.234375
vt 0.453125 0.234375
vt 0.468750 0.234375
vt 0.484375 0.234375
vt 0.500000 0.234375
vt 0.515625 0.234375
vt 0.531250 0.234375
vt 0.546875 0.234375
vt 0.562500 0.234375
vt 0.578125 0.234375
vt 0.593750 0.234375
vt 0.609375 0.234375
vt 0.625000 0.234375
vt 0.640625 0.234375
vt 0.656250 0.234375
vt 0.671875 0.234375
vt 0.687500 0.234375
vt 0.703125 0.234375
vt 0.718750 0.234375
vt 0.734375 0.234375
vt 0.750000 0.234375
vt 0.765625 0.234375
vt 0.781250 0.234375
vt 0.796875 0.234375
vt 0.812500 0.234375
vt 0.828125 0.234375
vt 0.843750 0.234375
vt 0.859375 0.234375
vt 0.875000 0.234375
vt 0.890625 0.234375
vt 0.906250 0.234375
vt 0.921875 0.234375
vt 0.937500 0.234375
vt 0.953125 0.234375
vt 0.968750 0.234375
vt 0.984375 0.234375
vt 0.031250 0.250000
vt 0.015625 0.250000
vt 0.046875 0.250000
vt 0.062500 0.250000
vt 0.078125 0.250000
vt 0.093750 0.250000
vt 0.109375 0.250000
vt 0.125000 0.250000
vt 0.140625 0.250000
vt 0.156250 0.250000
vt 0.171875 0.250000
vt 0.187500 0.250000
vt 0.203125 0.250000
vt 0.218750 0.250000
vt 0.234375 0.250000
vt 0.250000 0.250000
vt 0.265625 0.250000
vt 0.281250 0.250000
vt 0.296875 0.250000
vt 0.312500 0.250000
vt 0.328125 0.250000
vt 0.343750 0.250000
vt 0.359375 0.250000
vt 0.375000 0.250000
vt 0.390625 0.250000
vt 0.406250 0.250000
vt 0.421875 0.250000
vt 0.437500 0.250000
vt 0.453125 0.250000
vt 0.468750 0.250000
vt 0.484375 0.250000
vt 0.500000 0.250000
vt 0.515625 0.250000
vt 0.531250 0.250000
vt 0.546875 0.250000
vt 0.562500 0.250000
vt 0.578125 0.250000
vt 0.593750 0.250000
vt 0.609375 0.250000
vt 0.625000 0.250000
vt 0.640625 0.250000
vt 0.656250 0.250000
vt 0.671875 0.250000
vt 0.687500 0.250000
vt 0.703125 0.250000
vt 0.718750 0.250000
vt 0.734375 0.250000
vt 0.750000 0.250000
vt 0.765625 0.250000
vt 0.781250 0.250000
vt 0.796875 0.250000
vt 0.812500 0.250000
vt 0.828125 0.250000
vt 0.843750 0.250000
vt 0.859375 0.250000
vt 0.875000 0.250000
vt 0.890625 0.250000
vt 0.906250 0.250000
vt 0.921875 0.250000
vt 0.937500 0.250000
vt 0.953125 0.250000
vt 0.968750 0.250000
vt 0.984375 0.250000
vt 0.031250 0.265625
vt 0.015625 0.265625
vt 0.046875 0.265625
vt 0.062500 0.265625
vt 0.078125 0.265625
vt 0.093750 0.265625
vt 0.109375 0.265625
vt 0.125000 0.265625
vt 0.140625 0.265625
vt 0.156250 0.265625
vt 0.171875 0.265625
vt 0.187500 0.265625
vt 0.203125 0.265625
vt 0.218750 0.265625
vt 0.234375 0.265625
vt 0.250000 0.265625
vt 0.265625 0.265625
vt 0.281250 0.265625
vt 0.296875 0.265625
vt 0.312500 0.265625
vt 0.328125 0.265625
vt 0.343750 0.265625
vt 0.359375 0.265625
vt 0.375000 0.265625
vt 0.390625 0.265625
vt 0.406250 0.265625
vt 0.421875 0.265625
vt 0.437500 0.265625
vt 0.453125 0.265625
vt 0.468750 0.265625
vt 0.484375 0.265625
vt 0.500000 0.265625
vt 0.515625 0.265625
vt 0.531250 0.265625
vt 0.546875 0.265625
vt 0.562500 0.265625
vt 0.578125 0.265625
vt 0.593750 0.265625
vt 0.609375 0.265625
vt 0.625000 0.265625
vt 0.640625 0.265625
vt 0.656250 0.265625
vt 0.671875 0.265625
vt 0.687500 0.265625
vt 0.703125 0.265625
vt 0.718750 0.265625
vt 0.734375 0.265625
vt 0.750000 0.265625
vt 0.765625 0.265625
vt 0.781250 0.265625
vt 0.796875 0.265625
vt 0.812500 0.265625
vt 0.828125 0.265625
vt 0.843750 0.265625
vt 0.859375 0.265625
vt 0.875000 0.265625
vt 0.890625 0.265625
vt 0.906250 0.265625
vt 0.921875 0.265625
vt 0.937500 0.265625
vt 0.953125 0.265625
vt 0.968750 0.265625
vt 0.984375 0.265625
vt 0.031250 0.281250
vt 0.015625 0.281250
vt 0.046875 0.281250
vt 0.062500 0.281250
vt 0.078125 0.281250
vt 0.093750 0.281250
vt 0.109375 0.281250
vt 0.125000 0.281250
vt 0.140625 0.281250
vt 0.156250 0.281250
vt 0.171875 0.281250
vt 0.187500 0.281250
vt 0.203125 0.281250
vt 0.218750 0.281250
vt 0.234375 0.281250
vt 0.250000 0.281250
vt 0.265625 0.281250
vt 0.281250 0.281250
vt 0.296875 0.281250
vt 0.312500 0.281250
vt 0.328125 0.281250
vt 0.343750 0.281250
vt 0.359375 0.281250
vt 0.375000 0.281250
vt 0.390625 0.281250
vt 0.406250 0.281250
vt 0.421875 0.281250
vt 0.437500 0.281250
vt 0.453125 0.281250
vt 0.468750 0.281250
vt 0.484375 0.281250
vt 0.500000 0.281250
vt 0.515625 0.281250
vt 0.531250 0.281250
vt 0.546875 0.281250
vt 0.562500 0.281250
vt 0.578125 0.281250
vt 0.593750 0.281250
vt 0.609375 0.281250
vt 0.625000 0.281250
vt 0.640625 0.281250
vt 0.656250 0.281250
vt 0.671875 0.281250
vt 0.687500 0.281250
vt 0.703125 0.281250
vt 0.718750 0.281250
vt 0.734375 0.281250
vt 0.750000 0.281250
vt 0.765625 0.281250
vt 0.781250 0.281250
vt 0.796875 0.281250
vt 0.812500 0.281250
vt 0.828125 0.281250
vt 0.843750 0.281250
vt 0.859375 0.281250
vt 0.875000 0.281250
vt 0.890625 0.281250
vt 0.906250 0.281250
vt 0.921875 0.281250
vt 0.937500 0.281250
vt 0.953125 0.281250
vt 0.968750 0.281250
vt 0.984375 0.281250
vt 0.031250 0.296875
vt 0.015625 0.296875
vt 0.046875 0.296875
vt 0.062500 0.296875
vt 0.078125 0.296875
vt 0.093750 0.296875
vt 0.109375 0.296875
vt 0.125000 0.296875
vt 0.140625 0.296875
vt 0.156250 0.296875
vt 0.171875 0.296875
vt 0.187500 0.296875
vt 0.203125 0.296875
vt 0.218750 0.296875
vt 0.234375 0.296875
vt 0.250000 0.296875
vt 0.265625 0.296875
vt 0.281250 0.296875
vt 0.296875 0.296875
vt 0.312500 0.296875
vt 0.328125 0.296875
vt 0.343750 0.296875
vt 0.359375 0.296875
vt 0.375000 0.296875
vt 0.390625 0.296875
vt 0.406250 0.296875
vt 0.421875 0.296875
vt 0.437500 0.296875
vt 0.453125 0.296875
vt 0.468750 0.296875
vt 0.484375 0.296875
vt 0.500000 0.296875
vt 0.515625 0.296875
vt 0.531250 0.296875
vt 0.546875 0.296875
vt 0.562500 0.296875
vt 0.578125 0.296875
vt 0.593750 0.296875
vt 0.609375 0.296875
vt 0.625000 0.296875
vt 0.640625 0.296875
vt 0.656250 0.296875
vt 0.671875 0.296875
vt 0.687500 0.296875
vt 0.703125 0.296875
vt 0.718750 0.296875
vt 0.734375 0.296875
vt 0.750000 0.296875
vt 0.765625 0.296875
vt 0.781250 0.296875
vt 0.796875 0.296875
vt 0.812500 0.296875
vt 0.828125 0.296875
vt 0.843750 0.296875
vt 0.859375 0.296875
vt 0.875000 0.296875
vt 0.890625 0.296875
vt 0.906250 0.296875
vt 0.921875 0.296875
vt 0.937500 0.296875
vt 0.953125 0.296875
vt 0.968750 0.296875
vt 0.984375 0.296875
vt 0.031250 0.312500
vt 0.015625 0.312500
vt 0.046875 0.312500
vt 0.062500 0.312500
vt 0.078125 0.312500
vt 0.093750 0.312500
vt 0.109375 0.312500
vt 0.125000 0.312500
vt 0.140625 0.312500
vt 0.156250 0.312500
vt 0.171875 0.312500
vt 0.187500 0.312500
vt 0.203125 0.312500
vt 0.218750 0.312500
vt 0.234375 0.312500
vt 0.250000 0.312500
vt 0.265625 0.312500
vt 0.281250 0.312500
vt 0.296875 0.312500
vt 0.312500 0.312500
vt 0.328125 0.312500
vt 0.343750 0.312500
vt 0.359375 0.312500
vt 0.375000 0.312500
vt 0.390625 0.312500
vt 0.406250 0.312500
vt 0.421875 0.312500
vt 0.437500 0.312500
vt 0.453125 0.312500
vt 0.468750 0.312500
vt 0.484375 0.312500
vt 0.500000 0.312500
vt 0.515625 0.312500
vt 0.531250 0.312500
vt 0.546875 0.312500
vt 0.562500 0.312500
vt 0.578125 0.312500
vt 0.593750 0.312500
vt 0.609375 0.312500
vt 0.625000 0.312500
vt 0.640625 0.312500
vt 0.656250 0.312500
vt 0.671875 0.312500
vt 0.687500 0.312500
vt 0.703125 0.312500
vt 0.718750 0.312500
vt 0.734375 0.312500
vt 0.750000 0.312500
vt 0.765625 0.312500
vt 0.781250 0.312500
vt 0.796875 0.312500
vt 0.812500 0.312500
vt 0.828125 0.312500
vt 0.843750 0.312500
vt 0.859375 0.312500
vt 0.875000 0.312500
vt 0.890625 0.312500
vt 0.906250 0.312500
vt 0.921875 0.312500
vt 0.937500 0.312500
vt 0.953125 0.312500
vt 0.968750 0.312500
vt 0.984375 0.312500
vt 0.031250 0.328125
vt 0.015625 0.328125
vt 0.046875 0.328125
vt 0.062500 0.328125
vt 0.078125 0.328125
vt 0.093750 0.328125
vt 0.109375 0.328125
vt 0.125000 0.328125
vt 0.140625 0.328125
vt 0.156250 0.328125
vt 0.171875 0.328125
vt 0.187500 0.328125
vt 0.203125 0.328125
vt 0.218750 0.328125
vt 0.234375 0.328125
vt 0.250000 0.328125
vt 0.265625 0.328125
vt 0.281250 0.328125
vt 0.296875 0.328125
vt 0.312500 0.328125
vt 0.328125 0.328125
vt 0.343750 0.328125
vt 0.359375 0.328125
vt 0.375000 0.328125
vt 0.390625 0.328125
vt 0.406250 0.328125
vt 0.421875 0.328125
vt 0.437500 0.328125
vt 0.453125 0.328125
vt 0.468750 0.328125
vt 0.484375 0.328125
vt 0.500000 0.328125
vt 0.515625 0.328125
vt 0.531250 0.328125
vt 0.546875 0.328125
vt 0.562500 0.328125
vt 0.578125 0.328125
vt 0.593750 0.328125
vt 0.609375 0.328125
vt 0.625000 0.328125
vt 0.640625 0.328125
vt 0.656250 0.328125
vt 0.671875 0.328125
vt 0.687500 0.328125
vt 0.703125 0.328125
vt 0.718750 0.328125
vt 0.734375 0.328125
vt 0.750000 0.328125
vt 0.765625 0.328125
vt 0.781250 0.328125
vt 0.796875 0.328125
vt 0.812500 0.328125
vt 0.828125 0.328125
vt 0.843750 0.328125
vt 0.859375 0.328125
vt 0.875000 0.328125
vt 0.890625 0.328125
vt 0.906250 0.328125
vt 0.921875 0.328125
vt 0.937500 0.328125
vt 0.953125 0.328125
vt 0.968750 0.328125
vt 0.984375 0.328125
vt 0.031250 0.343750
vt 0.015625 0.343750
vt 0.046875 0.343750
vt 0.062500 0.343750
vt 0.078125 0.343750
vt 0.093750 0.343750
vt 0.109375 0.343750
vt 0.125000 0.343750
vt 0.140625 0.343750
vt 0.156250 0.343750
vt 0.171875 0.343750
vt 0.187500 0.343750
vt 0.203125 0.343750
vt 0.218750 0.343750
vt 0.234375 0.343750
vt 0.250000 0.343750
vt 0.265625 0.343750
vt 0.281250 0.343750
vt 0.296875 0.343750
vt 0.312500 0.343750
vt 0.328125 0.343750
vt 0.343750 0.343750
vt 0.359375 0.343750
vt 0.375000 0.343750
vt 0.390625 0.343750
vt 0.406250 0.343750
vt 0.421875 0.343750
vt 0.437500 0.343750
vt 0.453125 0.343750
vt 0.468750 0.343750
vt 0.484375 0.343750
vt 0.500000 0.343750
vt 0.515625 0.343750
vt 0.531250 0.343750
vt 0.546875 0.343750
vt 0.562500 0.343750
vt 0.578125 0.343750
vt 0.593750 0.343750
vt 0.609375 0.343750
vt 0.625000 0.343750
vt 0.640625 0.343750
vt 0.656250 0.343750
vt 0.671875 0.343750
vt 0.687500 0.343750
vt 0.703125 0.343750
vt 0.718750 0.343750
vt 0.734375 0.343750
vt 0.750000 0.343750
vt 0.765625 0.343750
vt 0.781250 0.343750
vt 0.796875 0.343750
vt 0.812500 0.343750
vt 0.828125 0.343750
vt 0.843750 0.343750
vt 0.859375 0.343750
vt 0.875000 0.343750
vt 0.890625 0.343750
vt 0.906250 0.343750
vt 0.921875 0.343750
vt 0.937500 0.343750
vt 0.953125 0.343750
vt 0.968750 0.343750
vt 0.984375 0.343750
vt 0.031250 0.359375
vt 0.015625 0.359375
vt 0.046875 0.359375
vt 0.062500 0.359375
vt 0.078125 0.359375
vt 0.093750 0.359375
vt 0.109375 0.359375
vt 0.125000 0.359375
vt 0.140625 0.359375
vt 0.156250 0.359375
vt 0.171875 0.359375
vt 0.187500 0.359375
vt 0.203125 0.359375
vt 0.218750 0.359375
vt 0.234375 0.359375
vt 0.250000 0.359375
vt 0.265625 0.359375
vt 0.281250 0.359375
vt 0.296875 0.359375
vt 0.312500 0.359375
vt 0.328125 0.359375
vt 0.343750 0.359375
vt 0.359375 0.359375
vt 0.375000 0.359375
vt 0.390625 0.359375
vt 0.406250 0.359375
vt 0.421875 0.359375
vt 0.437500 0.359375
vt 0.453125 0.359375
vt 0.468750 0.359375
vt 0.484375 0.359375
vt 0.500000 0.359375
vt 0.515625 0.359375
vt 0.531250 0.359375
vt 0.546875 0.359375
vt 0.562500 0.359375
vt 0.578125 0.359375
vt 0.593750 0.359375
vt 0.609375 0.359375
vt 0.625000 0.359375
vt 0.640625 0.359375
vt 0.656250 0.359375
vt 0.671875 0.359375
vt 0.687500 0.359375
vt 0.703125 0.359375
vt 0.718750 0.359375
vt 0.734375 0.359375
vt 0.750000 0.359375
vt 0.765625 0.359375
vt 0.781250 0.359375
vt 0.796875 0.359375
vt 0.812500 0.359375
vt 0.828125 0.359375
vt 0.843750 0.359375
vt 0.859375 0.359375
vt 0.875000 0.359375
vt 0.890625 0.359375
vt 0.906250 0.359375
vt 0.921875 0.359375
vt 0.937500 0.359375
vt 0.953125 0.359375
vt 0.968750 0.359375
vt 0.984375 0.359375
vt 0.031250 0.375000
vt 0.015625 0.375000
vt 0.046875 0.375000
vt 0.062500 0.375000
vt 0.078125 0.375000
vt 0.093750 0.375000
vt 0.109375 0.375000
vt 0.125000 0.375000
vt 0.140625 0.375000
vt 0.156250 0.375000
vt 0.171875 0.375000
vt 0.187500 0.375000
vt 0.203125 0.375000
vt 0.218750 0.375000
vt 0.234375 0.375000
vt 0.250000 0.375000
vt 0.265625 0.375000
vt 0.281250 0.375000
vt 0.296875 0.375000
vt 0.312500 0.375000
vt 0.328125 0.375000
vt 0.343750 0.375000
vt 0.359375 0.375000
vt 0.375000 0.375000
vt 0.390625 0.375000
vt 0.406250 0.375000
vt 0.421875 0.375000
vt 0.437500 0.375000
vt 0.453125 0.375000
vt 0.468750 0.375000
vt 0.484375 0.375000
vt 0.500000 0.375000
vt 0.515625 0.375000
vt 0.531250 0.375000
vt 0.546875 0.375000
vt 0.562500 0.375000
vt 0.578125 0.375000
vt 0.593750 0.375000
vt 0.609375 0.375000
vt 0.625000 0.375000
vt 0.640625 0.375000
vt 0.656250 0.375000
vt 0.671875 0.375000
vt 0.687500 0.375000
vt 0.703125 0.375000
vt 0.718750 0.375000
vt 0.734375 0.375000
vt 0.750000 0.375000
vt 0.765625 0.375000
vt 0.781250 0.375000
vt 0.796875 0.375000
vt 0.812500 0.375000
vt 0.828125 0.375000
vt 0.843750 0.375000
vt 0.859375 0.375000
vt 0.875000 0.375000
vt 0.890625 0.375000
vt 0.906250 0.375000
vt 0.921875 0.375000
vt 0.937500 0.375000
vt 0.953125 0.375000
vt 0.968750 0.375000
vt 0.984375 0.375000
vt 0.031250 0.390625
vt 0.015625 0.390625
vt 0.046875 0.390625
vt 0.062500 0.390625
vt 0.078125 0.390625
vt 0.093750 0.390625
vt 0.109375 0.390625
vt 0.125000 0.390625
vt 0.140625 0.390625
vt 0.156250 0.390625
vt 0.171875 0.390625
vt 0.187500 0.390625
vt 0.203125 0.390625
vt 0.218750 0.390625
vt 0.234375 0.390625
vt 0.250000 0.390625
vt 0.265625 0.390625
vt 0.281250 0.390625
vt 0.296875 0.390625
vt 0.312500 0.390625
vt 0.328125 0.390625
vt 0.343750 0.390625
vt 0.359375 0.390625
vt 0.375000 0.390625
vt 0.390625 0.390625
vt 0.406250 0.390625
vt 0.421875 0.390625
vt 0.437500 0.390625
vt 0.453125 0.390625
vt 0.468750 0.390625
vt 0.484375 0.390625
vt 0.500000 0.390625
vt 0.515625 0.390625
vt 0.531250 0.390625
vt 0.546875 0.390625
vt 0.562500 0.390625
vt 0.578125 0.390625
vt 0.593750 0.390625
vt 0.609375 0.390625
vt 0.625000 0.390625
vt 0.640625 0.390625
vt 0.656250 0.390625
vt 0.671875 0.390625
vt 0.687500 0.390625
vt 0.703125 0.390625
vt 0.718750 0.390625
vt 0.734375 0.390625
vt 0.750000 0.390625
vt 0.765625 0.390625
vt 0.781250 0.390625
vt 0.796875 0.390625
vt 0.812500 0.390625
vt 0.828125 0.390625
vt 0.843750 0.390625
vt 0.859375 0.390625
vt 0.875000 0.390625
vt 0.890625 0.390625
vt 0.906250 0.390625
vt 0.921875 0.390625
vt 0.937500 0.390625
vt 0.953125 0.390625
vt 0.968750 0.390625
vt 0.984375 0.390625
vt 0.031250 0.406250
vt 0.015625 0.406250
vt 0.046875 0.406250
vt 0.062500 0.406250
vt 0.078125 0.406250
vt 0.093750 0.406250
vt 0.109375 0.406250
vt 0.125000 0.406250
vt 0.140625 0.406250
vt 0.156250 0.406250
vt 0.171875 0.406250
vt 0.187500 0.406250
vt 0.203125 0.406250
vt 0.218750 0.406250
vt 0.234375 0.406250
vt 0.250000 0.406250
vt 0.265625 0.406250
vt 0.281250 0.406250
vt 0.296875 0.406250
vt 0.312500 0.406250
vt 0.328125 0.406250
vt 0.343750 0.406250
vt 0.359375 0.406250
vt 0.375000 0.406250
vt 0.390625 0.406250
vt 0.406250 0.406250
vt 0.421875 0.406250
vt 0.437500 0.406250
vt 0.453125 0.406250
vt 0.468750 0.406250
vt 0.484375 0.406250
vt 0.500000 0.406250
vt 0.515625 0.406250
vt 0.531250 0.406250
vt 0.546875 0.406250
vt 0.562500 0.406250
vt 0.578125 0.406250
vt 0.593750 0.406250
vt 0.609375 0.406250
vt 0.625000 0.406250
vt 0.640625 0.406250
vt 0.656250 0.406250
vt 0.671875 0.406250
vt 0.687500 0.406250
vt 0.703125 0.406250
vt 0.718750 0.406250
vt 0.734375 0.406250
vt 0.750000 0.406250
vt 0.765625 0.406250
vt 0.781250 0.406250
vt 0.796875 0.406250
vt 0.812500 0.406250
vt 0.828125 0.406250
vt 0.843750 0.406250
vt 0.859375 0.406250
vt 0.875000 0.406250
vt 0.890625 0.406250
vt 0.906250 0.406250
vt 0.921875 0.406250
vt 0.937500 0.406250
vt 0.953125 0.406250
vt 0.968750 0.406250
vt 0.984375 0.406250
vt 0.031250 0.421875
vt 0.015625 0.421875
vt 0.046875 0.421875
vt 0.062500 0.421875
vt 0.078125 0.421875
vt 0.093750 0.421875
vt 0.109375 0.421875
vt 0.125000 0.421875
vt 0.140625 0.421875
vt 0.156250 0.421875
vt 0.171875 0.421875
vt 0.187500 0.421875
vt 0.203125 0.421875
vt 0.218750 0.421875
vt 0.234375 0.421875
vt 0.250000 0.421875
vt 0.265625 0.421875
vt 0.281250 0.421875
vt 0.296875 0.421875
vt 0.312500 0.421875
vt 0.328125 0.421875
vt 0.343750 0.421875
vt 0.359375 0.421875
vt 0.375000 0.421875
vt 0.390625 0.421875
vt 0.406250 0.421875
vt 0.421875 0.421875
vt 0.437500 0.421875
vt 0.453125 0.421875
vt 0.468750 0.421875
vt 0.484375 0.421875
vt 0.500000 0.421875
vt 0.515625 0.421875
vt 0.531250 0.421875
vt 0.546875 0.421875
vt 0.562500 0.421875
vt 0.578125 0.421875
vt 0.593750 0.421875
vt 0.609375 0.421875
vt 0.625000 0.421875
vt 0.640625 0.421875
vt 0.656250 0.421875
vt 0.671875 0.421875
vt 0.687500 0.421875
vt 0.703125 0.421875
vt 0.718750 0.421875
vt 0.734375 0.421875
vt 0.750000 0.421875
vt 0.765625 0.421875
vt 0.781250 0.421875
vt 0.796875 0.421875
vt 0.812500 0.421875
vt 0.828125 0.421875
vt 0.843750 0.421875
vt 0.859375 0.421875
vt 0.875000 0.421875
vt 0.890625 0.421875
vt 0.906250 0.421875
vt 0.921875 0.421875
vt 0.937500 0.421875
vt 0.953125 0.421875
vt 0.968750 0.421875
vt 0.984375 0.421875
vt 0.031250 0.437500
vt 0.015625 0.437500
vt 0.046875 0.437500
vt 0.062500 0.437500
vt 0.078125 0.437500
vt 0.093750 0.437500
vt 0.109375 0.437500
vt 0.125000 0.437500
vt 0.140625 0.437500
vt 0.156250 0.437500
vt 0.171875 0.437500
vt 0.187500 0.437500
vt 0.203125 0.437500
vt 0.218750 0.437500
vt 0.234375 0.437500
vt 0.250000 0.437500
vt 0.265625 0.437500
vt 0.281250 0.437500
vt 0.296875 0.437500
vt 0.312500 0.437500
vt 0.328125 0.437500
vt 0.343750 0.437500
vt 0.359375 0.437500
vt 0.375000 0.437500
vt 0.390625 0.437500
vt 0.406250 0.437500
vt 0.421875 0.437500
vt 0.437500 0.437500
vt 0.453125 0.437500
vt 0.468750 0.437500
vt 0.484375 0.437500
vt 0.500000 0.437500
vt 0.515625 0.437500
vt 0.531250 0.437500
vt 0.546875 0.437500
vt 0.562500 0.437500
vt 0.578125 0.437500
vt 0.593750 0.437500
vt 0.609375 0.437500
vt 0.625000 0.437500
vt 0.640625 0.437500
vt 0.656250 0.437500
vt 0.671875 0.437500
vt 0.687500 0.437500
vt 0.703125 0.437500
vt 0.718750 0.437500
vt 0.734375 0.437500
vt 0.750000 0.437500
vt 0.765625 0.437500
vt 0.781250 0.437500
vt 0.796875 0.437500
vt 0.812500 0.437500
vt 0.828125 0.437500
vt 0.843750 0.437500
vt 0.859375 0.437500
vt 0.875000 0.437500
vt 0.890625 0.437500
vt 0.906250 0.437500
vt 0.921875 0.437500
vt 0.937500 0.437500
vt 0.953125 0.437500
vt 0.968750 0.437500
vt 0.984375 0.437500
vt 0.031250 0.453125
vt 0.015625 0.453125
vt 0.046875 0.453125
vt 0.062500 0.453125
vt 0.078125 0.453125
vt 0.093750 0.453125
vt 0.109375 0.453125
vt 0.125000 0.453125
vt 0.140625 0.453125
vt 0.156250 0.453125
vt 0.171875 0.453125
vt 0.187500 0.453125
vt 0.203125 0.453125
vt 0.218750 0.453125
vt 0.234375 0.453125
vt 0.250000 0.453125
vt 0.265625 0.453125
vt 0.281250 0.453125
vt 0.296875 0.453125
vt 0.312500 0.453125
vt 0.328125 0.453125
vt 0.343750 0.453125
vt 0.359375 0.453125
vt 0.375000 0.453125
vt 0.390625 0.453125
vt 0.406250 0.453125
vt 0.421875 0.453125
vt 0.437500 0.453125
vt 0.453125 0.453125
vt 0.468750 0.453125
vt 0.484375 0.453125
vt 0.500000 0.453125
vt 0.515625 0.453125
vt 0.531250 0.453125
vt 0.546875 0.453125
vt 0.562500 0.453125
vt 0.578125 0.453125
vt 0.593750 0.453125
vt 0.609375 0.453125
vt 0.625000 0.453125
vt 0.640625 0.453125
vt 0.656250 0.453125
vt 0.671875 0.453125
vt 0.687500 0.453125
vt 0.703125 0.453125
vt 0.718750 0.453125
vt 0.734375 0.453125
vt 0.750000 0.453125
vt 0.765625 0.453125
vt 0.781250 0.453125
vt 0.796875 0.453125
vt 0.812500 0.453125
vt 0.828125 0.453125
vt 0.843750 0.453125
vt 0.859375 0.453125
vt 0.875000 0.453125
vt 0.890625 0.453125
vt 0.906250 0.453125
vt 0.921875 0.453125
vt 0.937500 0.453125
vt 0.953125 0.453125
vt 0.968750 0.453125
vt 0.984375 0.453125
vt 0.031250 0.468750
vt 0.015625 0.468750
vt 0.046875 0.468750
vt 0.062500 0.468750
vt 0.078125 0.468750
vt 0.093750 0.468750
vt 0.109375 0.468750
vt 0.125000 0.468750
vt 0.140625 0.468750
vt 0.156250 0.468750
vt 0.171875 0.468750
vt 0.187500 0.468750
vt 0.203125 0.468750
vt 0.218750 0.468750
vt 0.234375 0.468750
vt 0.250000 0.468750
vt 0.265625 0.468750
vt 0.281250 0.468750
vt 0.296875 0.468750
vt 0.312500 0.468750
vt 0.328125 0.468750
vt 0.343750 0.468750
vt 0.359375 0.468750
vt 0.375000 0.468750
vt 0.390625 0.468750
vt 0.406250 0.468750
vt 0.421875 0.468750
vt 0.437500 0.468750
vt 0.453125 0.468750
vt 0.468750 0.468750
vt 0.484375 0.468750
vt 0.500000 0.468750
vt 0.515625 0.468750
vt 0.531250 0.468750
vt 0.546875 0.468750
vt 0.562500 0.468750
vt 0.578125 0.468750
vt 0.593750 0.468750
vt 0.609375 0.468750
vt 0.625000 0.468750
vt 0.640625 0.468750
vt 0.656250 0.468750
vt 0.671875 0.468750
vt 0.687500 0.468750
vt 0.703125 0.468750
vt 0.718750 0.468750
vt 0.734375 0.468750
vt 0.750000 0.468750
vt 0.765625 0.468750
vt 0.781250 0.468750
vt 0.796875 0.468750
vt 0.812500 0.468750
vt 0.828125 0.468750
vt 0.843750 0.468750
vt 0.859375 0.468750
vt 0.875000 0.468750
vt 0.890625 0.468750
vt 0.906250 0.468750
vt 0.921875 0.468750
vt 0.937500 0.468750
vt 0.953125 0.468750
vt 0.968750 0.468750
vt 0.984375 0.468750
vt 0.031250 0.484375
vt 0.015625 0.484375
vt 0.046875 0.484375
vt 0.062500 0.484375
vt 0.078125 0.484375
vt 0.093750 0.484375
vt 0.109375 0.484375
vt 0.125000 0.484375
vt 0.140625 0.484375
vt 0.156250 0.484375
vt 0.171875 0.484375
vt 0.187500 0.484375
vt 0.203125 0.484375
vt 0.218750 0.484375
vt 0.234375 0.484375
vt 0.250000 0.484375
vt 0.265625 0.484375
vt 0.281250 0.484375
vt 0.296875 0.484375
vt 0.312500 0.484375
vt 0.328125 0.484375
vt 0.343750 0.484375
vt 0.359375 0.484375
vt 0.375000 0.484375
vt 0.390625 0.484375
vt 0.406250 0.484375
vt 0.421875 0.484375
vt 0.437500 0.484375
vt 0.453125 0.484375
vt 0.468750 0.484375
vt 0.484375 0.484375
vt 0.500000 0.484375
vt 0.515625 0.484375
vt 0.531250 0.484375
vt 0.546875 0.484375
vt 0.562500 0.484375
vt 0.578125 0.484375
vt 0.593750 0.484375
vt 0.609375 0.484375
vt 0.625000 0.484375
vt 0.640625 0.484375
vt 0.656250 0.484375
vt 0.671875 0.484375
vt 0.687500 0.484375
vt 0.703125 0.484375
vt 0.718750 0.484375
vt 0.734375 0.484375
vt 0.750000 0.484375
vt 0.765625 0.484375
vt 0.781250 0.484375
vt 0.796875 0.484375
vt 0.812500 0.484375
vt 0.828125 0.484375
vt 0.843750 0.484375
vt 0.859375 0.484375
vt 0.875000 0.484375
vt 0.890625 0.484375
vt 0.906250 0.484375
vt 0.921875 0.484375
vt 0.937500 0.484375
vt 0.953125 0.484375
vt 0.968750 0.484375
vt 0.984375 0.484375
vt 0.031250 0.500000
vt 0.015625 0.500000
vt 0.046875 0.500000
vt 0.062500 0.500000
vt 0.078125 0.500000
vt 0.093750 0.500000
vt 0.109375 0.500000
vt 0.125000 0.500000
vt 0.140625 0.500000
vt 0.156250 0.500000
vt 0.171875 0.500000
vt 0.187500 0.500000
vt 0.203125 0.500000
vt 0.218750 0.500000
vt 0.234375 0.500000
vt 0.250000 0.500000
vt 0.265625 0.500000
vt 0.281250 0.500000
vt 0.296875 0.500000
vt 0.312500 0.500000
vt 0.328125 0.500000
vt 0.343750 0.500000
vt 0.359375 0.500000
vt 0.375000 0.500000
vt 0.390625 0.500000
vt 0.406250 0.500000
vt 0.421875 0.500000
vt 0.437500 0.500000
vt 0.453125 0.500000
vt 0.468750 0.500000
vt 0.484375 0.500000
vt 0.500000 0.500000
vt 0.515625 0.500000
vt 0.531250 0.500000
vt 0.546875 0.500000
vt 0.562500 0.500000
vt 0.578125 0.500000
vt 0.593750 0.500000
vt 0.609375 0.500000
vt 0.625000 0.500000
vt 0.640625 0.500000
vt 0.656250 0.500000
vt 0.671875 0.500000
vt 0.687500 0.500000
vt 0.703125 0.500000
vt 0.718750 0.500000
vt 0.734375 0.500000
vt 0.750000 0.500000
vt 0.765625 0.500000
vt 0.781250 0.500000
vt 0.796875 0.500000
vt 0.812500 0.500000
vt 0.828125 0.500000
vt 0.843750 0.500000
vt 0.859375 0.500000
vt 0.875000 0.500000
vt 0.890625 0.500000
vt 0.906250 0.500000
vt 0.921875 0.500000
vt 0.937500 0.500000
vt 0.953125 0.500000
vt 0.968750 0.500000
vt 0.984375 0.500000
vt 0.031250 0.515625
vt 0.015625 0.515625
vt 0.046875 0.515625
vt 0.062500 0.515625
vt 0.078125 0.515625
vt 0.093750 0.515625
vt 0.109375 0.515625
vt 0.125000 0.515625
vt 0.140625 0.515625
vt 0.156250 0.515625
vt 0.171875 0.515625
vt 0.187500 0.515625
vt 0.203125 0.515625
vt 0.218750 0.515625
vt 0.234375 0.515625
vt 0.250000 0.515625
vt 0.265625 0.515625
vt 0.281250 0.515625
vt 0.296875 0.515625
vt 0.312500 0.515625
vt 0.328125 0.515625
vt 0.343750 0.515625
vt 0.359375 0.515625
vt 0.375000 0.515625
vt 0.390625 0.515625
vt 0.406250 0.515625
vt 0.421875 0.515625
vt 0.437500 0.515625
vt 0.453125 0.515625
vt 0.468750 0.515625
vt 0.484375 0.515625
vt 0.500000 0.515625
vt 0.515625 0.515625
vt 0.531250 0.515625
vt 0.546875 0.515625
vt 0.562500 0.515625
vt 0.578125 0.515625
vt 0.593750 0.515625
vt 0.609375 0.515625
vt 0.625000 0.515625
vt 0.640625 0.515625
vt 0.656250 0.515625
vt 0.671875 0.515625
vt 0.687500 0.515625
vt 0.703125 0.515625
vt 0.718750 0.515625
vt 0.734375 0.515625
vt 0.750000 0.515625
vt 0.765625 0.515625
vt 0.781250 0.515625
vt 0.796875 0.515625
vt 0.812500 0.515625
vt 0.828125 0.515625
vt 0.843750 0.515625
vt 0.859375 0.515625
vt 0.875000 0.515625
vt 0.890625 0.515625
vt 0.906250 0.515625
vt 0.921875 0.515625
vt 0.937500 0.515625
vt 0.953125 0.515625
vt 0.968750 0.515625
vt 0.984375 0.515625
vt 0.031250 0.531250
vt 0.015625 0.531250
vt 0.046875 0.531250
vt 0.062500 0.531250
vt 0.078125 0.531250
vt 0.093750 0.531250
vt 0.109375 0.531250
vt 0.125000 0.531250
vt 0.140625 0.531250
vt 0.156250 0.531250
vt 0.171875 0.531250
vt 0.187500 0.531250
vt 0.203125 0.531250
vt 0.218750 0.531250
vt 0.234375 0.531250
vt 0.250000 0.531250
vt 0.265625 0.531250
vt 0.281250 0.531250
vt 0.296875 0.531250
vt 0.312500 0.531250
vt 0.328125 0.531250
vt 0.343750 0.531250
vt 0.359375 0.531250
vt 0.375000 0.531250
vt 0.390625 0.531250
vt 0.406250 0.531250
vt 0.421875 0.531250
vt 0.437500 0.531250
vt 0.453125 0.531250
vt 0.468750 0.531250
vt 0.484375 0.531250
vt 0.500000 0.531250
vt 0.515625 0.531250
vt 0.531250 0.531250
vt 0.546875 0.531250
vt 0.562500 0.531250
vt 0.578125 0.531250
vt 0.593750 0.531250
vt 0.609375 0.531250
vt 0.625000 0.531250
vt 0.640625 0.531250
vt 0.656250 0.531250
vt 0.671875 0.531250
vt 0.687500 0.531250
vt 0.703125 0.531250
vt 0.718750 0.531250
vt 0.734375 0.531250
vt 0.750000 0.531250
vt 0.765625 0.531250
vt 0.781250 0.531250
vt 0.796875 0.531250
vt 0.812500 0.531250
vt 0.828125 0.531250
vt 0.843750 0.531250
vt 0.859375 0.531250
vt 0.875000 0.531250
vt 0.890625 0.531250
vt 0.906250 0.531250
vt 0.921875 0.531250
vt 0.937500 0.531250
vt 0.953125 0.531250
vt 0.968750 0.531250
vt 0.984375 0.531250
vt 0.031250 0.546875
vt 0.015625 0.546875
vt 0.046875 0.546875
vt 0.062500 0.546875
vt 0.078125 0.546875
vt 0.093750 0.546875
vt 0.109375 0.546875
vt 0.125000 0.546875
vt 0.140625 0.546875
vt 0.156250 0.546875
vt 0.171875 0.546875
vt 0.187500 0.546875
vt 0.203125 0.546875
vt 0.218750 0.546875
vt 0.234375 0.546875
vt 0.250000 0.546875
vt 0.265625 0.546875
vt 0.281250 0.546875
vt 0.296875 0.546875
vt 0.312500 0.546875
vt 0.328125 0.546875
vt 0.343750 0.546875
vt 0.359375 0.546875
vt 0.375000 0.546875
vt 0.390625 0.546875
vt 0.406250 0.546875
vt 0.421875 0.546875
vt 0.437500 0.546875
vt 0.453125 0.546875
vt 0.468750 0.546875
vt 0.484375 0.546875
vt 0.500000 0.546875
vt 0.515625 0.546875
vt 0.531250 0.546875
vt 0.546875 0.546875
vt 0.562500 0.546875
vt 0.578125 0.546875
vt 0.593750 0.546875
vt 0.609375 0.546875
vt 0.625000 0.546875
vt 0.640625 0.546875
vt 0.656250 0.546875
vt 0.671875 0.546875
vt 0.687500 0.546875
vt 0.703125 0.546875
vt 0.718750 0.546875
vt 0.734375 0.546875
vt 0.750000 0.546875
vt 0.765625 0.546875
vt 0.781250 0.546875
vt 0.796875 0.546875
vt 0.812500 0.546875
vt 0.828125 0.546875
vt 0.843750 0.546875
vt 0.859375 0.546875
vt 0.875000 0.546875
vt 0.890625 0.546875
vt 0.906250 0.546875
vt 0.921875 0.546875
vt 0.937500 0.546875
vt 0.953125 0.546875
vt 0.968750 0.546875
vt 0.984375 0.546875
vt 0.031250 0.562500
vt 0.015625 0.562500
vt 0.046875 0.562500
vt 0.062500 0.562500
vt 0.078125 0.562500
vt 0.093750 0.562500
vt 0.109375 0.562500
vt 0.125000 0.562500
vt 0.140625 0.562500
vt 0.156250 0.562500
vt 0.171875 0.562500
vt 0.187500 0.562500
vt 0.203125 0.562500
vt 0.218750 0.562500
vt 0.234375 0.562500
vt 0.250000 0.562500
vt 0.265625 0.562500
vt 0.281250 0.562500
vt 0.296875 0.562500
vt 0.312500 0.562500
vt 0.328125 0.562500
vt 0.343750 0.562500
vt 0.359375 0.562500
vt 0.375000 0.562500
vt 0.390625 0.562500
vt 0.406250 0.562500
vt 0.421875 0.562500
vt 0.437500 0.562500
vt 0.453125 0.562500
vt 0.468750 0.562500
vt 0.484375 0.562500
vt 0.500000 0.562500
vt 0.515625 0.562500
vt 0.531250 0.562500
vt 0.546875 0.562500
vt 0.562500 0.562500
vt 0.578125 0.562500
vt 0.593750 0.562500
vt 0.609375 0.562500
vt 0.625000 0.562500
vt 0.640625 0.562500
vt 0.656250 0.562500
vt 0.671875 0.562500
vt 0.687500 0.562500
vt 0.703125 0.562500
vt 0.718750 0.562500
vt 0.734375 0.562500
vt 0.750000 0.562500
vt 0.765625 0.562500
vt 0.781250 0.562500
vt 0.796875 0.562500
vt 0.812500 0.562500
vt 0.828125 0.562500
vt 0.843750 0.562500
vt 0.859375 0.562500
vt 0.875000 0.562500
vt 0.890625 0.562500
vt 0.906250 0.562500
vt 0.921875 0.562500
vt 0.937500 0.562500
vt 0.953125 0.562500
vt 0.968750 0.562500
vt 0.984375 0.562500
vt 0.031250 0.578125
vt 0.015625 0.578125
vt 0.046875 0.578125
vt 0.062500 0.578125
vt 0.078125 0.578125
vt 0.093750 0.578125
vt 0.109375 0.578125
vt 0.125000 0.578125
vt 0.140625 0.578125
vt 0.156250 0.578125
vt 0.171875 0.578125
vt 0.187500 0.578125
vt 0.203125 0.578125
vt 0.218750 0.578125
vt 0.234375 0.578125
vt 0.250000 0.578125
vt 0.265625 0.578125
vt 0.281250 0.578125
vt 0.296875 0.578125
vt 0.312500 0.578125
vt 0.328125 0.578125
vt 0.343750 0.578125
vt 0.359375 0.578125
vt 0.375000 0.578125
vt 0.390625 0.578125
vt 0.406250 0.578125
vt 0.421875 0.578125
vt 0.437500 0.578125
vt 0.453125 0.578125
vt 0.468750 0.578125
vt 0.484375 0.578125
vt 0.500000 0.578125
vt 0.515625 0.578125
vt 0.531250 0.578125
vt 0.546875 0.578125
vt 0.562500 0.578125
vt 0.578125 0.578125
vt 0.593750 0.578125
vt 0.609375 0.578125
vt 0.625000 0.578125
vt 0.640625 0.578125
vt 0.656250 0.578125
vt 0.671875 0.578125
vt 0.687500 0.578125
vt 0.703125 0.578125
vt 0.718750 0.578125
vt 0.734375 0.578125
vt 0.750000 0.578125
vt 0.765625 0.578125
vt 0.781250 0.578125
vt 0.796875 0.578125
vt 0.812500 0.578125
vt 0.828125 0.578125
vt 0.843750 0.578125
vt 0.859375 0.578125
vt 0.875000 0.578125
vt 0.890625 0.578125
vt 0.906250 0.578125
vt 0.921875 0.578125
vt 0.937500 0.578125
vt 0.953125 0.578125
vt 0.968750 0.578125
vt 0.984375 0.578125
vt 0.031250 0.593750
vt 0.015625 0.593750
vt 0.046875 0.593750
vt 0.062500 0.593750
vt 0.078125 0.593750
vt 0.093750 0.593750
vt 0.109375 0.593750
vt 0.125000 0.593750
vt 0.140625 0.593750
vt 0.156250 0.593750
vt 0.171875 0.593750
vt 0.187500 0.593750
vt 0.203125 0.593750
vt 0.218750 0.593750
vt 0.234375 0.593750
vt 0.250000 0.593750
vt 0.265625 0.593750
vt 0.281250 0.593750
vt 0.296875 0.593750
vt 0.312500 0.593750
vt 0.328125 0.593750
vt 0.343750 0.593750
vt 0.359375 0.593750
vt 0.375000 0.593750
vt 0.390625 0.593750
vt 0.406250 0.593750
vt 0.421875 0.593750
vt 0.437500 0.593750
vt 0.453125 0.593750
vt 0.468750 0.593750
vt 0.484375 0.593750
vt 0.500000 0.593750
vt 0.515625 0.593750
vt 0.531250 0.593750
vt 0.546875 0.593750
vt 0.562500 0.593750
vt 0.578125 0.593750
vt 0.593750 0.593750
vt 0.609375 0.593750
vt 0.625000 0.593750
vt 0.640625 0.593750
vt 0.656250 0.593750
vt 0.671875 0.593750
vt 0.687500 0.593750
vt 0.703125 0.593750
vt 0.718750 0.593750
vt 0.734375 0.593750
vt 0.750000 0.593750
vt 0.765625 0.593750
vt 0.781250 0.593750
vt 0.796875 0.593750
vt 0.812500 0.593750
vt 0.828125 0.593750
vt 0.843750 0.593750
vt 0.859375 0.593750
vt 0.875000 0.593750
vt 0.890625 0.593750
vt 0.906250 0.593750
vt 0.921875 0.593750
vt 0.937500 0.593750
vt 0.953125 0.593750
vt 0.968750 0.593750
vt 0.984375 0.593750
vt 0.031250 0.609375
vt 0.015625 0.609375
vt 0.046875 0.609375
vt 0.062500 0.609375
vt 0.078125 0.609375
vt 0.093750 0.609375
vt 0.109375 0.609375
vt 0.125000 0.609375
vt 0.140625 0.609375
vt 0.156250 0.609375
vt 0.171875 0.609375
vt 0.187500 0.609375
vt 0.203125 0.609375
vt 0.218750 0.609375
vt 0.234375 0.609375
vt 0.250000 0.609375
vt 0.265625 0.609375
vt 0.281250 0.609375
vt 0.296875 0.609375
vt 0.312500 0.609375
vt 0.328125 0.609375
vt 0.343750 0.609375
vt 0.359375 0.609375
vt 0.375000 0.609375
vt 0.390625 0.609375
vt 0.406250 0.609375
vt 0.421875 0.609375
vt 0.437500 0.609375
vt 0.453125 0.609375
vt 0.468750 0.609375
vt 0.484375 0.609375
vt 0.500000 0.609375
vt 0.515625 0.609375
vt 0.531250 0.609375
vt 0.546875 0.609375
vt 0.562500 0.609375
vt 0.578125 0.609375
vt 0.593750 0.609375
vt 0.609375 0.609375
vt 0.625000 0.609375
vt 0.640625 0.609375
vt 0.656250 0.609375
vt 0.671875 0.609375
vt 0.687500 0.609375
vt 0.703125 0.609375
vt 0.718750 0.609375
vt 0.734375 0.609375
vt 0.750000 0.609375
vt 0.765625 0.609375
vt 0.781250 0.609375
vt 0.796875 0.609375
vt 0.812500 0.609375
vt 0.828125 0.609375
vt 0.843750 0.609375
vt 0.859375 0.609375
vt 0.875000 0.609375
vt 0.890625 0.609375
vt 0.906250 0.609375
vt 0.921875 0.609375
vt 0.937500 0.609375
vt 0.953125 0.609375
vt 0.968750 0.609375
vt 0.984375 0.609375
vt 0.031250 0.625000
vt 0.015625 0.625000
vt 0.046875 0.625000
vt 0.062500 0.625000
vt 0.078125 0.625000
vt 0.093750 0.625000
vt 0.109375 0.625000
vt 0.125000 0.625000
vt 0.140625 0.625000
vt 0.156250 0.625000
vt 0.171875 0.625000
vt 0.187500 0.625000
vt 0.203125 0.625000
vt 0.218750 0.625000
vt 0.234375 0.625000
vt 0.250000 0.625000
vt 0.265625 0.625000
vt 0.281250 0.625000
vt 0.296875 0.625000
vt 0.312500 0.625000
vt 0.328125 0.625000
vt 0.343750 0.625000
vt 0.359375 0.625000
vt 0.375000 0.625000
vt 0.390625 0.625000
vt 0.406250 0.625000
vt 0.421875 0.625000
vt 0.437500 0.625000
vt 0.453125 0.625000
vt 0.468750 0.625000
vt 0.484375 0.625000
vt 0.500000 0.625000
vt 0.515625 0.625000
vt 0.531250 0.625000
vt 0.546875 0.625000
vt 0.562500 0.625000
vt 0.578125 0.625000
vt 0.593750 0.625000
vt 0.609375 0.625000
vt 0.625000 0.625000
vt 0.640625 0.625000
vt 0.656250 0.625000
vt 0.671875 0.625000
vt 0.687500 0.625000
vt 0.703125 0.625000
vt 0.718750 0.625000
vt 0.734375 0.625000
vt 0.750000 0.625000
vt 0.765625 0.625000
vt 0.781250 0.625000
vt 0.796875 0.625000
vt 0.812500 0.625000
vt 0.828125 0.625000
vt 0.843750 0.625000
vt 0.859375 0.625000
vt 0.875000 0.625000
vt 0.890625 0.625000
vt 0.906250 0.625000
vt 0.921875 0.625000
vt 0.937500 0.625000
vt 0.953125 0.625000
vt 0.968750 0.625000
vt 0.984375 0.625000
vt 0.031250 0.640625
vt 0.015625 0.640625
vt 0.046875 0.640625
vt 0.062500 0.640625
vt 0.078125 0.640625
vt 0.093750 0.640625
vt 0.109375 0.640625
vt 0.125000 0.640625
vt 0.140625 0.640625
vt 0.156250 0.640625
vt 0.171875 0.640625
vt 0.187500 0.640625
vt 0.203125 0.640625
vt 0.218750 0.640625
vt 0.234375 0.640625
vt 0.250000 0.640625
vt 0.265625 0.640625
vt 0.281250 0.640625
vt 0.296875 0.640625
vt 0.312500 0.640625
vt 0.328125 0.640625
vt 0.343750 0.640625
vt 0.359375 0.640625
vt 0.375000 0.640625
vt 0.390625 0.640625
vt 0.406250 0.640625
vt 0.421875 0.640625
vt 0.437500 0.640625
vt 0.453125 0.640625
vt 0.468750 0.640625
vt 0.484375 0.640625
vt 0.500000 0.640625
vt 0.515625 0.640625
vt 0.531250 0.640625
vt 0.546875 0.640625
vt 0.562500 0.640625
vt 0.578125 0.640625
vt 0.593750 0.640625
vt 0.609375 0.640625
vt 0.625000 0.640625
vt 0.640625 0.640625
vt 0.656250 0.640625
vt 0.671875 0.640625
vt 0.687500 0.640625
vt 0.703125 0.640625
vt 0.718750 0.640625
vt 0.734375 0.640625
vt 0.750000 0.640625
vt 0.765625 0.640625
vt 0.781250 0.640625
vt 0.796875 0.640625
vt 0.812500 0.640625
vt 0.828125 0.640625
vt 0.843750 0.640625
vt 0.859375 0.640625
vt 0.875000 0.640625
vt 0.890625 0.640625
vt 0.906250 0.640625
vt 0.921875 0.640625
vt 0.937500 0.640625
vt 0.953125 0.640625
vt 0.968750 0.640625
vt 0.984375 0.640625
vt 0.031250 0.656250
vt 0.015625 0.656250
vt 0.046875 0.656250
vt 0.062500 0.656250
vt 0.078125 0.656250
vt 0.093750 0.656250
vt 0.109375 0.656250
vt 0.125000 0.656250
vt 0.140625 0.656250
vt 0.156250 0.656250
vt 0.171875 0.656250
vt 0.187500 0.656250
vt 0.203125 0.656250
vt 0.218750 0.656250
vt 0.234375 0.656250
vt 0.250000 0.656250
vt 0.265625 0.656250
vt 0.281250 0.656250
vt 0.296875 0.656250
vt 0.312500 0.656250
vt 0.328125 0.656250
vt 0.343750 0.656250
vt 0.359375 0.656250
vt 0.375000 0.656250
vt 0.390625 0.656250
vt 0.406250 0.656250
vt 0.421875 0.656250
vt 0.437500 0.656250
vt 0.453125 0.656250
vt 0.468750 0.656250
vt 0.484375 0.656250
vt 0.500000 0.656250
vt 0.515625 0.656250
vt 0.531250 0.656250
vt 0.546875 0.656250
vt 0.562500 0.656250
vt 0.578125 0.656250
vt 0.593750 0.656250
vt 0.609375 0.656250
vt 0.625000 0.656250
vt 0.640625 0.656250
vt 0.656250 0.656250
vt 0.671875 0.656250
vt 0.687500 0.656250
vt 0.703125 0.656250
vt 0.718750 0.656250
vt 0.734375 0.656250
vt 0.750000 0.656250
vt 0.765625 0.656250
vt 0.781250 0.656250
vt 0.796875 0.656250
vt 0.812500 0.656250
vt 0.828125 0.656250
vt 0.843750 0.656250
vt 0.859375 0.656250
vt 0.875000 0.656250
vt 0.890625 0.656250
vt 0.906250 0.656250
vt 0.921875 0.656250
vt 0.937500 0.656250
vt 0.953125 0.656250
vt 0.968750 0.656250
vt 0.984375 0.656250
vt 0.031250 0.671875
vt 0.015625 0.671875
vt 0.046875 0.671875
vt 0.062500 0.671875
vt 0.078125 0.671875
vt 0.093750 0.671875
vt 0.109375 0.671875
vt 0.125000 0.671875
vt 0.140625 0.671875
vt 0.156250 0.671875
vt 0.171875 0.671875
vt 0.187500 0.671875
vt 0.203125 0.671875
vt 0.218750 0.671875
vt 0.234375 0.671875
vt 0.250000 0.671875
vt 0.265625 0.671875
vt 0.281250 0.671875
vt 0.296875 0.671875
vt 0.312500 0.671875
vt 0.328125 0.671875
vt 0.343750 0.671875
vt 0.359375 0.671875
vt 0.375000 0.671875
vt 0.390625 0.671875
vt 0.406250 0.671875
vt 0.421875 0.671875
vt 0.437500 0.671875
vt 0.453125 0.671875
vt 0.468750 0.671875
vt 0.484375 0.671875
vt 0.500000 0.671875
vt 0.515625 0.671875
vt 0.531250 0.671875
vt 0.546875 0.671875
vt 0.562500 0.671875
vt 0.578125 0.671875
vt 0.593750 0.671875
vt 0.609375 0.671875
vt 0.625000 0.671875
vt 0.640625 0.671875
vt 0.656250 0.671875
vt 0.671875 0.671875
vt 0.687500 0.671875
vt 0.703125 0.671875
vt 0.718750 0.671875
vt 0.734375 0.671875
vt 0.750000 0.671875
vt 0.765625 0.671875
vt 0.781250 0.671875
vt 0.796875 0.671875
vt 0.812500 0.671875
vt 0.828125 0.671875
vt 0.843750 0.671875
vt 0.859375 0.671875
vt 0.875000 0.671875
vt 0.890625 0.671875
vt 0.906250 0.671875
vt 0.921875 0.671875
vt 0.937500 0.671875
vt 0.953125 0.671875
vt 0.968750 0.671875
vt 0.984375 0.671875
vt 0.031250 0.687500
vt 0.015625 0.687500
vt 0.046875 0.687500
vt 0.062500 0.687500
vt 0.078125 0.687500
vt 0.093750 0.687500
vt 0.109375 0.687500
vt 0.125000 0.687500
vt 0.140625 0.687500
vt 0.156250 0.687500
vt 0.171875 0.687500
vt 0.187500 0.687500
vt 0.203125 0.687500
vt 0.218750 0.687500
vt 0.234375 0.687500
vt 0.250000 0.687500
vt 0.265625 0.687500
vt 0.281250 0.687500
vt 0.296875 0.687500
vt 0.312500 0.687500
vt 0.328125 0.687500
vt 0.343750 0.687500
vt 0.359375 0.687500
vt 0.375000 0.687500
vt 0.390625 0.687500
vt 0.406250 0.687500
vt 0.421875 0.687500
vt 0.437500 0.687500
vt 0.453125 0.687500
vt 0.468750 0.687500
vt 0.484375 0.687500
vt 0.500000 0.687500
vt 0.515625 0.687500
vt 0.531250 0.687500
vt 0.546875 0.687500
vt 0.562500 0.687500
vt 0.578125 0.687500
vt 0.593750 0.687500
vt 0.609375 0.687500
vt 0.625000 0.687500
vt 0.640625 0.687500
vt 0.656250 0.687500
vt 0.671875 0.687500
vt 0.687500 0.687500
vt 0.703125 0.687500
vt 0.718750 0.687500
vt 0.734375 0.687500
vt 0.750000 0.687500
vt 0.765625 0.687500
vt 0.781250 0.687500
vt 0.796875 0.687500
vt 0.812500 0.687500
vt 0.828125 0.687500
vt 0.843750 0.687500
vt 0.859375 0.687500
vt 0.875000 0.687500
vt 0.890625 0.687500
vt 0.906250 0.687500
vt 0.921875 0.687500
vt 0.937500 0.687500
vt 0.953125 0.687500
vt 0.968750 0.687500
vt 0.984375 0.687500
vt 0.031250 0.703125
vt 0.015625 0.703125
vt 0.046875 0.703125
vt 0.062500 0.703125
vt 0.078125 0.703125
vt 0.093750 0.703125
vt 0.109375 0.703125
vt 0.125000 0.703125
vt 0.140625 0.703125
vt 0.156250 0.703125
vt 0.171875 0.703125
vt 0.187500 0.703125
vt 0.203125 0.703125
vt 0.218750 0.703125
vt 0.234375 0.703125
vt 0.250000 0.703125
vt 0.265625 0.703125
vt 0.281250 0.703125
vt 0.296875 0.703125
vt 0.312500 0.703125
vt 0.328125 0.703125
vt 0.343750 0.703125
vt 0.359375 0.703125
vt 0.375000 0.703125
vt 0.390625 0.703125
vt 0.406250 0.703125
vt 0.421875 0.703125
vt 0.437500 0.703125
vt 0.453125 0.703125
vt 0.468750 0.703125
vt 0.484375 0.703125
vt 0.500000 0.703125
vt 0.515625 0.703125
vt 0.531250 0.703125
vt 0.546875 0.703125
vt 0.562500 0.703125
vt 0.578125 0.703125
vt 0.593750 0.703125
vt 0.609375 0.703125
vt 0.625000 0.703125
vt 0.640625 0.703125
vt 0.656250 0.703125
vt 0.671875 0.703125
vt 0.687500 0.703125
vt 0.703125 0.703125
vt 0.718750 0.703125
vt 0.734375 0.703125
vt 0.750000 0.703125
vt 0.765625 0.703125
vt 0.781250 0.703125
vt 0.796875 0.703125
vt 0.812500 0.703125
vt 0.828125 0.703125
vt 0.843750 0.703125
vt 0.859375 0.703125
vt 0.875000 0.703125
vt 0.890625 0.703125
vt 0.906250 0.703125
vt 0.921875 0.703125
vt 0.937500 0.703125
vt 0.953125 0.703125
vt 0.968750 0.703125
vt 0.984375 0.703125
vt 0.031250 0.718750
vt 0.015625 0.718750
vt 0.046875 0.718750
vt 0.062500 0.718750
vt 0.078125 0.718750
vt 0.093750 0.718750
vt 0.109375 0.718750
vt 0.125000 0.718750
vt 0.140625 0.718750
vt 0.156250 0.718750
vt 0.171875 0.718750
vt 0.187500 0.718750
vt 0.203125 0.718750
vt 0.218750 0.718750
vt 0.234375 0.718750
vt 0.250000 0.718750
vt 0.265625 0.718750
vt 0.281250 0.718750
vt 0.296875 0.718750
vt 0.312500 0.718750
vt 0.328125 0.718750
vt 0.343750 0.718750
vt 0.359375 0.718750
vt 0.375000 0.718750
vt 0.390625 0.718750
vt 0.406250 0.718750
vt 0.421875 0.718750
vt 0.437500 0.718750
vt 0.453125 0.718750
vt 0.468750 0.718750
vt 0.484375 0.718750
vt 0.500000 0.718750
vt 0.515625 0.718750
vt 0.531250 0.718750
vt 0.546875 0.718750
vt 0.562500 0.718750
vt 0.578125 0.718750
vt 0.593750 0.718750
vt 0.609375 0.718750
vt 0.625000 0.718750
vt 0.640625 0.718750
vt 0.656250 0.718750
vt 0.671875 0.718750
vt 0.687500 0.718750
vt 0.703125 0.718750
vt 0.718750 0.718750
vt 0.734375 0.718750
vt 0.750000 0.718750
vt 0.765625 0.718750
vt 0.781250 0.718750
vt 0.796875 0.718750
vt 0.812500 0.718750
vt 0.828125 0.718750
vt 0.843750 0.718750
vt 0.859375 0.718750
vt 0.875000 0.718750
vt 0.890625 0.718750
vt 0.906250 0.718750
vt 0.921875 0.718750
vt 0.937500 0.718750
vt 0.953125 0.718750
vt 0.968750 0.718750
vt 0.984375 0.718750
vt 0.031250 0.734375
vt 0.015625 0.734375
vt 0.046875 0.734375
vt 0.062500 0.734375
vt 0.078125 0.734375
vt 0.093750 0.734375
vt 0.109375 0.734375
vt 0.125000 0.734375
vt 0.140625 0.734375
vt 0.156250 0.734375
vt 0.171875 0.734375
vt 0.187500 0.734375
vt 0.203125 0.734375
vt 0.218750 0.734375
vt 0.234375 0.734375
vt 0.250000 0.734375
vt 0.265625 0.734375
vt 0.281250 0.734375
vt 0.296875 0.734375
vt 0.312500 0.734375
vt 0.328125 0.734375
vt 0.343750 0.734375
vt 0.359375 0.734375
vt 0.375000 0.734375
vt 0.390625 0.734375
vt 0.406250 0.734375
vt 0.421875 0.734375
vt 0.437500 0.734375
vt 0.453125 0.734375
vt 0.468750 0.734375
vt 0.484375 0.734375
vt 0.500000 0.734375
vt 0.515625 0.734375
vt 0.531250 0.734375
vt 0.546875 0.734375
vt 0.562500 0.734375
vt 0.578125 0.734375
vt 0.593750 0.734375
vt 0.609375 0.734375
vt 0.625000 0.734375
vt 0.640625 0.734375
vt 0.656250 0.734375
vt 0.671875 0.734375
vt 0.687500 0.734375
vt 0.703125 0.734375
vt 0.718750 0.734375
vt 0.734375 0.734375
vt 0.750000 0.734375
vt 0.765625 0.734375
vt 0.781250 0.734375
vt 0.796875 0.734375
vt 0.812500 0.734375
vt 0.828125 0.734375
vt 0.843750 0.734375
vt 0.859375 0.734375
vt 0.875000 0.734375
vt 0.890625 0.734375
vt 0.906250 0.734375
vt 0.921875 0.734375
vt 0.937500 0.734375
vt 0.953125 0.734375
vt 0.968750 0.734375
vt 0.984375 0.734375
vt 0.031250 0.750000
vt 0.015625 0.750000
vt 0.046875 0.750000
vt 0.062500 0.750000
vt 0.078125 0.750000
vt 0.093750 0.750000
vt 0.109375 0.750000
vt 0.125000 0.750000
vt 0.140625 0.750000
vt 0.156250 0.750000
vt 0.171875 0.750000
vt 0.187500 0.750000
vt 0.203125 0.750000
vt 0.218750 0.750000
vt 0.234375 0.750000
vt 0.250000 0.750000
vt 0.265625 0.750000
vt 0.281250 0.750000
vt 0.296875 0.750000
vt 0.312500 0.750000
vt 0.328125 0.750000
vt 0.343750 0.750000
vt 0.359375 0.750000
vt 0.375000 0.750000
vt 0.390625 0.750000
vt 0.406250 0.750000
vt 0.421875 0.750000
vt 0.437500 0.750000
vt 0.453125 0.750000
vt 0.468750 0.750000
vt 0.484375 0.750000
vt 0.500000 0.750000
vt 0.515625 0.750000
vt 0.531250 0.750000
vt 0.546875 0.750000
vt 0.562500 0.750000
vt 0.578125 0.750000
vt 0.593750 0.750000
vt 0.609375 0.750000
vt 0.625000 0.750000
vt 0.640625 0.750000
vt 0.656250 0.750000
vt 0.671875 0.750000
vt 0.687500 0.750000
vt 0.703125 0.750000
vt 0.718750 0.750000
vt 0.734375 0.750000
vt 0.750000 0.750000
vt 0.765625 0.750000
vt 0.781250 0.750000
vt 0.796875 0.750000
vt 0.812500 0.750000
vt 0.828125 0.750000
vt 0.843750 0.750000
vt 0.859375 0.750000
vt 0.875000 0.750000
vt 0.890625 0.750000
vt 0.906250 0.750000
vt 0.921875 0.750000
vt 0.937500 0.750000
vt 0.953125 0.750000
vt 0.968750 0.750000
vt 0.984375 0.750000
vt 0.031250 0.765625
vt 0.015625 0.765625
vt 0.046875 0.765625
vt 0.062500 0.765625
vt 0.078125 0.765625
vt 0.093750 0.765625
vt 0.109375 0.765625
vt 0.125000 0.765625
vt 0.140625 0.765625
vt 0.156250 0.765625
vt 0.171875 0.765625
vt 0.187500 0.765625
vt 0.203125 0.765625
vt 0.218750 0.765625
vt 0.234375 0.765625
vt 0.250000 0.765625
vt 0.265625 0.765625
vt 0.281250 0.765625
vt 0.296875 0.765625
vt 0.312500 0.765625
vt 0.328125 0.765625
vt 0.343750 0.765625
vt 0.359375 0.765625
vt 0.375000 0.765625
vt 0.390625 0.765625
vt 0.406250 0.765625
vt 0.421875 0.765625
vt 0.437500 0.765625
vt 0.453125 0.765625
vt 0.468750 0.765625
vt 0.484375 0.765625
vt 0.500000 0.765625
vt 0.515625 0.765625
vt 0.531250 0.765625
vt 0.546875 0.765625
vt 0.562500 0.765625
vt 0.578125 0.765625
vt 0.593750 0.765625
vt 0.609375 0.765625
vt 0.625000 0.765625
vt 0.640625 0.765625
vt 0.656250 0.765625
vt 0.671875 0.765625
vt 0.687500 0.765625
vt 0.703125 0.765625
vt 0.718750 0.765625
vt 0.734375 0.765625
vt 0.750000 0.765625
vt 0.765625 0.765625
vt 0.781250 0.765625
vt 0.796875 0.765625
vt 0.812500 0.765625
vt 0.828125 0.765625
vt 0.843750 0.765625
vt 0.859375 0.765625
vt 0.875000 0.765625
vt 0.890625 0.765625
vt 0.906250 0.765625
vt 0.921875 0.765625
vt 0.937500 0.765625
vt 0.953125 0.765625
vt 0.968750 0.765625
vt 0.984375 0.765625
vt 0.031250 0.781250
vt 0.015625 0.781250
vt 0.046875 0.781250
vt 0.062500 0.781250
vt 0.078125 0.781250
vt 0.093750 0.781250
vt 0.109375 0.781250
vt 0.125000 0.781250
vt 0.140625 0.781250
vt 0.156250 0.781250
vt 0.171875 0.781250
vt 0.187500 0.781250
vt 0.203125 0.781250
vt 0.218750 0.781250
vt 0.234375 0.781250
vt 0.250000 0.781250
vt 0.265625 0.781250
vt 0.281250 0.781250
vt 0.296875 0.781250
vt 0.312500 0.781250
vt 0.328125 0.781250
vt 0.343750 0.781250
vt 0.359375 0.781250
vt 0.375000 0.781250
vt 0.390625 0.781250
vt 0.406250 0.781250
vt 0.421875 0.781250
vt 0.437500 0.781250
vt 0.453125 0.781250
vt 0.468750 0.781250
vt 0.484375 0.781250
vt 0.500000 0.781250
vt 0.515625 0.781250
vt 0.531250 0.781250
vt 0.546875 0.781250
vt 0.562500 0.781250
vt 0.578125 0.781250
vt 0.593750 0.781250
vt 0.609375 0.781250
vt 0.625000 0.781250
vt 0.640625 0.781250
vt 0.656250 0.781250
vt 0.671875 0.781250
vt 0.687500 0.781250
vt 0.703125 0.781250
vt 0.718750 0.781250
vt 0.734375 0.781250
vt 0.750000 0.781250
vt 0.765625 0.781250
vt 0.781250 0.781250
vt 0.796875 0.781250
vt 0.812500 0.781250
vt 0.828125 0.781250
vt 0.843750 0.781250
vt 0.859375 0.781250
vt 0.875000 0.781250
vt 0.890625 0.781250
vt 0.906250 0.781250
vt 0.921875 0.781250
vt 0.937500 0.781250
vt 0.953125 0.781250
vt 0.968750 0.781250
vt 0.984375 0.781250
vt 0.031250 0.796875
vt 0.015625 0.796875
vt 0.046875 0.796875
vt 0.062500 0.796875
vt 0.078125 0.796875
vt 0.093750 0.796875
vt 0.109375 0.796875
vt 0.125000 0.796875
vt 0.140625 0.796875
vt 0.156250 0.796875
vt 0.171875 0.796875
vt 0.187500 0.796875
vt 0.203125 0.796875
vt 0.218750 0.796875
vt 0.234375 0.796875
vt 0.250000 0.796875
vt 0.265625 0.796875
vt 0.281250 0.796875
vt 0.296875 0.796875
vt 0.312500 0.796875
vt 0.328125 0.796875
vt 0.343750 0.796875
vt 0.359375 0.796875
vt 0.375000 0.796875
vt 0.390625 0.796875
vt 0.406250 0.796875
vt 0.421875 0.796875
vt 0.437500 0.796875
vt 0.453125 0.796875
vt 0.468750 0.796875
vt 0.484375 0.796875
vt 0.500000 0.796875
vt 0.515625 0.796875
vt 0.531250 0.796875
vt 0.546875 0.796875
vt 0.562500 0.796875
vt 0.578125 0.796875
vt 0.593750 0.796875
vt 0.609375 0.796875
vt 0.625000 0.796875
vt 0.640625 0.796875
vt 0.656250 0.796875
vt 0.671875 0.796875
vt 0.687500 0.796875
vt 0.703125 0.796875
vt 0.718750 0.796875
vt 0.734375 0.796875
vt 0.750000 0.796875
vt 0.765625 0.796875
vt 0.781250 0.796875
vt 0.796875 0.796875
vt 0.812500 0.796875
vt 0.828125 0.796875
vt 0.843750 0.796875
vt 0.859375 0.796875
vt 0.875000 0.796875
vt 0.890625 0.796875
vt 0.906250 0.796875
vt 0.921875 0.796875
vt 0.937500 0.796875
vt 0.953125 0.796875
vt 0.968750 0.796875
vt 0.984375 0.796875
vt 0.031250 0.812500
vt 0.015625 0.812500
vt 0.046875 0.812500
vt 0.062500 0.812500
vt 0.078125 0.812500
vt 0.093750 0.812500
vt 0.109375 0.812500
vt 0.125000 0.812500
vt 0.140625 0.812500
vt 0.156250 0.812500
vt 0.171875 0.812500
vt 0.187500 0.812500
vt 0.203125 0.812500
vt 0.218750 0.812500
vt 0.234375 0.812500
vt 0.250000 0.812500
vt 0.265625 0.812500
vt 0.281250 0.812500
vt 0.296875 0.812500
vt 0.312500 0.812500
vt 0.328125 0.812500
vt 0.343750 0.812500
vt 0.359375 0.812500
vt 0.375000 0.812500
vt 0.390625 0.812500
vt 0.406250 0.812500
vt 0.421875 0.812500
vt 0.437500 0.812500
vt 0.453125 0.812500
vt 0.468750 0.812500
vt 0.484375 0.812500
vt 0.500000 0.812500
vt 0.515625 0.812500
vt 0.531250 0.812500
vt 0.546875 0.812500
vt 0.562500 0.812500
vt 0.578125 0.812500
vt 0.593750 0.812500
vt 0.609375 0.812500
vt 0.625000 0.812500
vt 0.640625 0.812500
vt 0.656250 0.812500
vt 0.671875 0.812500
vt 0.687500 0.812500
vt 0.703125 0.812500
vt 0.718750 0.812500
vt 0.734375 0.812500
vt 0.750000 0.812500
vt 0.765625 0.812500
vt 0.781250 0.812500
vt 0.796875 0.812500
vt 0.812500 0.812500
vt 0.828125 0.812500
vt 0.843750 0.812500
vt 0.859375 0.812500
vt 0.875000 0.812500
vt 0.890625 0.812500
vt 0.906250 0.812500
vt 0.921875 0.812500
vt 0.937500 0.812500
vt 0.953125 0.812500
vt 0.968750 0.812500
vt 0.984375 0.812500
vt 0.031250 0.828125
vt 0.015625 0.828125
vt 0.046875 0.828125
vt 0.062500 0.828125
vt 0.078125 0.828125
vt 0.093750 0.828125
vt 0.109375 0.828125
vt 0.125000 0.828125
vt 0.140625 0.828125
vt 0.156250 0.828125
vt 0.171875 0.828125
vt 0.187500 0.828125
vt 0.203125 0.828125
vt 0.218750 0.828125
vt 0.234375 0.828125
vt 0.250000 0.828125
vt 0.265625 0.828125
vt 0.281250 0.828125
vt 0.296875 0.828125
vt 0.312500 0.828125
vt 0.328125 0.828125
vt 0.343750 0.828125
vt 0.359375 0.828125
vt 0.375000 0.828125
vt 0.390625 0.828125
vt 0.406250 0.828125
vt 0.421875 0.828125
vt 0.437500 0.828125
vt 0.453125 0.828125
vt 0.468750 0.828125
vt 0.484375 0.828125
vt 0.500000 0.828125
vt 0.515625 0.828125
vt 0.531250 0.828125
vt 0.546875 0.828125
vt 0.562500 0.828125
vt 0.578125 0.828125
vt 0.593750 0.828125
vt 0.609375 0.828125
vt 0.625000 0.828125
vt 0.640625 0.828125
vt 0.656250 0.828125
vt 0.671875 0.828125
vt 0.687500 0.828125
vt 0.703125 0.828125
vt 0.718750 0.828125
vt 0.734375 0.828125
vt 0.750000 0.828125
vt 0.765625 0.828125
vt 0.781250 0.828125
vt 0.796875 0.828125
vt 0.812500 0.828125
vt 0.828125 0.828125
vt 0.843750 0.828125
vt 0.859375 0.828125
vt 0.875000 0.828125
vt 0.890625 0.828125
vt 0.906250 0.828125
vt 0.921875 0.828125
vt 0.937500 0.828125
vt 0.953125 0.828125
vt 0.968750 0.828125
vt 0.984375 0.828125
vt 0.031250 0.843750
vt 0.015625 0.843750
vt 0.046875 0.843750
vt 0.062500 0.843750
vt 0.078125 0.843750
vt 0.093750 0.843750
vt 0.109375 0.843750
vt 0.125000 0.843750
vt 0.140625 0.843750
vt 0.156250 0.843750
vt 0.171875 0.843750
vt 0.187500 0.843750
vt 0.203125 0.843750
vt 0.218750 0.843750
vt 0.234375 0.843750
vt 0.250000 0.843750
vt 0.265625 0.843750
vt 0.281250 0.843750
vt 0.296875 0.843750
vt 0.312500 0.843750
vt 0.328125 0.843750
vt 0.343750 0.843750
vt 0.359375 0.843750
vt 0.375000 0.843750
vt 0.390625 0.843750
vt 0.406250 0.843750
vt 0.421875 0.843750
vt 0.437500 0.843750
vt 0.453125 0.843750
vt 0.468750 0.843750
vt 0.484375 0.843750
vt 0.500000 0.843750
vt 0.515625 0.843750
vt 0.531250 0.843750
vt 0.546875 0.843750
vt 0.562500 0.843750
vt 0.578125 0.843750
vt 0.593750 0.843750
vt 0.609375 0.843750
vt 0.625000 0.843750
vt 0.640625 0.843750
vt 0.656250 0.843750
vt 0.671875 0.843750
vt 0.687500 0.843750
vt 0.703125 0.843750
vt 0.718750 0.843750
vt 0.734375 0.843750
vt 0.750000 0.843750
vt 0.765625 0.843750
vt 0.781250 0.843750
vt 0.796875 0.843750
vt 0.812500 0.843750
vt 0.828125 0.843750
vt 0.843750 0.843750
vt 0.859375 0.843750
vt 0.875000 0.843750
vt 0.890625 0.843750
vt 0.906250 0.843750
vt 0.921875 0.843750
vt 0.937500 0.843750
vt 0.953125 0.843750
vt 0.968750 0.843750
vt 0.984375 0.843750
vt 0.031250 0.859375
vt 0.015625 0.859375
vt 0.046875 0.859375
vt 0.062500 0.859375
vt 0.078125 0.859375
vt 0.093750 0.859375
vt 0.109375 0.859375
vt 0.125000 0.859375
vt 0.140625 0.859375
vt 0.156250 0.859375
vt 0.171875 0.859375
vt 0.187500 0.859375
vt 0.203125 0.859375
vt 0.218750 0.859375
vt 0.234375 0.859375
vt 0.250000 0.859375
vt 0.265625 0.859375
vt 0.281250 0.859375
vt 0.296875 0.859375
vt 0.312500 0.859375
vt 0.328125 0.859375
vt 0.343750 0.859375
vt 0.359375 0.859375
vt 0.375000 0.859375
vt 0.390625 0.859375
vt 0.406250 0.859375
vt 0.421875 0.859375
vt 0.437500 0.859375
vt 0.453125 0.859375
vt 0.468750 0.859375
vt 0.484375 0.859375
vt 0.500000 0.859375
vt 0.515625 0.859375
vt 0.531250 0.859375
vt 0.546875 0.859375
vt 0.562500 0.859375
vt 0.578125 0.859375
vt 0.593750 0.859375
vt 0.609375 0.859375
vt 0.625000 0.859375
vt 0.640625 0.859375
vt 0.656250 0.859375
vt 0.671875 0.859375
vt 0.687500 0.859375
vt 0.703125 0.859375
vt 0.718750 0.859375
vt 0.734375 0.859375
vt 0.750000 0.859375
vt 0.765625 0.859375
vt 0.781250 0.859375
vt 0.796875 0.859375
vt 0.812500 0.859375
vt 0.828125 0.859375
vt 0.843750 0.859375
vt 0.859375 0.859375
vt 0.875000 0.859375
vt 0.890625 0.859375
vt 0.906250 0.859375
vt 0.921875 0.859375
vt 0.937500 0.859375
vt 0.953125 0.859375
vt 0.968750 0.859375
vt 0.984375 0.859375
vt 0.031250 0.875000
vt 0.015625 0.875000
vt 0.046875 0.875000
vt 0.062500 0.875000
vt 0.078125 0.875000
vt 0.093750 0.875000
vt 0.109375 0.875000
vt 0.125000 0.875000
vt 0.140625 0.875000
vt 0.156250 0.875000
vt 0.171875 0.875000
vt 0.187500 0.875000
vt 0.203125 0.875000
vt 0.218750 0.875000
vt 0.234375 0.875000
vt 0.250000 0.875000
vt 0.265625 0.875000
vt 0.281250 0.875000
vt 0.296875 0.875000
vt 0.312500 0.875000
vt 0.328125 0.875000
vt 0.343750 0.875000
vt 0.359375 0.875000
vt 0.375000 0.875000
vt 0.390625 0.875000
vt 0.406250 0.875000
vt 0.421875 0.875000
vt 0.437500 0.875000
vt 0.453125 0.875000
vt 0.468750 0.875000
vt 0.484375 0.875000
vt 0.500000 0.875000
vt 0.515625 0.875000
vt 0.531250 0.875000
vt 0.546875 0.875000
vt 0.562500 0.875000
vt 0.578125 0.875000
vt 0.593750 0.875000
vt 0.609375 0.875000
vt 0.625000 0.875000
vt 0.640625 0.875000
vt 0.656250 0.875000
vt 0.671875 0.875000
vt 0.687500 0.875000
vt 0.703125 0.875000
vt 0.718750 0.875000
vt 0.734375 0.875000
vt 0.750000 0.875000
vt 0.765625 0.875000
vt 0.781250 0.875000
vt 0.796875 0.875000
vt 0.812500 0.875000
vt 0.828125 0.875000
vt 0.843750 0.875000
vt 0.859375 0.875000
vt 0.875000 0.875000
vt 0.890625 0.875000
vt 0.906250 0.875000
vt 0.921875 0.875000
vt 0.937500 0.875000
vt 0.953125 0.875000
vt 0.968750 0.875000
vt 0.984375 0.875000
vt 0.031250 0.890625
vt 0.015625 0.890625
vt 0.046875 0.890625
vt 0.062500 0.890625
vt 0.078125 0.890625
vt 0.093750 0.890625
vt 0.109375 0.890625
vt 0.125000 0.890625
vt 0.140625 0.890625
vt 0.156250 0.890625
vt 0.171875 0.890625
vt 0.187500 0.890625
vt 0.203125 0.890625
vt 0.218750 0.890625
vt 0.234375 0.890625
vt 0.250000 0.890625
vt 0.265625 0.890625
vt 0.281250 0.890625
vt 0.296875 0.890625
vt 0.312500 0.890625
vt 0.328125 0.890625
vt 0.343750 0.890625
vt 0.359375 0.890625
vt 0.375000 0.890625
vt 0.390625 0.890625
vt 0.406250 0.890625
vt 0.421875 0.890625
vt 0.437500 0.890625
vt 0.453125 0.890625
vt 0.468750 0.890625
vt 0.484375 0.890625
vt 0.500000 0.890625
vt 0.515625 0.890625
vt 0.531250 0.890625
vt 0.546875 0.890625
vt 0.562500 0.890625
vt 0.578125 0.890625
vt 0.593750 0.890625
vt 0.609375 0.890625
vt 0.625000 0.890625
vt 0.640625 0.890625
vt 0.656250 0.890625
vt 0.671875 0.890625
vt 0.687500 0.890625
vt 0.703125 0.890625
vt 0.718750 0.890625
vt 0.734375 0.890625
vt 0.750000 0.890625
vt 0.765625 0.890625
vt 0.781250 0.890625
vt 0.796875 0.890625
vt 0.812500 0.890625
vt 0.828125 0.890625
vt 0.843750 0.890625
vt 0.859375 0.890625
vt 0.875000 0.890625
vt 0.890625 0.890625
vt 0.906250 0.890625
vt 0.921875 0.890625
vt 0.937500 0.890625
vt 0.953125 0.890625
vt 0.968750 0.890625
vt 0.984375 0.890625
vt 0.031250 0.906250
vt 0.015625 0.906250
vt 0.046875 0.906250
vt 0.062500 0.906250
vt 0.078125 0.906250
vt 0.093750 0.906250
vt 0.109375 0.906250
vt 0.125000 0.906250
vt 0.140625 0.906250
vt 0.156250 0.906250
vt 0.171875 0.906250
vt 0.187500 0.906250
vt 0.203125 0.906250
vt 0.218750 0.906250
vt 0.234375 0.906250
vt 0.250000 0.906250
vt 0.265625 0.906250
vt 0.281250 0.906250
vt 0.296875 0.906250
vt 0.312500 0.906250
vt 0.328125 0.906250
vt 0.343750 0.906250
vt 0.359375 0.906250
vt 0.375000 0.906250
vt 0.390625 0.906250
vt 0.406250 0.906250
vt 0.421875 0.906250
vt 0.437500 0.906250
vt 0.453125 0.906250
vt 0.468750 0.906250
vt 0.484375 0.906250
vt 0.500000 0.906250
vt 0.515625 0.906250
vt 0.531250 0.906250
vt 0.546875 0.906250
vt 0.562500 0.906250
vt 0.578125 0.906250
vt 0.593750 0.906250
vt 0.609375 0.906250
vt 0.625000 0.906250
vt 0.640625 0.906250
vt 0.656250 0.906250
vt 0.671875 0.906250
vt 0.687500 0.906250
vt 0.703125 0.906250
vt 0.718750 0.906250
vt 0.734375 0.906250
vt 0.750000 0.906250
vt 0.765625 0.906250
vt 0.781250 0.906250
vt 0.796875 0.906250
vt 0.812500 0.906250
vt 0.828125 0.906250
vt 0.843750 0.906250
vt 0.859375 0.906250
vt 0.875000 0.906250
vt 0.890625 0.906250
vt 0.906250 0.906250
vt 0.921875 0.906250
vt 0.937500 0.906250
vt 0.953125 0.906250
vt 0.968750 0.906250
vt 0.984375 0.906250
vt 0.031250 0.921875
vt 0.015625 0.921875
vt 0.046875 0.921875
vt 0.062500 0.921875
vt 0.078125 0.921875
vt 0.093750 0.921875
vt 0.109375 0.921875
vt 0.125000 0.921875
vt 0.140625 0.921875
vt 0.156250 0.921875
vt 0.171875 0.921875
vt 0.187500 0.921875
vt 0.203125 0.921875
vt 0.218750 0.921875
vt 0.234375 0.921875
vt 0.250000 0.921875
vt 0.265625 0.921875
vt 0.281250 0.921875
vt 0.296875 0.921875
vt 0.312500 0.921875
vt 0.328125 0.921875
vt 0.343750 0.921875
vt 0.359375 0.921875
vt 0.375000 0.921875
vt 0.390625 0.921875
vt 0.406250 0.921875
vt 0.421875 0.921875
vt 0.437500 0.921875
vt 0.453125 0.921875
vt 0.468750 0.921875
vt 0.484375 0.921875
vt 0.500000 0.921875
vt 0.515625 0.921875
vt 0.531250 0.921875
vt 0.546875 0.921875
vt 0.562500 0.921875
vt 0.578125 0.921875
vt 0.593750 0.921875
vt 0.609375 0.921875
vt 0.625000 0.921875
vt 0.640625 0.921875
vt 0.656250 0.921875
vt 0.671875 0.921875
vt 0.687500 0.921875
vt 0.703125 0.921875
vt 0.718750 0.921875
vt 0.734375 0.921875
vt 0.750000 0.921875
vt 0.765625 0.921875
vt 0.781250 0.921875
vt 0.796875 0.921875
vt 0.812500 0.921875
vt 0.828125 0.921875
vt 0.843750 0.921875
vt 0.859375 0.921875
vt 0.875000 0.921875
vt 0.890625 0.921875
vt 0.906250 0.921875
vt 0.921875 0.921875
vt 0.937500 0.921875
vt 0.953125 0.921875
vt 0.968750 0.921875
vt 0.984375 0.921875
vt 0.031250 0.937500
vt 0.015625 0.937500
vt 0.046875 0.937500
vt 0.062500 0.937500
vt 0.078125 0.937500
vt 0.093750 0.937500
vt 0.109375 0.937500
vt 0.125000 0.937500
vt 0.140625 0.937500
vt 0.156250 0.937500
vt 0.171875 0.937500
vt 0.187500 0.937500
vt 0.203125 0.937500
vt 0.218750 0.937500
vt 0.234375 0.937500
vt 0.250000 0.937500
vt 0.265625 0.937500
vt 0.281250 0.937500
vt 0.296875 0.937500
vt 0.312500 0.937500
vt 0.328125 0.937500
vt 0.343750 0.937500
vt 0.359375 0.937500
vt 0.375000 0.937500
vt 0.390625 0.937500
vt 0.406250 0.937500
vt 0.421875 0.937500
vt 0.437500 0.937500
vt 0.453125 0.937500
vt 0.468750 0.937500
vt 0.484375 0.937500
vt 0.500000 0.937500
vt 0.515625 0.937500
vt 0.531250 0.937500
vt 0.546875 0.937500
vt 0.562500 0.937500
vt 0.578125 0.937500
vt 0.593750 0.937500
vt 0.609375 0.937500
vt 0.625000 0.937500
vt 0.640625 0.937500
vt 0.656250 0.937500
vt 0.671875 0.937500
vt 0.687500 0.937500
vt 0.703125 0.937500
vt 0.718750 0.937500
vt 0.734375 0.937500
vt 0.750000 0.937500
vt 0.765625 0.937500
vt 0.781250 0.937500
vt 0.796875 0.937500
vt 0.812500 0.937500
vt 0.828125 0.937500
vt 0.843750 0.937500
vt 0.859375 0.937500
vt 0.875000 0.937500
vt 0.890625 0.937500
vt 0.906250 0.937500
vt 0.921875 0.937500
vt 0.937500 0.937500
vt 0.953125 0.937500
vt 0.968750 0.937500
vt 0.984375 0.937500
vt 0.031250 0.953125
vt 0.015625 0.953125
vt 0.046875 0.953125
vt 0.062500 0.953125
vt 0.078125 0.953125
vt 0.093750 0.953125
vt 0.109375 0.953125
vt 0.125000 0.953125
vt 0.140625 0.953125
vt 0.156250 0.953125
vt 0.171875 0.953125
vt 0.187500 0.953125
vt 0.203125 0.953125
vt 0.218750 0.953125
vt 0.234375 0.953125
vt 0.250000 0.953125
vt 0.265625 0.953125
vt 0.281250 0.953125
vt 0.296875 0.953125
vt 0.312500 0.953125
vt 0.328125 0.953125
vt 0.343750 0.953125
vt 0.359375 0.953125
vt 0.375000 0.953125
vt 0.390625 0.953125
vt 0.406250 0.953125
vt 0.421875 0.953125
vt 0.437500 0.953125
vt 0.453125 0.953125
vt 0.468750 0.953125
vt 0.484375 0.953125
vt 0.500000 0.953125
vt 0.515625 0.953125
vt 0.531250 0.953125
vt 0.546875 0.953125
vt 0.562500 0.953125
vt 0.578125 0.953125
vt 0.593750 0.953125
vt 0.609375 0.953125
vt 0.625000 0.953125
vt 0.640625 0.953125
vt 0.656250 0.953125
vt 0.671875 0.953125
vt 0.687500 0.953125
vt 0.703125 0.953125
vt 0.718750 0.953125
vt 0.734375 0.953125
vt 0.750000 0.953125
vt 0.765625 0.953125
vt 0.781250 0.953125
vt 0.796875 0.953125
vt 0.812500 0.953125
vt 0.828125 0.953125
vt 0.843750 0.953125
vt 0.859375 0.953125
vt 0.875000 0.953125
vt 0.890625 0.953125
vt 0.906250 0.953125
vt 0.921875 0.953125
vt 0.937500 0.953125
vt 0.953125 0.953125
vt 0.968750 0.953125
vt 0.984375 0.953125
vt 0.031250 0.968750
vt 0.015625 0.968750
vt 0.046875 0.968750
vt 0.062500 0.968750
vt 0.078125 0.968750
vt 0.093750 0.968750
vt 0.109375 0.968750
vt 0.125000 0.968750
vt 0.140625 0.968750
vt 0.156250 0.968750
vt 0.171875 0.968750
vt 0.187500 0.968750
vt 0.203125 0.968750
vt 0.218750 0.968750
vt 0.234375 0.968750
vt 0.250000 0.968750
vt 0.265625 0.968750
vt 0.281250 0.968750
vt 0.296875 0.968750
vt 0.312500 0.968750
vt 0.328125 0.968750
vt 0.343750 0.968750
vt 0.359375 0.968750
vt 0.375000 0.968750
vt 0.390625 0.968750
vt 0.406250 0.968750
vt 0.421875 0.968750
vt 0.437500 0.968750
vt 0.453125 0.968750
vt 0.468750 0.968750
vt 0.484375 0.968750
vt 0.500000 0.968750
vt 0.515625 0.968750
vt 0.531250 0.968750
vt 0.546875 0.968750
vt 0.562500 0.968750
vt 0.578125 0.968750
vt 0.593750 0.968750
vt 0.609375 0.968750
vt 0.625000 0.968750
vt 0.640625 0.968750
vt 0.656250 0.968750
vt 0.671875 0.968750
vt 0.687500 0.968750
vt 0.703125 0.968750
vt 0.718750 0.968750
vt 0.734375 0.968750
vt 0.750000 0.968750
vt 0.765625 0.968750
vt 0.781250 0.968750
vt 0.796875 0.968750
vt 0.812500 0.968750
vt 0.828125 0.968750
vt 0.843750 0.968750
vt 0.859375 0.968750
vt 0.875000 0.968750
vt 0.890625 0.968750
vt 0.906250 0.968750
vt 0.921875 0.968750
vt 0.937500 0.968750
vt 0.953125 0.968750
vt 0.968750 0.968750
vt 0.984375 0.968750
vt 0.031250 0.984375
vt 0.015625 0.984375
vt 0.046875 0.984375
vt 0.062500 0.984375
vt 0.078125 0.984375
vt 0.093750 0.984375
vt 0.109375 0.984375
vt 0.125000 0.984375
vt 0.140625 0.984375
vt 0.156250 0.984375
vt 0.171875 0.984375
vt 0.187500 0.984375
vt 0.203125 0.984375
vt 0.218750 0.984375
vt 0.234375 0.984375
vt 0.250000 0.984375
vt 0.265625 0.984375
vt 0.281250 0.984375
vt 0.296875 0.984375
vt 0.312500 0.984375
vt 0.328125 0.984375
vt 0.343750 0.984375
vt 0.359375 0.984375
vt 0.375000 0.984375
vt 0.390625 0.984375
vt 0.406250 0.984375
vt 0.421875 0.984375
vt 0.437500 0.984375
vt 0.453125 0.984375
vt 0.468750 0.984375
vt 0.484375 0.984375
vt 0.500000 0.984375
vt 0.515625 0.984375
vt 0.531250 0.984375
vt 0.546875 0.984375
vt 0.562500 0.984375
vt 0.578125 0.984375
vt 0.593750 0.984375
vt 0.609375 0.984375
vt 0.625000 0.984375
vt 0.640625 0.984375
vt 0.656250 0.984375
vt 0.671875 0.984375
vt 0.687500 0.984375
vt 0.703125 0.984375
vt 0.718750 0.984375
vt 0.734375 0.984375
vt 0.750000 0.984375
vt 0.765625 0.984375
vt 0.781250 0.984375
vt 0.796875 0.984375
vt 0.812500 0.984375
vt 0.828125 0.984375
vt 0.843750 0.984375
vt 0.859375 0.984375
vt 0.875000 0.984375
vt 0.890625 0.984375
vt 0.906250 0.984375
vt 0.921875 0.984375
vt 0.937500 0.984375
vt 0.953125 0.984375
vt 0.968750 0.984375
vt 0.984375 0.984375
vt 0.000000 -0.000000
vt 0.015625 -0.000000
vt 0.000000 0.015625
vt 0.031250 -0.000000
vt 0.046875 -0.000000
vt 0.062500 -0.000000
vt 0.078125 -0.000000
vt 0.093750 -0.000000
vt 0.109375 -0.000000
vt 0.125000 -0.000000
vt 0.140625 -0.000000
vt 0.156250 -0.000000
vt 0.171875 -0.000000
vt 0.187500 -0.000000
vt 0.203125 -0.000000
vt 0.218750 -0.000000
vt 0.234375 -0.000000
vt 0.250000 -0.000000
vt 0.265625 -0.000000
vt 0.281250 -0.000000
vt 0.296875 -0.000000
vt 0.312500 -0.000000
vt 0.328125 -0.000000
vt 0.343750 -0.000000
vt 0.359375 -0.000000
vt 0.375000 -0.000000
vt 0.390625 -0.000000
vt 0.406250 -0.000000
vt 0.421875 -0.000000
vt 0.437500 -0.000000
vt 0.453125 -0.000000
vt 0.468750 -0.000000
vt 0.484375 -0.000000
vt 0.500000 -0.000000
vt 0.515625 -0.000000
vt 0.531250 -0.000000
vt 0.546875 -0.000000
vt 0.562500 -0.000000
vt 0.578125 -0.000000
vt 0.593750 -0.000000
vt 0.609375 -0.000000
vt 0.625000 -0.000000
vt 0.640625 -0.000000
vt 0.656250 -0.000000
vt 0.671875 -0.000000
vt 0.687500 -0.000000
vt 0.703125 -0.000000
vt 0.718750 -0.000000
vt 0.734375 -0.000000
vt 0.750000 -0.000000
vt 0.765625 -0.000000
vt 0.781250 -0.000000
vt 0.796875 -0.000000
vt 0.812500 -0.000000
vt 0.828125 -0.000000
vt 0.843750 -0.000000
vt 0.859375 -0.000000
vt 0.875000 -0.000000
vt 0.890625 -0.000000
vt 0.906250 -0.000000
vt 0.921875 -0.000000
vt 0.937500 -0.000000
vt 0.953125 -0.000000
vt 0.968750 -0.000000
vt 0.984375 -0.000000
vt 1.000000 -0.000000
vt 1.000000 0.015625
vt 1.000000 0.031250
vt 1.000000 0.046875
vt 1.000000 0.062500
vt 1.000000 0.078125
vt 1.000000 0.093750
vt 1.000000 0.109375
vt 1.000000 0.125000
vt 1.000000 0.140625
vt 1.000000 0.156250
vt 1.000000 0.171875
vt 1.000000 0.187500
vt 1.000000 0.203125
vt 1.000000 0.218750
vt 1.000000 0.234375
vt 1.000000 0.250000
vt 1.000000 0.265625
vt 1.000000 0.281250
vt 1.000000 0.296875
vt 1.000000 0.312500
vt 1.000000 0.328125
vt 1.000000 0.343750
vt 1.000000 0.359375
vt 1.000000 0.375000
vt 1.000000 0.390625
vt 1.000000 0.406250
vt 1.000000 0.421875
vt 1.000000 0.437500
vt 1.000000 0.453125
vt 1.000000 0.468750
vt 1.000000 0.484375
vt 1.000000 0.500000
vt 1.000000 0.515625
vt 1.000000 0.531250
vt 1.000000 0.546875
vt 1.000000 0.562500
vt 1.000000 0.578125
vt 1.000000 0.593750
vt 1.000000 0.609375
vt 1.000000 0.625000
vt 1.000000 0.640625
vt 1.000000 0.656250
vt 1.000000 0.671875
vt 1.000000 0.687500
vt 1.000000 0.703125
vt 1.000000 0.718750
vt 1.000000 0.734375
vt 1.000000 0.750000
vt 1.000000 0.765625
vt 1.000000 0.781250
vt 1.000000 0.796875
vt 1.000000 0.812500
vt 1.000000 0.828125
vt 1.000000 0.843750
vt 1.000000 0.859375
vt 1.000000 0.875000
vt 1.000000 0.890625
vt 1.000000 0.906250
vt 1.000000 0.921875
vt 1.000000 0.937500
vt 1.000000 0.953125
vt 1.000000 0.968750
vt 1.000000 0.984375
vt 1.000000 1.000000
vt 0.984375 1.000000
vt 0.968750 1.000000
vt 0.953125 1.000000
vt 0.937500 1.000000
vt 0.921875 1.000000
vt 0.906250 1.000000
vt 0.890625 1.000000
vt 0.875000 1.000000
vt 0.859375 1.000000
vt 0.843750 1.000000
vt 0.828125 1.000000
vt 0.812500 1.000000
vt 0.796875 1.000000
vt 0.781250 1.000000
vt 0.765625 1.000000
vt 0.750000 1.000000
vt 0.734375 1.000000
vt 0.718750 1.000000
vt 0.703125 1.000000
vt 0.687500 1.000000
vt 0.671875 1.000000
vt 0.656250 1.000000
vt 0.640625 1.000000
vt 0.625000 1.000000
vt 0.609375 1.000000
vt 0.593750 1.000000
vt 0.578125 1.000000
vt 0.562500 1.000000
vt 0.546875 1.000000
vt 0.531250 1.000000
vt 0.515625 1.000000
vt 0.500000 1.000000
vt 0.484375 1.000000
vt 0.468750 1.000000
vt 0.453125 1.000000
vt 0.437500 1.000000
vt 0.421875 1.000000
vt 0.406250 1.000000
vt 0.390625 1.000000
vt 0.375000 1.000000
vt 0.359375 1.000000
vt 0.343750 1.000000
vt 0.328125 1.000000
vt 0.312500 1.000000
vt 0.296875 1.000000
vt 0.281250 1.000000
vt 0.265625 1.000000
vt 0.250000 1.000000
vt 0.234375 1.000000
vt 0.218750 1.000000
vt 0.203125 1.000000
vt 0.187500 1.000000
vt 0.171875 1.000000
vt 0.156250 1.000000
vt 0.140625 1.000000
vt 0.125000 1.000000
vt 0.109375 1.000000
vt 0.093750 1.000000
vt 0.078125 1.000000
vt 0.062500 1.000000
vt 0.046875 1.000000
vt 0.031250 1.000000
vt 0.015625 1.000000
vt 0.000000 0.984375
vt 0.000000 1.000000
vt 0.000000 0.968750
vt 0.000000 0.953125
vt 0.000000 0.937500
vt 0.000000 0.921875
vt 0.000000 0.906250
vt 0.000000 0.890625
vt 0.000000 0.875000
vt 0.000000 0.859375
vt 0.000000 0.843750
vt 0.000000 0.828125
vt 0.000000 0.812500
vt 0.000000 0.796875
vt 0.000000 0.781250
vt 0.000000 0.765625
vt 0.000000 0.750000
vt 0.000000 0.734375
vt 0.000000 0.718750
vt 0.000000 0.703125
vt 0.000000 0.687500
vt 0.000000 0.671875
vt 0.000000 0.656250
vt 0.000000 0.640625
vt 0.000000 0.625000
vt 0.000000 0.609375
vt 0.000000 0.593750
vt 0.000000 0.578125
vt 0.000000 0.562500
vt 0.000000 0.546875
vt 0.000000 0.531250
vt 0.000000 0.515625
vt 0.000000 0.500000
vt 0.000000 0.484375
vt 0.000000 0.468750
vt 0.000000 0.453125
vt 0.000000 0.437500
vt 0.000000 0.421875
vt 0.000000 0.406250
vt 0.000000 0.390625
vt 0.000000 0.375000
vt 0.000000 0.359375
vt 0.000000 0.343750
vt 0.000000 0.328125
vt 0.000000 0.312500
vt 0.000000 0.296875
vt 0.000000 0.281250
vt 0.000000 0.265625
vt 0.000000 0.250000
vt 0.000000 0.234375
vt 0.000000 0.218750
vt 0.000000 0.203125
vt 0.000000 0.187500
vt 0.000000 0.171875
vt 0.000000 0.156250
vt 0.000000 0.140625
vt 0.000000 0.125000
vt 0.000000 0.109375
vt 0.000000 0.093750
vt 0.000000 0.078125
vt 0.000000 0.062500
vt 0.000000 0.046875
vt 0.000000 0.031250
vn 0.0009 1.0000 0.0065
vn -0.0010 1.0000 0.0030
vn -0.0007 1.0000 0.0002
vn 0.0009 1.0000 -0.0030
vn -0.0045 1.0000 0.0033
vn -0.0049 1.0000 0.0002
vn 0.0165 0.9998 0.0031
vn 0.0164 0.9998 0.0012
vn 0.0180 0.9998 0.0013
vn 0.0190 0.9998 0.0013
vn -0.0278 0.9996 -0.0007
vn -0.0267 0.9996 -0.0005
vn -0.0379 0.9993 0.0001
vn -0.0371 0.9993 -0.0046
vn -0.0230 0.9997 0.0030
vn -0.0216 0.9997 -0.0114
vn -0.0115 0.9999 0.0003
vn -0.0089 0.9998 -0.0158
vn 0.0041 0.9999 -0.0083
vn 0.0056 0.9999 -0.0143
vn -0.0012 0.9999 -0.0113
vn -0.0015 0.9999 -0.0134
vn -0.0090 0.9999 -0.0049
vn -0.0143 0.9998 -0.0103
vn -0.0161 0.9998 0.0042
vn -0.0225 0.9997 0.0003
vn -0.0229 0.9997 0.0077
vn -0.0248 0.9996 0.0110
vn -0.0262 0.9996 0.0043
vn -0.0241 0.9996 0.0139
vn -0.0286 0.9996 0.0036
vn -0.0286 0.9995 0.0109
vn -0.0276 0.9996 0.0065
vn -0.0336 0.9992 0.0183
vn -0.0205 0.9998 -0.0035
vn -0.0105 0.9997 0.0215
vn 0.0161 0.9997 -0.0164
vn 0.0208 0.9997 0.0092
vn 0.0269 0.9996 0.0004
vn 0.0148 0.9998 0.0053
vn 0.0144 0.9995 0.0276
vn 0.0081 0.9999 0.0098
vn -0.0159 0.9994 0.0313
vn -0.0197 0.9995 0.0235
vn -0.0184 0.9991 0.0376
vn -0.0235 0.9992 0.0326
vn 0.0450 0.9980 0.0444
vn 0.0442 0.9984 0.0356
vn 0.0641 0.9977 0.0226
vn 0.0781 0.9963 0.0342
vn 0.0442 0.9990 0.0037
vn 0.0536 0.9985 0.0129
vn 0.0243 0.9997 -0.0081
vn 0.0356 0.9993 -0.0107
vn 0.0331 0.9992 -0.0207
vn 0.0345 0.9992 -0.0198
vn 0.0291 0.9995 -0.0125
vn 0.0178 0.9998 -0.0110
vn 0.0033 1.0000 -0.0011
vn 0.0022 1.0000 -0.0009
vn 0.0000 1.0000 0.0000
vn -0.0038 1.0000 0.0066
vn -0.0020 1.0000 0.0034
vn -0.0192 0.9990 0.0392
vn 0.0000 1.0000 0.0069
vn 0.0021 0.9981 0.0616
vn 0.0020 1.0000 0.0034
vn 0.0192 0.9993 0.0320
vn 0.0017 1.0000 0.0030
vn -0.0038 1.0000 0.0054
vn -0.0167 0.9997 0.0166
vn -0.0275 0.9995 0.0162
vn -0.0350 0.9985 0.0408
vn -0.0816 0.9966 -0.0137
vn -0.0765 0.9942 0.0748
vn -0.0584 0.9970 -0.0501
vn -0.0772 0.9880 0.1335
vn -0.0813 0.9966 0.0164
vn -0.0897 0.9893 0.1153
vn -0.0830 0.9865 0.1407
vn -0.1056 0.9934 0.0448
vn -0.0416 0.9811 0.1889
vn -0.0432 0.9984 0.0367
vn -0.0809 0.9898 0.1168
vn -0.0327 0.9991 0.0283
vn -0.0085 0.9954 0.0950
vn -0.0583 0.9969 0.0522
vn 0.0042 0.9797 0.2004
vn -0.0389 0.9945 0.0969
vn -0.0484 0.9786 0.1999
vn 0.0289 0.9988 0.0384
vn -0.0328 0.9980 0.0527
vn 0.0280 0.9984 -0.0482
vn 0.0015 0.9987 -0.0513
vn 0.0106 0.9978 -0.0653
vn 0.0243 0.9968 -0.0758
vn 0.0137 0.9992 -0.0375
vn 0.0319 0.9977 -0.0589
vn 0.0175 0.9998 -0.0118
vn 0.0302 0.9988 -0.0370
vn 0.0292 0.9995 -0.0076
vn 0.0240 0.9993 -0.0283
vn 0.0259 0.9995 -0.0179
vn 0.0286 0.9994 -0.0204
vn 0.0209 0.9996 -0.0161
vn 0.0089 0.9999 -0.0070
vn 0.0042 0.9999 -0.0081
vn -0.0001 1.0000 0.0029
vn -0.0026 1.0000 0.0011
vn -0.0027 1.0000 -0.0020
vn 0.0164 0.9998 -0.0069
vn 0.0175 0.9998 -0.0045
vn -0.0266 0.9996 -0.0002
vn -0.0351 0.9994 0.0002
vn -0.0153 0.9998 -0.0072
vn -0.0075 0.9998 -0.0160
vn 0.0005 0.9999 -0.0112
vn -0.0037 1.0000 0.0004
vn -0.0156 0.9998 0.0035
vn -0.0266 0.9996 0.0021
vn -0.0291 0.9995 0.0058
vn -0.0248 0.9996 0.0114
vn -0.0286 0.9995 0.0154
vn -0.0381 0.9991 0.0157
vn -0.0076 0.9998 0.0155
vn 0.0210 0.9995 0.0224
vn 0.0179 0.9996 0.0205
vn 0.0056 0.9998 0.0149
vn -0.0359 0.9988 0.0332
vn -0.0090 0.9996 0.0272
vn 0.0537 0.9984 -0.0166
vn 0.0757 0.9967 -0.0273
vn 0.0630 0.9978 -0.0182
vn 0.0413 0.9989 -0.0207
vn 0.0235 0.9997 -0.0024
vn 0.0103 0.9997 0.0205
vn 0.0087 0.9999 0.0121
vn -0.0012 1.0000 0.0020
vn -0.0167 0.9997 0.0194
vn -0.0566 0.9957 0.0732
vn 0.0098 0.9947 0.1021
vn 0.0578 0.9970 0.0518
vn 0.0068 0.9999 0.0056
vn -0.0301 0.9995 0.0131
vn -0.0414 0.9989 0.0226
vn -0.0877 0.9960 0.0179
vn -0.0928 0.9957 0.0015
vn -0.0593 0.9982 -0.0051
vn -0.0895 0.9959 -0.0127
vn -0.0470 0.9986 -0.0255
vn -0.0348 0.9994 -0.0074
vn -0.0693 0.9975 -0.0099
vn -0.0140 0.9968 -0.0782
vn 0.0548 0.9926 -0.1078
vn 0.0413 0.9949 -0.0920
vn 0.0035 0.9962 -0.0872
vn -0.0091 0.9979 -0.0641
vn 0.0100 0.9992 -0.0378
vn 0.0270 0.9993 -0.0252
vn 0.0261 0.9996 -0.0114
vn 0.0210 0.9997 -0.0136
vn 0.0047 0.9997 -0.0224
vn -0.0007 1.0000 0.0020
vn -0.0036 1.0000 0.0009
vn 0.0028 1.0000 -0.0015
vn 0.0172 0.9998 -0.0073
vn 0.0142 0.9999 -0.0051
vn -0.0278 0.9996 -0.0016
vn -0.0356 0.9994 0.0009
vn -0.0102 0.9999 0.0005
vn -0.0052 1.0000 -0.0034
vn -0.0062 1.0000 -0.0007
vn -0.0136 0.9998 0.0161
vn -0.0137 0.9995 0.0267
vn -0.0221 0.9996 0.0172
vn -0.0327 0.9994 0.0118
vn -0.0261 0.9995 0.0146
vn -0.0291 0.9995 0.0138
vn -0.0352 0.9993 0.0094
vn -0.0096 0.9999 0.0079
vn 0.0129 0.9997 0.0183
vn 0.0220 0.9994 0.0270
vn 0.0031 0.9995 0.0299
vn -0.0479 0.9982 0.0364
vn 0.0165 0.9997 0.0195
vn 0.0832 0.9960 -0.0314
vn 0.0657 0.9963 -0.0547
vn 0.0573 0.9977 -0.0368
vn 0.0399 0.9989 -0.0222
vn 0.0077 0.9999 -0.0110
vn 0.0078 0.9999 -0.0026
vn 0.0151 0.9999 -0.0010
vn -0.0011 1.0000 0.0020
vn -0.0094 0.9998 0.0161
vn -0.0367 0.9982 0.0473
vn -0.0937 0.9913 0.0920
vn 0.0206 0.9937 0.1099
vn 0.1013 0.9927 0.0646
vn 0.0169 0.9997 0.0179
vn 0.0018 1.0000 0.0031
vn -0.0005 1.0000 0.0009
vn -0.0096 0.9999 0.0117
vn -0.0324 0.9993 0.0191
vn -0.0376 0.9992 0.0070
vn -0.0840 0.9965 -0.0010
vn -0.0792 0.9967 -0.0150
vn -0.0752 0.9971 -0.0063
vn -0.0906 0.9954 0.0306
vn -0.0280 0.9995 0.0128
vn -0.0507 0.9986 -0.0107
vn -0.0416 0.9987 -0.0277
vn 0.0266 0.9968 -0.0748
vn 0.0418 0.9951 -0.0894
vn 0.0329 0.9972 -0.0675
vn 0.0049 0.9981 -0.0604
vn -0.0183 0.9973 -0.0703
vn 0.0038 0.9975 -0.0703
vn 0.0131 0.9987 -0.0483
vn 0.0167 0.9996 -0.0222
vn 0.0244 0.9996 -0.0098
vn 0.0009 1.0000 -0.0004
vn -0.0018 1.0000 0.0006
vn -0.0026 1.0000 0.0015
vn 0.0072 1.0000 -0.0016
vn 0.0181 0.9998 -0.0050
vn 0.0110 0.9999 -0.0035
vn -0.0274 0.9996 -0.0023
vn -0.0348 0.9994 -0.0067
vn -0.0090 0.9999 -0.0096
vn -0.0052 0.9999 -0.0077
vn -0.0112 0.9999 -0.0018
vn -0.0226 0.9997 0.0054
vn -0.0122 0.9999 0.0076
vn -0.0151 0.9999 0.0024
vn -0.0339 0.9994 -0.0021
vn -0.0271 0.9996 -0.0012
vn -0.0289 0.9996 0.0010
vn -0.0352 0.9994 0.0052
vn -0.0125 0.9998 0.0116
vn 0.0079 0.9998 0.0147
vn 0.0205 0.9996 0.0172
vn -0.0017 0.9997 0.0251
vn -0.0522 0.9980 0.0343
vn 0.0297 0.9989 0.0362
vn 0.1107 0.9937 0.0163
vn 0.0690 0.9975 -0.0134
vn 0.0473 0.9987 -0.0194
vn 0.0375 0.9992 -0.0126
vn 0.0088 0.9997 -0.0214
vn 0.0054 0.9996 -0.0276
vn 0.0075 0.9999 -0.0121
vn -0.0073 0.9999 0.0086
vn -0.0290 0.9988 0.0385
vn -0.0810 0.9898 0.1167
vn -0.1107 0.9780 0.1766
vn 0.0562 0.9893 0.1342
vn 0.1338 0.9890 0.0621
vn 0.0331 0.9991 0.0248
vn 0.0062 1.0000 0.0044
vn -0.0011 1.0000 0.0000
vn -0.0232 0.9996 0.0135
vn -0.0357 0.9987 0.0350
vn -0.0333 0.9984 0.0454
vn -0.0880 0.9947 0.0537
vn -0.0722 0.9951 0.0671
vn -0.0851 0.9942 0.0660
vn -0.0845 0.9958 0.0345
vn -0.0072 0.9999 0.0057
vn -0.0413 0.9988 -0.0236
vn -0.0187 0.9979 -0.0620
vn 0.0380 0.9966 -0.0728
vn 0.0296 0.9979 -0.0567
vn 0.0171 0.9994 -0.0306
vn 0.0084 0.9998 -0.0164
vn -0.0020 0.9992 -0.0403
vn -0.0012 0.9982 -0.0598
vn -0.0031 0.9990 -0.0452
vn 0.0099 0.9994 -0.0320
vn 0.0160 0.9997 -0.0185
vn -0.0081 0.9999 0.0021
vn -0.0021 1.0000 -0.0003
vn -0.0013 1.0000 0.0006
vn 0.0103 0.9999 -0.0030
vn 0.0196 0.9998 -0.0075
vn 0.0011 1.0000 0.0054
vn -0.0267 0.9994 0.0201
vn -0.0243 0.9997 0.0052
vn -0.0093 0.9999 -0.0092
vn -0.0078 0.9999 -0.0063
vn -0.0114 0.9999 -0.0075
vn -0.0219 0.9996 -0.0154
vn -0.0133 0.9998 -0.0166
vn -0.0143 0.9998 -0.0109
vn -0.0319 0.9994 -0.0111
vn -0.0306 0.9995 -0.0092
vn -0.0303 0.9995 -0.0030
vn -0.0381 0.9993 0.0001
vn -0.0139 0.9999 0.0009
vn 0.0134 0.9998 -0.0092
vn 0.0155 0.9998 -0.0125
vn -0.0086 0.9999 -0.0002
vn -0.0473 0.9988 -0.0060
vn 0.0153 0.9998 0.0078
vn 0.1199 0.9921 0.0360
vn 0.0923 0.9957 0.0102
vn 0.0428 0.9989 -0.0163
vn 0.0362 0.9992 -0.0132
vn 0.0129 0.9998 -0.0092
vn 0.0017 1.0000 -0.0037
vn -0.0009 1.0000 0.0016
vn -0.0194 0.9997 0.0162
vn -0.0537 0.9973 0.0495
vn -0.1420 0.9828 0.1180
vn -0.0891 0.9883 0.1234
vn 0.1038 0.9933 0.0515
vn 0.1343 0.9900 0.0431
vn 0.0603 0.9976 0.0335
vn 0.0091 0.9999 0.0022
vn 0.0000 1.0000 0.0016
vn -0.0002 1.0000 0.0019
vn 0.0000 1.0000 0.0022
vn -0.0008 1.0000 0.0035
vn -0.0054 0.9999 0.0123
vn -0.0318 0.9993 0.0210
vn -0.0382 0.9991 0.0185
vn -0.0603 0.9964 0.0590
vn -0.0776 0.9939 0.0784
vn -0.0719 0.9964 0.0447
vn -0.0892 0.9947 0.0510
vn -0.0522 0.9980 0.0335
vn -0.0056 1.0000 0.0042
vn -0.0117 0.9997 -0.0201
vn 0.0003 0.9979 -0.0650
vn 0.0280 0.9972 -0.0693
vn 0.0124 0.9991 -0.0390
vn 0.0054 0.9998 -0.0158
vn 0.0160 0.9996 -0.0231
vn 0.0127 0.9992 -0.0377
vn -0.0046 0.9993 -0.0376
vn -0.0099 0.9993 -0.0346
vn 0.0063 0.9995 -0.0300
vn 0.0033 0.9998 -0.0154
vn -0.0135 0.9999 -0.0051
vn -0.0021 1.0000 0.0016
vn -0.0018 1.0000 -0.0003
vn 0.0150 0.9999 -0.0037
vn 0.0198 0.9998 -0.0075
vn -0.0130 0.9999 0.0035
vn -0.0260 0.9996 0.0119
vn -0.0108 0.9999 0.0024
vn -0.0086 0.9999 -0.0074
vn -0.0088 0.9999 -0.0097
vn -0.0106 0.9999 -0.0082
vn -0.0183 0.9998 -0.0078
vn -0.0150 0.9998 -0.0099
vn -0.0158 0.9998 -0.0102
vn -0.0296 0.9995 -0.0114
vn -0.0356 0.9993 -0.0088
vn -0.0339 0.9994 -0.0002
vn -0.0398 0.9992 0.0058
vn -0.0079 0.9999 -0.0022
vn 0.0258 0.9994 -0.0234
vn 0.0109 0.9994 -0.0336
vn -0.0123 0.9994 -0.0318
vn -0.0272 0.9981 -0.0540
vn 0.0103 0.9956 -0.0931
vn 0.1068 0.9901 -0.0905
vn 0.1009 0.9932 -0.0585
vn 0.0400 0.9983 -0.0425
vn 0.0276 0.9993 -0.0262
vn 0.0076 0.9999 -0.0064
vn -0.0053 1.0000 0.0051
vn -0.0331 0.9992 0.0213
vn -0.0829 0.9947 0.0614
vn -0.1734 0.9802 0.0956
vn -0.0295 0.9986 0.0445
vn 0.1307 0.9908 -0.0355
vn 0.1078 0.9936 -0.0335
vn 0.0766 0.9970 -0.0057
vn 0.0070 1.0000 0.0014
vn -0.0017 0.9999 0.0086
vn -0.0006 0.9999 0.0122
vn -0.0001 0.9999 0.0128
vn -0.0033 0.9998 0.0160
vn -0.0147 0.9995 0.0274
vn -0.0297 0.9991 0.0310
vn -0.0338 0.9992 0.0222
vn -0.1169 0.9904 0.0733
vn -0.0728 0.9862 0.1483
vn -0.0459 0.9903 0.1310
vn -0.0857 0.9936 0.0732
vn -0.0206 0.9993 0.0311
vn -0.0074 0.9999 0.0091
vn 0.0160 0.9998 -0.0109
vn 0.0128 0.9993 -0.0346
vn 0.0202 0.9991 -0.0379
vn 0.0088 0.9987 -0.0486
vn 0.0023 0.9982 -0.0597
vn 0.0201 0.9983 -0.0543
vn 0.0058 0.9993 -0.0353
vn -0.0083 0.9998 -0.0175
vn -0.0066 0.9998 -0.0198
vn -0.0013 0.9998 -0.0170
vn -0.0054 1.0000 -0.0035
vn -0.0120 0.9999 -0.0014
vn 0.0000 1.0000 0.0030
vn -0.0045 1.0000 0.0039
vn 0.0196 0.9998 -0.0032
vn 0.0177 0.9998 -0.0037
vn -0.0182 0.9998 -0.0023
vn -0.0245 0.9997 -0.0045
vn -0.0081 0.9999 -0.0024
vn -0.0069 1.0000 -0.0002
vn -0.0078 0.9999 -0.0025
vn -0.0122 0.9999 -0.0031
vn -0.0146 0.9998 -0.0072
vn -0.0136 0.9998 -0.0137
vn -0.0170 0.9998 -0.0136
vn -0.0290 0.9995 -0.0114
vn -0.0383 0.9992 -0.0103
vn -0.0396 0.9992 -0.0045
vn -0.0383 0.9992 -0.0034
vn 0.0023 0.9999 -0.0153
vn 0.0215 0.9998 -0.0040
vn 0.0035 0.9996 0.0257
vn 0.0044 0.9999 0.0078
vn 0.0006 0.9989 -0.0462
vn 0.0335 0.9950 -0.0940
vn 0.0896 0.9904 -0.1052
vn 0.0781 0.9946 -0.0687
vn 0.0349 0.9987 -0.0368
vn 0.0127 0.9997 -0.0189
vn 0.0019 1.0000 -0.0033
vn -0.0125 0.9999 0.0072
vn -0.0467 0.9985 0.0266
vn -0.1174 0.9907 0.0692
vn -0.2031 0.9682 0.1457
vn 0.0074 0.9810 0.1938
vn 0.1919 0.9768 0.0952
vn 0.1160 0.9929 -0.0268
vn 0.0585 0.9977 -0.0354
vn 0.0028 1.0000 -0.0044
vn -0.0086 0.9999 0.0073
vn -0.0074 0.9996 0.0272
vn 0.0013 0.9994 0.0356
vn -0.0009 0.9996 0.0260
vn -0.0188 0.9997 0.0176
vn -0.0309 0.9992 0.0232
vn -0.0374 0.9985 0.0403
vn -0.1822 0.9767 0.1130
vn -0.0971 0.9741 0.2044
vn 0.0203 0.9893 0.1446
vn -0.0503 0.9984 0.0241
vn -0.0202 0.9998 0.0055
vn -0.0006 0.9999 0.0146
vn 0.0412 0.9989 -0.0198
vn 0.0211 0.9983 -0.0535
vn 0.0163 0.9982 -0.0579
vn 0.0146 0.9986 -0.0507
vn 0.0014 0.9988 -0.0482
vn 0.0112 0.9992 -0.0368
vn -0.0056 0.9998 -0.0209
vn -0.0100 0.9998 -0.0162
vn -0.0054 0.9999 -0.0130
vn -0.0089 0.9999 -0.0049
vn -0.0079 0.9999 -0.0010
vn -0.0104 0.9999 -0.0015
vn 0.0050 1.0000 0.0016
vn -0.0074 0.9999 0.0043
vn 0.0226 0.9997 -0.0059
vn 0.0143 0.9999 -0.0047
vn -0.0196 0.9998 0.0022
vn -0.0227 0.9997 0.0037
vn -0.0084 0.9999 -0.0009
vn -0.0078 0.9999 -0.0010
vn -0.0061 1.0000 0.0000
vn -0.0101 0.9999 -0.0058
vn -0.0182 0.9998 0.0008
vn -0.0201 0.9995 0.0245
vn -0.0180 0.9991 0.0373
vn -0.0227 0.9994 0.0261
vn -0.0302 0.9995 0.0003
vn -0.0391 0.9990 -0.0203
vn -0.0306 0.9989 -0.0356
vn 0.0024 0.9993 -0.0373
vn -0.0028 1.0000 -0.0071
vn -0.0099 0.9995 0.0277
vn 0.0346 0.9992 0.0171
vn 0.0331 0.9988 -0.0361
vn 0.0435 0.9972 -0.0605
vn 0.0751 0.9963 -0.0401
vn 0.0605 0.9979 -0.0217
vn 0.0289 0.9995 -0.0129
vn 0.0031 1.0000 -0.0041
vn -0.0007 1.0000 0.0012
vn -0.0201 0.9998 0.0082
vn -0.0639 0.9975 0.0312
vn -0.1727 0.9782 0.1148
vn -0.2270 0.9588 0.1706
vn 0.0439 0.9935 0.1048
vn 0.2428 0.9691 0.0440
vn 0.1456 0.9887 0.0343
vn 0.0496 0.9987 0.0070
vn 0.0011 1.0000 -0.0058
vn -0.0203 0.9998 0.0054
vn -0.0186 0.9995 0.0248
vn 0.0062 0.9996 0.0273
vn 0.0054 0.9998 0.0175
vn -0.0407 0.9978 0.0526
vn -0.0507 0.9917 0.1178
vn -0.0203 0.9941 0.1060
vn -0.1986 0.9795 0.0325
vn -0.1177 0.9930 0.0123
vn 0.0688 0.9971 0.0328
vn -0.0159 0.9997 0.0169
vn -0.0363 0.9993 0.0052
vn 0.0128 0.9999 0.0009
vn 0.0621 0.9978 -0.0238
vn 0.0304 0.9986 -0.0423
vn 0.0124 0.9988 -0.0472
vn 0.0092 0.9992 -0.0385
vn 0.0005 0.9995 -0.0302
vn 0.0015 0.9997 -0.0233
vn -0.0068 0.9998 -0.0205
vn -0.0131 0.9997 -0.0179
vn -0.0115 0.9999 -0.0054
vn -0.0114 0.9999 0.0013
vn -0.0082 0.9999 0.0021
vn -0.0081 0.9999 -0.0006
vn 0.0092 0.9999 -0.0052
vn -0.0088 0.9999 -0.0031
vn 0.0237 0.9997 -0.0067
vn 0.0107 0.9999 -0.0037
vn -0.0202 0.9998 -0.0034
vn -0.0195 0.9998 -0.0093
vn -0.0076 0.9999 -0.0116
vn -0.0107 0.9999 -0.0079
vn -0.0048 0.9999 -0.0063
vn -0.0154 0.9998 0.0062
vn -0.0303 0.9991 0.0294
vn -0.0247 0.9991 0.0341
vn -0.0189 0.9993 0.0306
vn -0.0152 0.9994 0.0305
vn -0.0155 0.9997 0.0183
vn -0.0279 0.9996 -0.0054
vn -0.0214 0.9995 -0.0249
vn -0.0100 0.9998 -0.0176
vn -0.0181 0.9998 -0.0002
vn -0.0044 0.9998 -0.0177
vn 0.0401 0.9988 -0.0261
vn 0.0504 0.9986 -0.0125
vn 0.0504 0.9983 -0.0293
vn 0.0616 0.9974 -0.0378
vn 0.0532 0.9984 -0.0203
vn 0.0228 0.9997 -0.0062
vn 0.0006 1.0000 -0.0002
vn -0.0036 1.0000 0.0038
vn -0.0255 0.9996 0.0112
vn -0.0892 0.9951 0.0409
vn -0.2548 0.9556 0.1478
vn -0.1959 0.9618 0.1912
vn 0.1533 0.9875 0.0367
vn 0.2039 0.9789 -0.0136
vn 0.1390 0.9879 0.0682
vn 0.0846 0.9953 0.0467
vn 0.0007 1.0000 -0.0006
vn -0.0322 0.9994 0.0092
vn -0.0295 0.9991 0.0287
vn 0.0113 0.9993 0.0360
vn 0.0091 0.9995 0.0307
vn -0.0931 0.9924 0.0799
vn -0.0855 0.9826 0.1647
vn 0.0263 0.9870 0.1585
vn -0.1447 0.9876 0.0610
vn -0.1244 0.9921 -0.0179
vn 0.0602 0.9978 -0.0254
vn -0.0053 0.9999 -0.0111
vn -0.0356 0.9992 -0.0187
vn 0.0202 0.9994 -0.0280
vn 0.0650 0.9977 -0.0211
vn 0.0336 0.9993 -0.0132
vn 0.0112 0.9998 -0.0116
vn 0.0082 0.9998 -0.0165
vn -0.0017 0.9998 -0.0194
vn -0.0037 0.9999 -0.0135
vn -0.0044 0.9999 -0.0114
vn -0.0183 0.9998 -0.0091
vn -0.0191 0.9998 0.0004
vn -0.0156 0.9998 0.0140
vn -0.0127 0.9995 0.0280
vn 0.0005 0.9997 0.0237
vn 0.0084 0.9999 -0.0049
vn -0.0056 1.0000 -0.0029
vn 0.0213 0.9998 0.0021
vn 0.0110 0.9999 0.0026
vn -0.0136 0.9998 -0.0096
vn -0.0167 0.9996 -0.0199
vn -0.0116 0.9998 -0.0157
vn -0.0129 0.9998 -0.0088
vn -0.0133 0.9999 0.0079
vn -0.0309 0.9988 0.0364
vn -0.0264 0.9991 0.0333
vn -0.0123 0.9999 0.0007
vn -0.0238 0.9997 -0.0085
vn -0.0246 0.9995 0.0160
vn -0.0132 0.9991 0.0403
vn -0.0158 0.9991 0.0392
vn -0.0133 0.9996 0.0241
vn -0.0211 0.9995 0.0219
vn -0.0240 0.9991 0.0336
vn 0.0184 0.9996 0.0221
vn 0.0377 0.9993 -0.0044
vn 0.0502 0.9986 -0.0135
vn 0.0647 0.9977 -0.0212
vn 0.0577 0.9978 -0.0308
vn 0.0438 0.9987 -0.0255
vn 0.0145 0.9998 -0.0092
vn 0.0002 1.0000 -0.0004
vn -0.0062 0.9999 0.0107
vn -0.0085 0.9996 0.0260
vn -0.0266 0.9992 0.0288
vn -0.1292 0.9891 0.0699
vn -0.3135 0.9403 0.1326
vn -0.1419 0.9828 0.1176
vn 0.2128 0.9745 0.0704
vn 0.1615 0.9830 0.0875
vn 0.1234 0.9875 0.0981
vn 0.1210 0.9895 0.0784
vn 0.0187 0.9993 0.0316
vn -0.0327 0.9994 -0.0083
vn -0.0488 0.9988 0.0062
vn 0.0053 0.9991 0.0423
vn 0.0168 0.9988 0.0448
vn -0.1084 0.9940 0.0085
vn -0.1144 0.9934 -0.0019
vn -0.0125 0.9926 0.1210
vn -0.1012 0.9738 0.2033
vn -0.0579 0.9928 0.1051
vn 0.0579 0.9982 0.0132
vn -0.0082 0.9999 0.0052
vn -0.0312 0.9995 0.0100
vn 0.0254 0.9997 0.0032
vn 0.0615 0.9981 -0.0060
vn 0.0338 0.9994 -0.0080
vn 0.0121 0.9998 -0.0115
vn 0.0105 0.9998 -0.0123
vn -0.0043 0.9999 -0.0089
vn -0.0060 0.9999 -0.0064
vn -0.0046 1.0000 -0.0043
vn -0.0197 0.9998 -0.0038
vn -0.0299 0.9995 0.0074
vn -0.0292 0.9989 0.0355
vn -0.0101 0.9991 0.0405
vn 0.0168 0.9998 0.0121
vn 0.0068 0.9999 0.0084
vn -0.0008 0.9999 0.0120
vn 0.0211 0.9998 0.0044
vn 0.0133 0.9999 0.0005
vn -0.0044 0.9999 -0.0070
vn -0.0152 0.9998 -0.0149
vn -0.0177 0.9998 -0.0110
vn -0.0156 0.9998 -0.0028
vn -0.0304 0.9994 0.0144
vn -0.0345 0.9991 0.0214
vn -0.0085 0.9999 0.0001
vn -0.0049 0.9999 -0.0106
vn -0.0289 0.9995 -0.0053
vn -0.0363 0.9993 -0.0011
vn -0.0243 0.9996 0.0136
vn -0.0204 0.9989 0.0416
vn -0.0059 0.9986 0.0517
vn -0.0177 0.9992 0.0354
vn -0.0256 0.9995 0.0205
vn 0.0303 0.9994 0.0142
vn 0.0579 0.9982 -0.0146
vn 0.0592 0.9967 -0.0558
vn 0.0609 0.9965 -0.0573
vn 0.0551 0.9978 -0.0368
vn 0.0336 0.9992 -0.0203
vn 0.0065 0.9999 -0.0053
vn -0.0013 1.0000 0.0023
vn -0.0204 0.9996 0.0182
vn -0.0125 0.9993 0.0340
vn -0.0449 0.9966 0.0694
vn -0.1908 0.9674 0.1663
vn -0.3096 0.9308 0.1943
vn -0.0757 0.9923 0.0975
vn 0.2020 0.9781 0.0504
vn 0.1508 0.9857 0.0750
vn 0.1155 0.9878 0.1043
vn 0.1387 0.9840 0.1116
vn 0.0660 0.9966 0.0494
vn -0.0191 0.9997 -0.0150
vn -0.0667 0.9975 -0.0216
vn -0.0150 0.9998 0.0083
vn 0.0102 0.9986 0.0519
vn -0.0775 0.9959 0.0454
vn -0.1016 0.9946 -0.0205
vn -0.1187 0.9929 0.0084
vn -0.0845 0.9940 0.0689
vn 0.0128 0.9998 0.0141
vn 0.0523 0.9986 -0.0075
vn -0.0114 0.9998 0.0145
vn -0.0282 0.9995 0.0099
vn 0.0444 0.9988 -0.0215
vn 0.0581 0.9975 -0.0392
vn 0.0302 0.9992 -0.0251
vn 0.0137 0.9997 -0.0181
vn 0.0059 0.9999 -0.0122
vn -0.0061 1.0000 -0.0045
vn -0.0074 1.0000 -0.0014
vn -0.0087 0.9999 0.0058
vn -0.0186 0.9998 0.0106
vn -0.0380 0.9992 0.0114
vn -0.0430 0.9988 0.0206
vn 0.0045 0.9999 0.0143
vn 0.0347 0.9993 -0.0132
vn 0.0085 0.9999 0.0048
vn 0.0010 1.0000 0.0070
vn 0.0244 0.9997 0.0003
vn 0.0129 0.9999 -0.0007
vn 0.0004 1.0000 -0.0008
vn -0.0140 0.9999 -0.0032
vn -0.0222 0.9997 -0.0015
vn -0.0217 0.9997 0.0085
vn -0.0351 0.9993 0.0100
vn -0.0233 0.9997 -0.0082
vn -0.0024 0.9998 -0.0168
vn -0.0101 0.9999 -0.0078
vn -0.0285 0.9996 -0.0048
vn -0.0333 0.9993 -0.0147
vn -0.0343 0.9992 -0.0174
vn -0.0409 0.9991 0.0071
vn -0.0147 0.9987 0.0474
vn -0.0025 0.9986 0.0522
vn -0.0071 0.9999 0.0094
vn 0.0132 0.9998 0.0127
vn 0.0744 0.9963 0.0415
vn 0.0894 0.9960 0.0029
vn 0.0538 0.9979 -0.0347
vn 0.0472 0.9984 -0.0293
vn 0.0229 0.9996 -0.0138
vn 0.0019 1.0000 -0.0024
vn -0.0108 0.9998 0.0140
vn -0.0266 0.9993 0.0250
vn -0.0105 0.9998 0.0162
vn -0.0943 0.9936 0.0621
vn -0.2385 0.9637 0.1201
vn -0.2862 0.9512 0.1148
vn -0.0436 0.9916 0.1213
vn 0.2057 0.9731 0.1038
vn 0.1225 0.9856 0.1167
vn 0.1076 0.9834 0.1460
vn 0.1841 0.9801 0.0740
vn 0.0970 0.9953 0.0042
vn -0.0070 0.9999 -0.0057
vn -0.0701 0.9974 -0.0138
vn -0.0363 0.9993 -0.0013
vn -0.0216 0.9987 0.0463
vn -0.0784 0.9909 0.1093
vn -0.0650 0.9912 0.1148
vn -0.1291 0.9908 0.0402
vn -0.0836 0.9965 -0.0010
vn 0.0352 0.9993 0.0124
vn 0.0429 0.9990 0.0123
vn -0.0179 0.9997 0.0175
vn -0.0038 0.9999 -0.0074
vn 0.0671 0.9961 -0.0564
vn 0.0447 0.9974 -0.0554
vn 0.0181 0.9995 -0.0262
vn 0.0121 0.9999 -0.0098
vn 0.0012 1.0000 -0.0048
vn -0.0075 0.9999 -0.0020
vn -0.0135 0.9999 0.0077
vn -0.0149 0.9996 0.0215
vn -0.0197 0.9994 0.0291
vn -0.0356 0.9990 0.0260
vn -0.0403 0.9991 0.0083
vn 0.0125 0.9999 -0.0033
vn 0.0392 0.9992 0.0030
vn 0.0094 0.9999 -0.0022
vn 0.0023 1.0000 -0.0007
vn 0.0240 0.9997 0.0013
vn 0.0125 0.9999 0.0037
vn 0.0025 1.0000 0.0009
vn -0.0134 0.9999 -0.0014
vn -0.0302 0.9995 0.0096
vn -0.0281 0.9993 0.0242
vn -0.0232 0.9996 0.0131
vn -0.0113 0.9999 -0.0097
vn -0.0052 0.9998 -0.0168
vn -0.0143 0.9998 -0.0139
vn -0.0228 0.9995 -0.0194
vn -0.0252 0.9991 -0.0332
vn -0.0367 0.9985 -0.0403
vn -0.0587 0.9978 -0.0298
vn -0.0517 0.9984 0.0240
vn -0.0010 0.9968 0.0799
vn 0.0406 0.9984 0.0384
vn 0.0076 0.9993 -0.0370
vn 0.0628 0.9973 -0.0381
vn 0.1108 0.9937 -0.0179
vn 0.0589 0.9979 -0.0252
vn 0.0396 0.9988 -0.0263
vn 0.0121 0.9998 -0.0104
vn -0.0377 0.9987 0.0322
vn -0.0219 0.9980 0.0595
vn -0.0065 0.9986 0.0530
vn -0.1354 0.9883 0.0707
vn -0.2169 0.9751 0.0454
vn -0.2497 0.9669 -0.0517
vn -0.0478 0.9920 -0.1165
vn 0.1820 0.9821 -0.0472
vn 0.1026 0.9945 0.0205
vn 0.1168 0.9930 0.0129
vn 0.2105 0.9772 0.0252
vn 0.1117 0.9935 0.0218
vn -0.0018 1.0000 -0.0031
vn -0.0700 0.9975 -0.0040
vn -0.0566 0.9982 0.0181
vn -0.0389 0.9986 0.0348
vn -0.1010 0.9941 0.0396
vn -0.0993 0.9863 0.1313
vn -0.0967 0.9741 0.2042
vn -0.0403 0.9918 0.1211
vn 0.0468 0.9987 0.0157
vn 0.0382 0.9992 0.0038
vn -0.0115 0.9999 -0.0060
vn 0.0274 0.9985 -0.0460
vn 0.0631 0.9971 -0.0421
vn 0.0314 0.9994 -0.0136
vn 0.0094 0.9999 -0.0051
vn 0.0090 0.9999 -0.0012
vn 0.0017 1.0000 -0.0017
vn -0.0121 0.9999 0.0025
vn -0.0234 0.9995 0.0176
vn -0.0156 0.9996 0.0221
vn -0.0201 0.9996 0.0164
vn -0.0334 0.9993 0.0162
vn -0.0259 0.9996 0.0051
vn 0.0113 0.9999 -0.0061
vn 0.0325 0.9995 0.0014
vn 0.0086 0.9999 0.0042
vn 0.0044 1.0000 0.0048
vn 0.0207 0.9997 0.0078
vn 0.0150 0.9998 0.0068
vn 0.0047 1.0000 0.0015
vn -0.0163 0.9998 0.0048
vn -0.0391 0.9991 0.0141
vn -0.0273 0.9995 0.0133
vn -0.0099 0.9999 0.0002
vn -0.0018 0.9998 -0.0160
vn -0.0054 0.9997 -0.0247
vn -0.0163 0.9996 -0.0238
vn -0.0150 0.9995 -0.0281
vn -0.0182 0.9990 -0.0396
vn -0.0359 0.9983 -0.0460
vn -0.0670 0.9968 -0.0435
vn -0.0894 0.9958 -0.0179
vn -0.0355 0.9981 0.0503
vn 0.0864 0.9937 0.0714
vn 0.0719 0.9966 -0.0408
vn 0.0513 0.9904 -0.1282
vn 0.0874 0.9922 -0.0886
vn 0.0588 0.9974 -0.0418
vn 0.0291 0.9993 -0.0228
vn 0.0033 1.0000 -0.0056
vn -0.0565 0.9984 0.0025
vn -0.0207 0.9998 0.0060
vn -0.0289 0.9984 0.0495
vn -0.1553 0.9825 0.1023
vn -0.1717 0.9815 0.0843
vn -0.1676 0.9847 -0.0470
vn -0.0322 0.9858 -0.1644
vn 0.1092 0.9850 -0.1338
vn 0.1033 0.9915 -0.0786
vn 0.1062 0.9929 -0.0529
vn 0.1635 0.9860 0.0317
vn 0.1282 0.9879 0.0871
vn 0.0233 0.9989 0.0400
vn -0.0851 0.9961 0.0238
vn -0.0810 0.9942 0.0702
vn -0.0182 0.9980 0.0595
vn -0.0827 0.9965 -0.0117
vn -0.1853 0.9826 0.0136
vn -0.1143 0.9863 0.1185
vn 0.0432 0.9946 0.0942
vn 0.0676 0.9974 0.0229
vn 0.0362 0.9993 0.0023
vn 0.0120 0.9996 -0.0245
vn 0.0320 0.9989 -0.0330
vn 0.0449 0.9989 -0.0135
vn 0.0264 0.9996 -0.0019
vn 0.0078 0.9999 0.0008
vn 0.0087 0.9999 0.0000
vn 0.0041 1.0000 -0.0030
vn -0.0196 0.9998 0.0016
vn -0.0271 0.9996 0.0055
vn -0.0121 0.9999 0.0015
vn -0.0180 0.9998 -0.0023
vn -0.0288 0.9995 -0.0135
vn -0.0212 0.9996 -0.0184
vn 0.0091 0.9999 -0.0114
vn 0.0310 0.9994 -0.0125
vn 0.0054 0.9999 0.0084
vn 0.0061 0.9999 0.0054
vn 0.0183 0.9997 0.0143
vn 0.0213 0.9997 0.0085
vn 0.0059 1.0000 0.0010
vn -0.0179 0.9998 -0.0013
vn -0.0387 0.9992 -0.0085
vn -0.0272 0.9996 -0.0085
vn -0.0020 0.9999 -0.0089
vn 0.0056 0.9998 -0.0190
vn -0.0076 0.9998 -0.0192
vn -0.0176 0.9997 -0.0141
vn -0.0143 0.9998 -0.0086
vn -0.0153 0.9998 -0.0033
vn -0.0308 0.9995 -0.0106
vn -0.0620 0.9976 -0.0303
vn -0.0950 0.9940 -0.0543
vn -0.0806 0.9961 -0.0346
vn 0.0913 0.9957 0.0128
vn 0.1410 0.9900 -0.0044
vn 0.0546 0.9976 -0.0424
vn 0.0613 0.9972 -0.0430
vn 0.0481 0.9985 -0.0266
vn 0.0178 0.9998 -0.0078
vn -0.0045 1.0000 0.0053
vn -0.0452 0.9989 -0.0089
vn -0.0369 0.9993 -0.0049
vn -0.1000 0.9897 0.1018
vn -0.1463 0.9762 0.1599
vn -0.1075 0.9927 0.0540
vn -0.1113 0.9934 -0.0255
vn -0.0178 0.9995 -0.0248
vn 0.0799 0.9962 -0.0332
vn 0.0825 0.9966 -0.0023
vn 0.0864 0.9953 0.0432
vn 0.1178 0.9907 0.0679
vn 0.1332 0.9872 0.0869
vn 0.0725 0.9964 0.0439
vn -0.1242 0.9912 0.0451
vn -0.1040 0.9884 0.1103
vn 0.0288 0.9963 0.0809
vn -0.0487 0.9987 0.0128
vn -0.2267 0.9739 0.0107
vn -0.1363 0.9903 0.0262
vn 0.0833 0.9964 0.0115
vn 0.0654 0.9977 0.0173
vn 0.0399 0.9986 0.0347
vn 0.0231 0.9991 0.0366
vn 0.0342 0.9991 0.0233
vn 0.0472 0.9988 -0.0051
vn 0.0204 0.9997 -0.0104
vn 0.0078 0.9999 -0.0029
vn 0.0065 1.0000 0.0016
vn 0.0021 0.9999 0.0118
vn -0.0204 0.9997 0.0119
vn -0.0206 0.9998 -0.0017
vn -0.0104 0.9998 -0.0117
vn -0.0174 0.9998 -0.0119
vn -0.0209 0.9996 -0.0153
vn -0.0260 0.9995 -0.0157
vn 0.0046 0.9999 -0.0069
vn 0.0324 0.9995 -0.0006
vn 0.0020 1.0000 0.0029
vn 0.0071 1.0000 0.0017
vn 0.0154 0.9998 0.0079
vn 0.0269 0.9996 0.0091
vn 0.0078 0.9999 0.0037
vn -0.0116 0.9999 -0.0081
vn -0.0376 0.9992 -0.0138
vn -0.0297 0.9995 -0.0114
vn 0.0060 0.9998 -0.0207
vn 0.0029 0.9998 -0.0199
vn -0.0123 0.9999 -0.0068
vn -0.0162 0.9998 -0.0063
vn -0.0182 0.9998 -0.0076
vn -0.0136 0.9998 -0.0092
vn -0.0247 0.9996 -0.0152
vn -0.0489 0.9984 -0.0285
vn -0.0805 0.9954 -0.0516
vn -0.1045 0.9931 -0.0536
vn 0.0628 0.9980 -0.0109
vn 0.1582 0.9872 0.0214
vn 0.0721 0.9974 -0.0014
vn 0.0572 0.9981 -0.0237
vn 0.0377 0.9991 -0.0151
vn 0.0108 0.9999 -0.0041
vn -0.0175 0.9997 0.0168
vn -0.0395 0.9983 0.0432
vn -0.0665 0.9946 0.0797
vn -0.1522 0.9824 0.1082
vn -0.0949 0.9941 0.0516
vn -0.0426 0.9984 -0.0356
vn -0.1076 0.9914 -0.0745
vn -0.0276 0.9975 -0.0650
vn 0.0676 0.9975 -0.0186
vn 0.0642 0.9979 0.0038
vn 0.0786 0.9969 0.0042
vn 0.0777 0.9950 0.0632
vn 0.1428 0.9850 0.0964
vn 0.1202 0.9920 0.0390
vn -0.1660 0.9857 0.0299
vn -0.1311 0.9871 0.0915
vn 0.0721 0.9930 0.0938
vn -0.0271 0.9983 0.0508
vn -0.2493 0.9669 0.0547
vn -0.1175 0.9917 0.0527
vn 0.1067 0.9943 -0.0047
vn 0.0431 0.9989 -0.0154
vn 0.0273 0.9992 0.0270
vn 0.0272 0.9988 0.0395
vn 0.0557 0.9984 0.0097
vn 0.0576 0.9982 -0.0168
vn 0.0117 0.9998 -0.0149
vn 0.0054 1.0000 -0.0032
vn -0.0042 0.9999 0.0147
vn -0.0050 0.9994 0.0351
vn -0.0094 0.9995 0.0284
vn -0.0088 0.9999 0.0029
vn -0.0106 0.9999 -0.0070
vn -0.0193 0.9998 -0.0033
vn -0.0218 0.9997 0.0049
vn -0.0265 0.9996 0.0077
vn 0.0020 1.0000 0.0043
vn 0.0269 0.9995 0.0118
vn 0.0037 0.9999 -0.0141
vn 0.0094 0.9999 -0.0060
vn 0.0100 0.9998 -0.0129
vn 0.0234 0.9997 0.0012
vn 0.0117 0.9999 0.0057
vn -0.0075 0.9999 0.0038
vn -0.0344 0.9994 -0.0029
vn -0.0206 0.9994 -0.0262
vn 0.0045 0.9995 -0.0299
vn -0.0094 0.9999 -0.0072
vn -0.0126 0.9999 0.0013
vn -0.0120 0.9999 -0.0061
vn -0.0157 0.9997 -0.0161
vn -0.0072 0.9995 -0.0295
vn -0.0245 0.9991 -0.0347
vn -0.0442 0.9986 -0.0299
vn -0.0813 0.9966 -0.0135
vn -0.1030 0.9946 -0.0130
vn 0.0229 0.9997 0.0071
vn 0.1498 0.9869 0.0598
vn 0.1161 0.9929 0.0256
vn 0.0554 0.9981 -0.0249
vn 0.0294 0.9994 -0.0161
vn 0.0058 1.0000 -0.0044
vn -0.0395 0.9990 0.0210
vn -0.0487 0.9976 0.0482
vn -0.0664 0.9974 0.0264
vn -0.1367 0.9901 -0.0326
vn -0.0873 0.9958 -0.0258
vn -0.0313 0.9992 0.0235
vn -0.0726 0.9972 -0.0150
vn -0.0411 0.9972 -0.0623
vn 0.0502 0.9972 -0.0559
vn 0.0734 0.9952 -0.0644
vn 0.0651 0.9962 -0.0571
vn 0.0268 0.9996 -0.0050
vn 0.1461 0.9885 0.0378
vn 0.1549 0.9877 0.0222
vn -0.1686 0.9854 -0.0246
vn -0.1661 0.9859 -0.0192
vn 0.0701 0.9966 0.0438
vn 0.0030 0.9991 0.0419
vn -0.2371 0.9707 -0.0391
vn -0.0978 0.9909 -0.0925
vn 0.1053 0.9924 -0.0629
vn 0.0168 0.9998 -0.0069
vn 0.0113 0.9997 0.0229
vn 0.0461 0.9989 0.0054
vn 0.0728 0.9970 -0.0267
vn 0.0563 0.9980 -0.0270
vn 0.0073 0.9998 -0.0191
vn -0.0034 0.9999 -0.0081
vn -0.0163 0.9998 0.0099
vn -0.0084 0.9998 0.0160
vn 0.0045 1.0000 0.0044
vn -0.0006 0.9999 -0.0081
vn -0.0141 0.9999 -0.0063
vn -0.0229 0.9997 0.0022
vn -0.0336 0.9992 0.0205
vn -0.0234 0.9992 0.0325
vn 0.0101 0.9998 0.0169
vn 0.0211 0.9998 0.0056
vn 0.0102 0.9998 -0.0188
vn 0.0148 0.9998 -0.0067
vn 0.0006 0.9999 -0.0150
vn 0.0111 0.9999 0.0082
vn 0.0183 0.9997 0.0134
vn -0.0073 0.9999 0.0037
vn -0.0244 0.9997 -0.0070
vn -0.0089 0.9997 -0.0210
vn -0.0083 0.9998 -0.0152
vn -0.0190 0.9998 0.0006
vn -0.0089 0.9999 0.0023
vn -0.0077 0.9999 -0.0039
vn -0.0092 0.9999 -0.0125
vn -0.0012 0.9998 -0.0207
vn -0.0197 0.9992 -0.0340
vn -0.0383 0.9976 -0.0570
vn -0.0916 0.9936 -0.0658
vn -0.0894 0.9934 -0.0710
vn -0.0146 0.9987 -0.0487
vn 0.1237 0.9923 0.0080
vn 0.1614 0.9868 0.0060
vn 0.0558 0.9981 -0.0238
vn 0.0193 0.9997 -0.0157
vn 0.0016 1.0000 -0.0028
vn -0.0481 0.9988 -0.0062
vn -0.0688 0.9975 0.0159
vn -0.0562 0.9969 0.0537
vn -0.1120 0.9923 0.0524
vn -0.1138 0.9920 0.0539
vn -0.0362 0.9974 0.0616
vn -0.0322 0.9987 0.0386
vn -0.0381 0.9992 0.0103
vn 0.0477 0.9988 0.0026
vn 0.0758 0.9970 0.0104
vn 0.0548 0.9983 0.0172
vn 0.0172 0.9998 -0.0002
vn 0.1461 0.9890 -0.0233
vn 0.1600 0.9870 -0.0131
vn -0.1222 0.9908 -0.0575
vn -0.2123 0.9748 -0.0689
vn 0.0021 0.9982 0.0601
vn 0.0475 0.9942 0.0959
vn -0.1650 0.9857 -0.0325
vn -0.0788 0.9851 -0.1525
vn 0.0514 0.9909 -0.1243
vn -0.0133 0.9993 -0.0339
vn 0.0136 0.9998 -0.0155
vn 0.0703 0.9966 -0.0441
vn 0.0734 0.9958 -0.0546
vn 0.0422 0.9986 -0.0315
vn 0.0056 0.9999 -0.0123
vn -0.0100 0.9999 -0.0091
vn -0.0207 0.9997 -0.0081
vn -0.0045 0.9999 -0.0132
vn 0.0093 0.9998 -0.0165
vn -0.0038 1.0000 -0.0067
vn -0.0173 0.9998 0.0024
vn -0.0270 0.9996 0.0066
vn -0.0500 0.9985 0.0235
vn -0.0194 0.9993 0.0329
vn 0.0264 0.9995 0.0136
vn 0.0204 0.9998 -0.0020
vn 0.0159 0.9998 -0.0142
vn 0.0195 0.9998 -0.0083
vn -0.0092 0.9999 -0.0108
vn -0.0040 0.9999 0.0089
vn 0.0253 0.9995 0.0174
vn 0.0017 1.0000 -0.0002
vn -0.0163 0.9997 -0.0188
vn -0.0090 0.9998 -0.0186
vn -0.0172 0.9998 -0.0089
vn -0.0233 0.9997 -0.0020
vn -0.0088 0.9999 0.0035
vn -0.0060 0.9999 0.0065
vn -0.0055 0.9999 0.0057
vn 0.0007 1.0000 0.0042
vn -0.0040 0.9999 -0.0127
vn -0.0168 0.9984 -0.0533
vn -0.0717 0.9908 -0.1142
vn -0.0798 0.9842 -0.1581
vn -0.0650 0.9919 -0.1085
vn 0.0933 0.9953 -0.0269
vn 0.1841 0.9828 -0.0139
vn 0.0544 0.9983 -0.0219
vn 0.0082 0.9999 -0.0088
vn -0.0349 0.9992 -0.0165
vn -0.0933 0.9954 -0.0191
vn -0.0938 0.9944 0.0489
vn -0.0917 0.9927 0.0777
vn -0.0822 0.9965 -0.0127
vn -0.0316 0.9962 -0.0811
vn -0.0458 0.9980 -0.0432
vn -0.0276 0.9995 -0.0101
vn 0.0480 0.9986 -0.0217
vn 0.0453 0.9987 0.0229
vn 0.0619 0.9965 0.0562
vn 0.0494 0.9987 0.0053
vn 0.1444 0.9892 -0.0251
vn 0.1473 0.9890 -0.0090
vn -0.0672 0.9970 -0.0375
vn -0.2292 0.9700 -0.0814
vn -0.0970 0.9953 -0.0022
vn 0.0692 0.9931 0.0943
vn -0.0765 0.9964 0.0370
vn -0.0575 0.9976 -0.0375
vn -0.0010 0.9999 -0.0107
vn -0.0293 0.9994 0.0179
vn 0.0342 0.9994 -0.0075
vn 0.0783 0.9965 -0.0273
vn 0.0640 0.9978 -0.0140
vn 0.0328 0.9994 -0.0049
vn 0.0048 0.9999 -0.0065
vn -0.0100 0.9999 -0.0083
vn -0.0181 0.9997 -0.0140
vn -0.0019 0.9998 -0.0178
vn 0.0034 0.9999 -0.0087
vn -0.0128 0.9999 0.0070
vn -0.0184 0.9997 0.0154
vn -0.0316 0.9993 0.0209
vn -0.0563 0.9981 0.0225
vn -0.0121 0.9998 0.0116
vn 0.0371 0.9993 -0.0001
vn 0.0218 0.9997 -0.0053
vn 0.0157 0.9997 0.0198
vn 0.0137 0.9999 0.0037
vn -0.0045 0.9999 0.0088
vn -0.0067 0.9998 -0.0143
vn 0.0219 0.9997 -0.0124
vn 0.0109 0.9999 -0.0047
vn -0.0083 0.9998 -0.0156
vn -0.0136 0.9997 -0.0217
vn -0.0259 0.9996 -0.0086
vn -0.0281 0.9996 0.0075
vn -0.0116 0.9998 0.0150
vn -0.0059 0.9998 0.0168
vn -0.0058 0.9998 0.0181
vn 0.0003 0.9998 0.0209
vn 0.0097 0.9998 0.0149
vn 0.0056 0.9999 -0.0063
vn -0.0312 0.9981 -0.0534
vn -0.0561 0.9912 -0.1198
vn -0.0876 0.9817 -0.1687
vn 0.0483 0.9896 -0.1353
vn 0.1646 0.9857 -0.0368
vn 0.0566 0.9984 0.0027
vn 0.0015 1.0000 -0.0026
vn -0.0291 0.9995 0.0064
vn -0.1038 0.9944 0.0174
vn -0.1148 0.9933 0.0045
vn -0.0644 0.9973 -0.0349
vn -0.0362 0.9968 -0.0705
vn -0.0346 0.9966 -0.0751
vn -0.0837 0.9956 -0.0422
vn -0.0187 0.9995 -0.0241
vn 0.0625 0.9967 -0.0514
vn 0.0185 0.9970 -0.0750
vn 0.0575 0.9967 -0.0561
vn 0.0655 0.9975 -0.0262
vn 0.1403 0.9900 -0.0154
vn 0.1364 0.9906 -0.0025
vn -0.0334 0.9994 -0.0124
vn -0.1957 0.9773 -0.0810
vn -0.1788 0.9799 -0.0879
vn 0.0371 0.9993 0.0069
vn -0.0247 0.9991 0.0350
vn -0.0631 0.9976 0.0274
vn -0.0233 0.9985 0.0486
vn -0.0253 0.9983 0.0515
vn 0.0579 0.9979 0.0290
vn 0.0818 0.9966 0.0021
vn 0.0584 0.9983 -0.0076
vn 0.0332 0.9994 -0.0078
vn 0.0048 0.9999 -0.0070
vn -0.0104 0.9999 -0.0046
vn -0.0121 0.9999 -0.0087
vn -0.0042 0.9999 -0.0114
vn -0.0109 0.9999 0.0079
vn -0.0231 0.9991 0.0342
vn -0.0193 0.9988 0.0447
vn -0.0283 0.9990 0.0352
vn -0.0460 0.9989 0.0101
vn -0.0033 0.9999 -0.0119
vn 0.0368 0.9992 -0.0146
vn 0.0214 0.9997 -0.0081
vn 0.0130 0.9999 -0.0068
vn -0.0001 0.9998 -0.0188
vn 0.0083 0.9998 -0.0133
vn 0.0010 0.9997 -0.0254
vn 0.0104 0.9997 -0.0207
vn 0.0080 0.9999 -0.0038
vn -0.0008 1.0000 -0.0008
vn -0.0146 0.9998 -0.0059
vn -0.0349 0.9994 -0.0018
vn -0.0333 0.9994 0.0063
vn -0.0149 0.9998 0.0132
vn -0.0073 0.9998 0.0194
vn -0.0071 0.9997 0.0227
vn -0.0042 0.9995 0.0298
vn 0.0055 0.9987 0.0507
vn 0.0204 0.9983 0.0537
vn 0.0068 0.9999 0.0103
vn -0.0216 0.9986 -0.0475
vn -0.0454 0.9905 -0.1294
vn 0.0068 0.9861 -0.1657
vn 0.0980 0.9922 -0.0768
vn 0.0591 0.9982 -0.0038
vn -0.0010 1.0000 0.0018
vn -0.0570 0.9973 0.0452
vn -0.1052 0.9908 0.0847
vn -0.0714 0.9971 0.0260
vn -0.0467 0.9981 -0.0391
vn -0.0554 0.9984 -0.0027
vn -0.0623 0.9948 0.0808
vn -0.0836 0.9919 0.0949
vn -0.0018 0.9987 0.0498
vn 0.0779 0.9966 0.0239
vn 0.0370 0.9992 -0.0116
vn 0.0381 0.9988 -0.0287
vn 0.0631 0.9978 -0.0204
vn 0.1382 0.9901 -0.0229
vn 0.1174 0.9931 0.0025
vn -0.0111 0.9999 0.0083
vn -0.1606 0.9867 -0.0240
vn -0.1949 0.9793 -0.0549
vn -0.0148 0.9993 -0.0346
vn -0.0219 0.9995 0.0196
vn -0.0485 0.9988 0.0002
vn -0.0331 0.9991 -0.0265
vn -0.0290 0.9995 -0.0060
vn 0.0731 0.9973 -0.0049
vn 0.0894 0.9958 -0.0177
vn 0.0574 0.9981 -0.0196
vn 0.0301 0.9995 -0.0126
vn 0.0049 0.9999 -0.0083
vn -0.0132 0.9999 -0.0061
vn -0.0084 0.9999 -0.0036
vn -0.0076 1.0000 -0.0014
vn -0.0256 0.9996 0.0101
vn -0.0358 0.9989 0.0308
vn -0.0238 0.9985 0.0498
vn -0.0189 0.9985 0.0510
vn -0.0254 0.9994 0.0245
vn 0.0075 0.9999 -0.0073
vn 0.0296 0.9995 -0.0107
vn 0.0189 0.9998 -0.0005
vn 0.0199 0.9988 -0.0439
vn -0.0004 0.9998 -0.0208
vn 0.0030 0.9992 -0.0400
vn -0.0015 0.9999 -0.0145
vn 0.0031 1.0000 -0.0023
vn 0.0024 1.0000 0.0029
vn 0.0036 1.0000 0.0020
vn -0.0129 0.9999 -0.0033
vn -0.0362 0.9993 -0.0080
vn -0.0375 0.9993 -0.0067
vn -0.0223 0.9997 0.0063
vn -0.0108 0.9998 0.0187
vn -0.0076 0.9997 0.0222
vn -0.0127 0.9994 0.0307
vn -0.0135 0.9983 0.0570
vn 0.0320 0.9973 0.0665
vn 0.0427 0.9987 0.0286
vn 0.0035 0.9998 -0.0180
vn -0.0035 0.9987 -0.0509
vn 0.0030 0.9967 -0.0811
vn 0.0460 0.9961 -0.0756
vn 0.0409 0.9988 -0.0276
vn -0.0133 0.9997 0.0192
vn -0.0926 0.9940 0.0580
vn -0.0840 0.9955 0.0443
vn -0.0265 0.9996 -0.0098
vn -0.0464 0.9987 -0.0225
vn -0.1022 0.9945 0.0213
vn -0.0909 0.9937 0.0660
vn -0.0538 0.9973 0.0494
vn -0.0002 0.9991 0.0414
vn 0.0743 0.9948 0.0695
vn 0.0538 0.9952 0.0818
vn 0.0464 0.9973 0.0559
vn 0.0945 0.9953 -0.0218
vn 0.1120 0.9933 -0.0272
vn 0.0870 0.9951 0.0467
vn 0.0261 0.9992 0.0304
vn -0.1449 0.9890 -0.0292
vn -0.1694 0.9830 -0.0703
vn -0.0770 0.9965 -0.0319
vn -0.0463 0.9972 0.0585
vn -0.0027 0.9991 0.0414
vn -0.0450 0.9989 0.0120
vn -0.0251 0.9997 0.0060
vn 0.0819 0.9965 -0.0177
vn 0.0879 0.9959 -0.0176
vn 0.0538 0.9985 -0.0071
vn 0.0230 0.9997 0.0042
vn 0.0055 0.9999 0.0111
vn -0.0089 0.9999 0.0008
vn -0.0110 0.9999 -0.0044
vn -0.0166 0.9998 0.0133
vn -0.0272 0.9994 0.0200
vn -0.0359 0.9993 0.0025
vn -0.0341 0.9994 0.0012
vn -0.0209 0.9995 0.0209
vn -0.0093 0.9997 0.0233
vn 0.0189 0.9998 0.0083
vn 0.0244 0.9997 0.0012
vn 0.0190 0.9998 -0.0002
vn 0.0229 0.9995 -0.0193
vn 0.0113 0.9998 -0.0170
vn -0.0078 0.9999 -0.0099
vn -0.0048 0.9999 -0.0113
vn -0.0000 0.9999 -0.0124
vn -0.0001 0.9999 -0.0080
vn 0.0040 1.0000 -0.0035
vn -0.0105 0.9999 -0.0030
vn -0.0324 0.9994 -0.0089
vn -0.0417 0.9991 -0.0096
vn -0.0329 0.9995 0.0027
vn -0.0150 0.9998 0.0158
vn -0.0094 0.9997 0.0226
vn -0.0199 0.9994 0.0296
vn -0.0197 0.9995 0.0264
vn 0.0157 0.9983 0.0555
vn 0.0573 0.9938 0.0954
vn 0.0414 0.9978 0.0520
vn 0.0132 0.9998 -0.0089
vn 0.0169 0.9994 -0.0311
vn 0.0294 0.9991 -0.0320
vn 0.0179 0.9998 -0.0119
vn -0.0129 0.9997 0.0222
vn -0.0334 0.9977 0.0597
vn -0.0797 0.9963 0.0315
vn -0.0626 0.9979 -0.0162
vn -0.0241 0.9997 -0.0030
vn -0.0614 0.9976 0.0318
vn -0.1139 0.9929 0.0346
vn -0.0686 0.9973 -0.0251
vn -0.0409 0.9969 -0.0670
vn -0.0262 0.9989 -0.0391
vn 0.0468 0.9986 0.0234
vn 0.0521 0.9966 0.0631
vn 0.0841 0.9961 0.0276
vn 0.1253 0.9920 -0.0128
vn 0.0693 0.9975 0.0133
vn 0.0745 0.9967 0.0327
vn 0.0648 0.9979 0.0026
vn -0.1218 0.9916 -0.0434
vn -0.1558 0.9856 -0.0661
vn -0.1308 0.9908 -0.0334
vn -0.0757 0.9968 0.0237
vn 0.0009 0.9965 0.0832
vn -0.0374 0.9952 0.0904
vn 0.0138 0.9997 0.0191
vn 0.0873 0.9957 -0.0314
vn 0.0805 0.9963 -0.0284
vn 0.0456 0.9989 -0.0121
vn 0.0158 0.9998 0.0030
vn 0.0067 0.9999 0.0065
vn -0.0022 1.0000 0.0034
vn -0.0177 0.9998 0.0085
vn -0.0301 0.9992 0.0255
vn -0.0233 0.9991 0.0353
vn -0.0243 0.9994 0.0260
vn -0.0368 0.9992 0.0121
vn -0.0273 0.9996 0.0082
vn -0.0035 1.0000 0.0065
vn 0.0261 0.9996 -0.0008
vn 0.0266 0.9996 -0.0099
vn 0.0216 0.9996 -0.0167
vn 0.0114 0.9999 -0.0091
vn 0.0148 0.9995 -0.0252
vn -0.0056 1.0000 -0.0026
vn -0.0027 0.9999 -0.0088
vn -0.0009 0.9999 -0.0097
vn -0.0017 0.9999 -0.0098
vn 0.0002 1.0000 -0.0050
vn -0.0078 0.9999 -0.0037
vn -0.0277 0.9995 -0.0107
vn -0.0439 0.9989 -0.0141
vn -0.0436 0.9990 -0.0041
vn -0.0210 0.9997 0.0114
vn -0.0144 0.9996 0.0235
vn -0.0239 0.9992 0.0318
vn -0.0167 0.9992 0.0366
vn -0.0275 0.9967 0.0763
vn 0.0225 0.9857 0.1669
vn 0.0887 0.9792 0.1823
vn 0.0558 0.9944 0.0891
vn 0.0289 0.9994 0.0175
vn 0.0274 0.9996 0.0012
vn 0.0099 0.9999 -0.0018
vn -0.0327 0.9994 0.0115
vn -0.0480 0.9983 0.0328
vn -0.0681 0.9955 0.0659
vn -0.0685 0.9923 0.1027
vn -0.0329 0.9928 0.1148
vn -0.0660 0.9922 0.1051
vn -0.0697 0.9969 0.0349
vn -0.0366 0.9986 -0.0374
vn -0.0520 0.9982 -0.0306
vn -0.0273 0.9989 -0.0382
vn 0.0166 0.9987 -0.0468
vn 0.0410 0.9990 -0.0151
vn 0.0951 0.9952 0.0207
vn 0.1023 0.9915 0.0803
vn 0.0468 0.9904 0.1301
vn 0.1038 0.9895 0.1006
vn 0.0954 0.9950 0.0298
vn -0.0887 0.9955 -0.0346
vn -0.1607 0.9850 -0.0621
vn -0.1412 0.9875 -0.0700
vn -0.0863 0.9921 -0.0905
vn -0.0456 0.9976 -0.0528
vn -0.0219 0.9997 -0.0057
vn 0.0467 0.9988 -0.0157
vn 0.0898 0.9956 -0.0250
vn 0.0747 0.9969 -0.0223
vn 0.0382 0.9991 -0.0160
vn 0.0158 0.9997 -0.0185
vn 0.0063 0.9997 -0.0213
vn -0.0100 0.9999 -0.0040
vn -0.0260 0.9995 0.0184
vn -0.0325 0.9993 0.0198
vn -0.0264 0.9995 0.0195
vn -0.0277 0.9988 0.0400
vn -0.0257 0.9988 0.0409
vn -0.0167 0.9998 0.0077
vn -0.0020 0.9999 -0.0115
vn 0.0284 0.9995 -0.0107
vn 0.0311 0.9994 -0.0133
vn 0.0226 0.9996 -0.0158
vn 0.0069 0.9999 0.0115
vn 0.0106 0.9998 0.0127
vn 0.0005 1.0000 0.0021
vn -0.0037 1.0000 -0.0003
vn 0.0001 1.0000 0.0005
vn -0.0036 1.0000 0.0021
vn -0.0018 1.0000 0.0041
vn -0.0022 1.0000 -0.0032
vn -0.0215 0.9996 -0.0163
vn -0.0436 0.9987 -0.0241
vn -0.0526 0.9984 -0.0193
vn -0.0329 0.9995 0.0010
vn -0.0246 0.9993 0.0268
vn -0.0278 0.9987 0.0426
vn -0.0258 0.9979 0.0600
vn -0.0479 0.9963 0.0709
vn -0.0310 0.9939 0.1059
vn 0.0676 0.9750 0.2114
vn 0.1181 0.9670 0.2256
vn 0.0790 0.9913 0.1049
vn 0.0376 0.9991 0.0185
vn 0.0106 0.9999 0.0029
vn -0.0052 0.9999 0.0089
vn -0.0456 0.9985 0.0284
vn -0.0684 0.9956 0.0638
vn -0.0905 0.9904 0.1043
vn -0.0793 0.9890 0.1245
vn -0.0306 0.9912 0.1285
vn -0.0247 0.9977 0.0630
vn -0.0079 0.9990 -0.0434
vn -0.0430 0.9969 -0.0660
vn -0.0617 0.9970 -0.0464
vn -0.0060 0.9982 -0.0587
vn 0.0029 0.9980 -0.0628
vn 0.0272 0.9985 -0.0478
vn 0.0678 0.9976 -0.0137
vn 0.0650 0.9972 0.0378
vn 0.0204 0.9950 0.0979
vn 0.1319 0.9841 0.1187
vn 0.1436 0.9882 0.0525
vn -0.0609 0.9980 -0.0156
vn -0.1527 0.9870 -0.0493
vn -0.1364 0.9886 -0.0633
vn -0.0752 0.9947 -0.0703
vn -0.0776 0.9942 -0.0739
vn -0.0374 0.9985 -0.0392
vn 0.0548 0.9983 -0.0175
vn 0.0916 0.9955 -0.0250
vn 0.0659 0.9977 -0.0155
vn 0.0371 0.9993 -0.0046
vn 0.0212 0.9997 -0.0096
vn 0.0024 0.9999 -0.0095
vn -0.0180 0.9998 -0.0064
vn -0.0295 0.9995 -0.0091
vn -0.0268 0.9995 -0.0143
vn -0.0331 0.9994 -0.0123
vn -0.0471 0.9988 0.0122
vn -0.0142 0.9996 0.0253
vn 0.0055 1.0000 0.0004
vn -0.0066 0.9999 -0.0107
vn 0.0242 0.9997 0.0037
vn 0.0382 0.9992 0.0013
vn 0.0223 0.9997 -0.0081
vn 0.0090 0.9998 0.0129
vn 0.0062 0.9999 0.0078
vn 0.0064 0.9999 0.0087
vn -0.0024 1.0000 -0.0012
vn -0.0013 1.0000 -0.0019
vn -0.0048 1.0000 0.0010
vn -0.0019 1.0000 0.0012
vn 0.0018 1.0000 0.0016
vn -0.0137 0.9999 -0.0054
vn -0.0379 0.9991 -0.0208
vn -0.0602 0.9979 -0.0222
vn -0.0517 0.9987 0.0027
vn -0.0342 0.9991 0.0255
vn -0.0303 0.9991 0.0305
vn -0.0361 0.9987 0.0350
vn -0.0454 0.9983 0.0374
vn -0.0486 0.9984 0.0300
vn -0.0097 0.9962 0.0861
vn 0.1376 0.9763 0.1666
vn 0.1616 0.9797 0.1187
vn 0.0580 0.9979 0.0295
vn 0.0143 0.9999 0.0035
vn -0.0222 0.9995 0.0202
vn -0.0535 0.9976 0.0433
vn -0.0822 0.9956 0.0438
vn -0.0862 0.9961 0.0179
vn -0.0745 0.9970 -0.0192
vn -0.0317 0.9990 -0.0299
vn 0.0239 0.9986 -0.0466
vn 0.0043 0.9990 -0.0449
vn -0.0519 0.9982 -0.0280
vn -0.0482 0.9973 -0.0552
vn 0.0026 0.9967 -0.0806
vn -0.0092 0.9975 -0.0705
vn 0.0141 0.9990 -0.0426
vn 0.0553 0.9979 -0.0330
vn 0.0518 0.9979 -0.0395
vn -0.0070 0.9996 -0.0273
vn 0.1355 0.9907 -0.0081
vn 0.1724 0.9850 -0.0006
vn -0.0496 0.9987 -0.0039
vn -0.1403 0.9900 -0.0117
vn -0.1514 0.9884 0.0047
vn -0.0699 0.9971 0.0285
vn -0.0755 0.9969 0.0211
vn -0.0511 0.9987 0.0062
vn 0.0645 0.9979 -0.0103
vn 0.0926 0.9955 -0.0218
vn 0.0574 0.9982 -0.0188
vn 0.0328 0.9994 -0.0079
vn 0.0201 0.9998 0.0065
vn 0.0009 0.9999 0.0109
vn -0.0153 0.9998 0.0054
vn -0.0259 0.9996 -0.0028
vn -0.0271 0.9996 -0.0034
vn -0.0384 0.9992 0.0040
vn -0.0530 0.9986 -0.0013
vn -0.0120 0.9999 -0.0082
vn 0.0116 0.9999 0.0022
vn -0.0153 0.9997 0.0179
vn 0.0208 0.9995 0.0241
vn 0.0500 0.9987 0.0119
vn 0.0273 0.9996 -0.0075
vn 0.0065 0.9999 -0.0067
vn 0.0051 0.9999 -0.0078
vn 0.0086 0.9999 -0.0019
vn 0.0005 1.0000 -0.0009
vn -0.0039 1.0000 -0.0008
vn -0.0019 1.0000 -0.0044
vn -0.0050 1.0000 -0.0043
vn -0.0004 1.0000 0.0043
vn -0.0055 1.0000 0.0013
vn -0.0309 0.9995 -0.0094
vn -0.0691 0.9976 -0.0047
vn -0.0592 0.9982 -0.0013
vn -0.0329 0.9994 -0.0134
vn -0.0388 0.9992 -0.0057
vn -0.0370 0.9993 0.0060
vn -0.0444 0.9990 0.0035
vn -0.0491 0.9987 0.0101
vn -0.0396 0.9992 0.0070
vn 0.1218 0.9925 0.0068
vn 0.2032 0.9790 0.0145
vn 0.0787 0.9969 -0.0006
vn 0.0125 0.9999 -0.0067
vn -0.0371 0.9993 0.0054
vn -0.0458 0.9989 -0.0052
vn -0.0661 0.9967 -0.0458
vn -0.0880 0.9951 -0.0438
vn -0.0615 0.9978 -0.0256
vn -0.0160 0.9978 -0.0642
vn 0.0258 0.9966 -0.0778
vn -0.0189 0.9989 -0.0425
vn -0.0468 0.9985 -0.0286
vn -0.0230 0.9983 -0.0536
vn 0.0026 0.9974 -0.0711
vn -0.0167 0.9975 -0.0683
vn -0.0005 0.9983 -0.0585
vn 0.0501 0.9981 -0.0338
vn 0.0423 0.9991 -0.0018
vn -0.0114 0.9999 0.0088
vn 0.1126 0.9930 0.0360
vn 0.1668 0.9828 0.0786
vn -0.0157 0.9992 0.0357
vn -0.1624 0.9864 0.0243
vn -0.1679 0.9828 0.0768
vn -0.0452 0.9980 0.0426
vn -0.0727 0.9973 0.0027
vn -0.0468 0.9989 0.0032
vn 0.0803 0.9966 -0.0157
vn 0.0887 0.9957 -0.0244
vn 0.0524 0.9985 -0.0121
vn 0.0269 0.9996 -0.0041
vn 0.0118 0.9999 0.0059
vn 0.0029 0.9999 0.0124
vn -0.0132 0.9998 0.0111
vn -0.0251 0.9996 0.0144
vn -0.0337 0.9991 0.0252
vn -0.0401 0.9987 0.0323
vn -0.0309 0.9995 0.0025
vn -0.0132 0.9995 -0.0267
vn -0.0066 1.0000 -0.0032
vn -0.0170 0.9997 0.0157
vn 0.0190 0.9997 0.0156
vn 0.0560 0.9982 0.0205
vn 0.0400 0.9991 0.0079
vn 0.0130 0.9998 -0.0122
vn 0.0168 0.9996 0.0201
vn 0.0059 0.9997 -0.0234
vn -0.0002 0.9998 -0.0184
vn -0.0045 0.9998 -0.0160
vn -0.0004 0.9999 -0.0141
vn -0.0081 0.9999 -0.0115
vn -0.0040 0.9999 -0.0087
vn -0.0024 1.0000 -0.0048
vn -0.0271 0.9996 -0.0060
vn -0.0706 0.9974 -0.0147
vn -0.0599 0.9981 -0.0141
vn -0.0367 0.9993 0.0056
vn -0.0454 0.9988 0.0161
vn -0.0239 0.9997 -0.0067
vn -0.0395 0.9986 -0.0352
vn -0.0678 0.9975 -0.0184
vn -0.0263 0.9996 -0.0070
vn 0.1126 0.9935 -0.0146
vn 0.1965 0.9805 0.0067
vn 0.0963 0.9953 0.0033
vn 0.0030 1.0000 -0.0051
vn -0.0374 0.9993 -0.0006
vn -0.0405 0.9992 0.0011
vn -0.0582 0.9981 0.0190
vn -0.1075 0.9935 0.0364
vn -0.0447 0.9987 0.0238
vn 0.0184 0.9995 -0.0252
vn 0.0082 0.9991 -0.0403
vn -0.0286 0.9991 -0.0288
vn -0.0371 0.9984 -0.0423
vn -0.0085 0.9982 -0.0588
vn 0.0006 0.9980 -0.0630
vn -0.0141 0.9976 -0.0671
vn -0.0056 0.9973 -0.0728
vn 0.0203 0.9991 -0.0374
vn 0.0222 0.9996 0.0159
vn -0.0014 0.9998 0.0219
vn 0.0724 0.9963 0.0457
vn 0.1625 0.9831 0.0839
vn 0.0437 0.9982 0.0402
vn -0.1946 0.9808 0.0097
vn -0.1578 0.9875 0.0028
vn -0.0076 0.9991 -0.0415
vn -0.0821 0.9953 -0.0508
vn -0.0338 0.9978 -0.0562
vn 0.0864 0.9939 -0.0689
vn 0.0696 0.9969 -0.0374
vn 0.0425 0.9991 0.0000
vn 0.0260 0.9996 0.0106
vn 0.0066 0.9999 0.0108
vn 0.0042 0.9999 0.0109
vn -0.0123 0.9999 0.0085
vn -0.0301 0.9995 0.0122
vn -0.0348 0.9993 0.0121
vn -0.0376 0.9993 0.0025
vn -0.0137 0.9999 -0.0013
vn -0.0193 0.9998 0.0089
vn -0.0216 0.9995 0.0212
vn -0.0078 0.9999 0.0120
vn 0.0029 0.9997 0.0235
vn 0.0459 0.9969 0.0629
vn 0.0598 0.9965 0.0587
vn 0.0272 0.9991 0.0315
vn 0.0352 0.9978 0.0551
vn 0.0110 0.9999 0.0096
vn 0.0027 0.9999 -0.0094
vn -0.0037 0.9998 -0.0183
vn -0.0037 0.9998 -0.0159
vn -0.0080 0.9999 -0.0130
vn -0.0072 0.9999 -0.0107
vn -0.0050 1.0000 -0.0046
vn -0.0235 0.9997 -0.0051
vn -0.0670 0.9977 -0.0087
vn -0.0744 0.9972 0.0092
vn -0.0491 0.9981 0.0354
vn -0.0238 0.9997 0.0091
vn -0.0128 0.9996 -0.0241
vn -0.0230 0.9988 -0.0425
vn -0.0638 0.9937 -0.0923
vn -0.0260 0.9936 -0.1099
vn 0.1149 0.9876 -0.1069
vn 0.1752 0.9801 -0.0928
vn 0.0864 0.9956 -0.0349
vn -0.0045 1.0000 0.0034
vn -0.0331 0.9994 0.0046
vn -0.0433 0.9991 0.0002
vn -0.0851 0.9958 0.0332
vn -0.1056 0.9927 0.0581
vn -0.0103 0.9999 0.0096
vn 0.0337 0.9991 -0.0268
vn -0.0002 0.9997 -0.0238
vn -0.0276 0.9994 -0.0224
vn -0.0280 0.9992 -0.0262
vn -0.0017 0.9993 -0.0368
vn 0.0007 0.9990 -0.0443
vn -0.0064 0.9985 -0.0535
vn -0.0044 0.9980 -0.0631
vn -0.0148 0.9991 -0.0406
vn 0.0029 1.0000 -0.0006
vn 0.0081 0.9999 0.0101
vn 0.0470 0.9988 0.0141
vn 0.1497 0.9878 0.0429
vn 0.0836 0.9956 0.0412
vn -0.1851 0.9826 -0.0140
vn -0.1397 0.9885 -0.0572
vn -0.0058 0.9987 -0.0495
vn -0.0768 0.9954 -0.0567
vn -0.0198 0.9961 -0.0861
vn 0.0612 0.9966 -0.0542
vn 0.0510 0.9986 -0.0110
vn 0.0309 0.9995 0.0035
vn 0.0238 0.9996 0.0163
vn 0.0078 0.9998 0.0177
vn 0.0056 0.9999 0.0132
vn -0.0105 0.9999 0.0100
vn -0.0302 0.9995 0.0031
vn -0.0266 0.9996 -0.0108
vn -0.0298 0.9991 -0.0288
vn -0.0237 0.9995 -0.0217
vn -0.0359 0.9992 0.0138
vn -0.0132 0.9998 0.0163
vn 0.0003 1.0000 -0.0028
vn -0.0180 0.9998 0.0073
vn 0.0316 0.9991 0.0279
vn 0.0696 0.9968 0.0399
vn 0.0374 0.9977 0.0557
vn 0.0369 0.9979 0.0525
vn 0.0223 0.9989 0.0406
vn 0.0116 0.9996 0.0250
vn 0.0008 0.9999 0.0110
vn -0.0067 0.9999 0.0062
vn -0.0080 0.9999 0.0085
vn -0.0092 0.9999 0.0097
vn -0.0038 1.0000 0.0051
vn -0.0197 0.9998 -0.0030
vn -0.0660 0.9978 -0.0076
vn -0.0841 0.9964 -0.0107
vn -0.0447 0.9986 -0.0276
vn 0.0052 0.9983 -0.0586
vn -0.0057 0.9961 -0.0876
vn 0.0005 0.9926 -0.1210
vn -0.0179 0.9816 -0.1898
vn -0.0395 0.9735 -0.2250
vn 0.1067 0.9755 -0.1922
vn 0.1424 0.9801 -0.1384
vn 0.0326 0.9979 -0.0559
vn -0.0071 1.0000 0.0010
vn -0.0302 0.9995 -0.0007
vn -0.0405 0.9991 -0.0060
vn -0.1109 0.9938 0.0017
vn -0.0942 0.9955 0.0031
vn 0.0173 0.9997 -0.0155
vn 0.0296 0.9994 -0.0200
vn 0.0029 0.9998 -0.0213
vn -0.0286 0.9992 -0.0264
vn -0.0218 0.9992 -0.0315
vn 0.0045 0.9991 -0.0421
vn -0.0020 0.9991 -0.0406
vn -0.0013 0.9994 -0.0356
vn -0.0039 0.9993 -0.0356
vn -0.0308 0.9990 -0.0317
vn -0.0143 0.9998 -0.0145
vn 0.0111 0.9999 -0.0011
vn 0.0327 0.9994 0.0141
vn 0.1162 0.9910 0.0668
vn 0.1175 0.9907 0.0687
vn -0.1234 0.9916 -0.0375
vn -0.1724 0.9840 -0.0443
vn -0.0362 0.9977 0.0561
vn -0.0265 0.9991 0.0325
vn -0.0085 0.9991 -0.0412
vn 0.0381 0.9979 -0.0528
vn 0.0410 0.9983 -0.0410
vn 0.0155 0.9998 -0.0117
vn 0.0168 0.9998 0.0140
vn 0.0116 0.9998 0.0180
vn 0.0074 0.9999 0.0129
vn -0.0062 0.9999 0.0056
vn -0.0214 0.9997 -0.0099
vn -0.0204 0.9995 -0.0214
vn -0.0219 0.9994 -0.0273
vn -0.0411 0.9990 -0.0181
vn -0.0509 0.9987 0.0017
vn 0.0047 1.0000 -0.0054
vn -0.0026 0.9999 -0.0116
vn -0.0228 0.9997 -0.0088
vn 0.0315 0.9993 -0.0207
vn 0.0550 0.9984 -0.0073
vn 0.0364 0.9976 0.0587
vn 0.0180 0.9994 0.0279
vn 0.0272 0.9974 0.0670
vn 0.0229 0.9982 0.0548
vn 0.0107 0.9994 0.0324
vn -0.0092 0.9996 0.0244
vn -0.0069 0.9997 0.0245
vn -0.0055 0.9998 0.0151
vn -0.0169 0.9998 -0.0032
vn -0.0636 0.9979 -0.0074
vn -0.0753 0.9969 -0.0237
vn -0.0232 0.9980 -0.0592
vn 0.0154 0.9965 -0.0826
vn 0.0163 0.9940 -0.1084
vn 0.0211 0.9892 -0.1452
vn 0.0118 0.9864 -0.1635
vn -0.0256 0.9795 -0.1998
vn 0.0631 0.9812 -0.1823
vn 0.0901 0.9938 -0.0645
vn -0.0089 0.9999 0.0020
vn -0.0309 0.9995 0.0078
vn -0.0508 0.9982 0.0318
vn -0.1072 0.9937 0.0342
vn -0.0739 0.9972 -0.0095
vn 0.0129 0.9997 -0.0183
vn 0.0271 0.9996 -0.0019
vn 0.0092 0.9999 -0.0070
vn -0.0250 0.9995 -0.0189
vn -0.0118 0.9992 -0.0370
vn 0.0039 0.9991 -0.0425
vn -0.0077 0.9994 -0.0334
vn -0.0008 0.9995 -0.0293
vn -0.0054 0.9996 -0.0274
vn -0.0368 0.9991 -0.0183
vn -0.0273 0.9996 -0.0031
vn 0.0154 0.9999 -0.0017
vn 0.0223 0.9997 -0.0060
vn 0.0685 0.9968 0.0408
vn 0.1408 0.9868 0.0801
vn -0.0481 0.9987 0.0158
vn -0.2257 0.9740 -0.0197
vn -0.0745 0.9966 0.0354
vn 0.0301 0.9991 0.0288
vn 0.0229 0.9986 -0.0468
vn 0.0320 0.9965 -0.0772
vn 0.0109 0.9995 -0.0273
vn 0.0024 0.9998 0.0171
vn 0.0117 0.9997 0.0224
vn 0.0152 0.9996 0.0210
vn 0.0103 0.9998 0.0151
vn -0.0022 0.9999 0.0108
vn -0.0136 0.9999 0.0060
vn -0.0172 0.9998 -0.0014
vn -0.0206 0.9998 -0.0034
vn -0.0478 0.9988 -0.0034
vn -0.0524 0.9986 -0.0093
vn 0.0142 0.9998 -0.0159
vn -0.0080 0.9998 -0.0162
vn -0.0134 0.9996 -0.0255
vn 0.0354 0.9987 -0.0367
vn 0.0312 0.9994 -0.0162
vn 0.0161 0.9994 0.0311
vn 0.0005 1.0000 -0.0027
vn 0.0183 0.9972 0.0727
vn 0.0348 0.9962 0.0797
vn 0.0272 0.9982 0.0535
vn -0.0105 0.9993 0.0355
vn -0.0049 0.9994 0.0341
vn 0.0052 0.9997 0.0215
vn 0.0079 0.9999 0.0046
vn -0.0178 0.9998 0.0025
vn -0.0641 0.9979 0.0091
vn -0.0652 0.9978 0.0092
vn -0.0045 1.0000 -0.0044
vn 0.0226 0.9994 -0.0250
vn 0.0282 0.9991 -0.0311
vn 0.0298 0.9991 -0.0277
vn 0.0181 0.9992 -0.0348
vn 0.0121 0.9973 -0.0731
vn 0.0270 0.9951 -0.0955
vn 0.0275 0.9987 -0.0430
vn -0.0127 0.9999 0.0045
vn -0.0389 0.9991 0.0188
vn -0.0724 0.9963 0.0456
vn -0.0926 0.9942 0.0546
vn -0.0500 0.9982 0.0313
vn 0.0047 0.9999 0.0134
vn 0.0316 0.9995 0.0038
vn 0.0163 0.9998 -0.0110
vn -0.0175 0.9995 -0.0242
vn -0.0055 0.9995 -0.0298
vn 0.0021 0.9995 -0.0320
vn -0.0100 0.9994 -0.0342
vn -0.0013 0.9994 -0.0335
vn -0.0055 0.9994 -0.0345
vn -0.0422 0.9985 -0.0340
vn -0.0396 0.9990 -0.0189
vn 0.0193 0.9998 -0.0059
vn 0.0247 0.9996 -0.0121
vn 0.0218 0.9996 0.0169
vn 0.1394 0.9885 0.0585
vn -0.0297 0.9948 0.0975
vn -0.2106 0.9749 0.0728
vn -0.0482 0.9973 -0.0547
vn 0.0305 0.9950 -0.0948
vn 0.0300 0.9990 -0.0323
vn 0.0087 0.9996 0.0269
vn -0.0123 0.9983 0.0563
vn 0.0000 0.9985 0.0552
vn 0.0156 0.9987 0.0470
vn 0.0190 0.9992 0.0353
vn 0.0163 0.9995 0.0245
vn -0.0033 0.9998 0.0203
vn -0.0102 0.9997 0.0211
vn -0.0098 0.9999 0.0101
vn -0.0219 0.9998 0.0016
vn -0.0446 0.9990 -0.0015
vn -0.0461 0.9988 -0.0119
vn 0.0122 0.9998 -0.0129
vn -0.0071 0.9999 -0.0111
vn -0.0035 0.9998 -0.0202
vn 0.0313 0.9993 -0.0187
vn 0.0148 0.9999 -0.0042
vn -0.0034 0.9999 -0.0145
vn -0.0013 0.9998 -0.0174
vn -0.0001 0.9999 0.0092
vn 0.0336 0.9988 0.0358
vn 0.0374 0.9982 0.0468
vn -0.0084 0.9990 0.0438
vn -0.0033 0.9992 0.0389
vn 0.0164 0.9994 0.0297
vn 0.0155 0.9998 0.0144
vn -0.0181 0.9998 0.0041
vn -0.0625 0.9980 -0.0047
vn -0.0638 0.9979 -0.0101
vn -0.0061 1.0000 0.0038
vn 0.0295 0.9994 0.0154
vn 0.0258 0.9995 0.0137
vn 0.0193 0.9993 0.0323
vn 0.0263 0.9987 0.0434
vn 0.0405 0.9990 0.0189
vn 0.0208 0.9998 0.0033
vn 0.0037 1.0000 0.0022
vn -0.0180 0.9998 0.0047
vn -0.0549 0.9981 0.0271
vn -0.0758 0.9966 0.0337
vn -0.0826 0.9965 0.0131
vn -0.0439 0.9990 0.0087
vn 0.0142 0.9999 -0.0000
vn 0.0328 0.9994 -0.0086
vn 0.0223 0.9997 -0.0062
vn -0.0082 0.9998 -0.0192
vn -0.0065 0.9996 -0.0279
vn 0.0042 0.9996 -0.0276
vn -0.0087 0.9995 -0.0313
vn -0.0083 0.9997 -0.0222
vn -0.0048 0.9999 -0.0102
vn -0.0313 0.9990 -0.0305
vn -0.0423 0.9973 -0.0595
vn 0.0135 0.9982 -0.0579
vn 0.0213 0.9991 -0.0357
vn -0.0051 0.9999 -0.0124
vn 0.1288 0.9916 0.0109
vn -0.0471 0.9986 0.0248
vn -0.1691 0.9854 0.0190
vn 0.0087 0.9998 -0.0141
vn 0.0237 0.9978 -0.0620
vn -0.0056 0.9987 -0.0513
vn -0.0222 0.9997 0.0038
vn -0.0100 0.9996 0.0240
vn -0.0071 0.9994 0.0339
vn 0.0156 0.9984 0.0544
vn 0.0244 0.9981 0.0568
vn 0.0265 0.9988 0.0408
vn 0.0019 0.9998 0.0186
vn -0.0093 0.9999 0.0074
vn -0.0042 0.9999 0.0073
vn -0.0231 0.9997 0.0080
vn -0.0432 0.9990 0.0108
vn -0.0286 0.9995 -0.0111
vn 0.0035 0.9996 -0.0259
vn -0.0060 0.9998 -0.0150
vn 0.0023 0.9998 -0.0174
vn 0.0273 0.9994 -0.0215
vn 0.0112 0.9997 -0.0233
vn -0.0063 0.9997 -0.0226
vn 0.0012 0.9998 -0.0205
vn -0.0074 0.9995 -0.0288
vn 0.0173 0.9997 -0.0150
vn 0.0230 0.9994 0.0269
vn -0.0019 0.9990 0.0435
vn 0.0052 0.9997 0.0227
vn 0.0210 0.9997 0.0095
vn 0.0213 0.9997 0.0069
vn -0.0136 0.9999 -0.0003
vn -0.0590 0.9982 -0.0053
vn -0.0623 0.9980 -0.0086
vn -0.0155 0.9998 -0.0092
vn 0.0255 0.9997 0.0021
vn 0.0219 0.9996 0.0175
vn 0.0107 0.9997 0.0203
vn 0.0354 0.9993 0.0082
vn 0.0452 0.9989 0.0091
vn 0.0218 0.9996 0.0149
vn 0.0085 0.9999 0.0060
vn -0.0012 1.0000 0.0021
vn -0.0230 0.9997 0.0080
vn -0.0703 0.9973 0.0206
vn -0.0618 0.9979 0.0167
vn -0.0597 0.9979 -0.0259
vn -0.0421 0.9970 -0.0640
vn 0.0164 0.9979 -0.0621
vn 0.0194 0.9992 -0.0347
vn 0.0208 0.9997 -0.0117
vn 0.0039 0.9998 -0.0166
vn -0.0072 0.9996 -0.0275
vn 0.0026 0.9997 -0.0236
vn -0.0083 0.9998 -0.0178
vn -0.0153 0.9998 -0.0158
vn -0.0070 0.9999 -0.0121
vn -0.0136 0.9997 -0.0187
vn -0.0254 0.9984 -0.0490
vn 0.0030 0.9981 -0.0618
vn 0.0057 0.9992 -0.0393
vn -0.0128 0.9996 -0.0225
vn 0.1120 0.9937 -0.0039
vn -0.0088 0.9982 -0.0583
vn -0.1799 0.9771 -0.1131
vn -0.0083 0.9992 -0.0376
vn 0.0466 0.9989 0.0034
vn -0.0326 0.9995 -0.0009
vn -0.0414 0.9988 0.0234
vn -0.0163 0.9988 0.0466
vn -0.0113 0.9984 0.0551
vn 0.0174 0.9991 0.0394
vn 0.0294 0.9992 0.0252
vn 0.0294 0.9992 0.0279
vn 0.0108 0.9995 0.0298
vn -0.0087 0.9996 0.0246
vn -0.0072 0.9995 0.0291
vn -0.0215 0.9993 0.0312
vn -0.0361 0.9992 0.0135
vn -0.0016 0.9997 -0.0226
vn -0.0070 0.9993 -0.0355
vn -0.0050 0.9995 -0.0304
vn 0.0214 0.9978 -0.0624
vn 0.0258 0.9958 -0.0882
vn 0.0026 0.9976 -0.0692
vn -0.0029 0.9997 -0.0241
vn 0.0019 0.9998 -0.0190
vn -0.0036 0.9995 -0.0302
vn 0.0016 0.9997 -0.0236
vn 0.0007 1.0000 -0.0005
vn 0.0012 0.9998 0.0157
vn 0.0176 0.9998 0.0099
vn 0.0250 0.9997 -0.0050
vn 0.0202 0.9998 -0.0074
vn -0.0139 0.9999 0.0023
vn -0.0622 0.9980 0.0131
vn -0.0652 0.9975 0.0269
vn -0.0156 0.9993 0.0327
vn 0.0253 0.9994 0.0217
vn 0.0165 0.9997 0.0158
vn 0.0192 0.9998 0.0077
vn 0.0378 0.9993 0.0012
vn 0.0164 0.9980 0.0610
vn 0.0215 0.9981 0.0569
vn 0.0079 0.9997 0.0229
vn -0.0261 0.9996 0.0066
vn -0.0808 0.9966 0.0172
vn -0.0668 0.9966 0.0475
vn -0.0255 0.9989 0.0394
vn -0.0176 0.9996 -0.0231
vn 0.0054 0.9988 -0.0479
vn 0.0067 0.9994 -0.0346
vn 0.0134 0.9996 -0.0234
vn 0.0096 0.9998 -0.0157
vn -0.0045 0.9998 -0.0191
vn -0.0039 0.9998 -0.0163
vn -0.0130 0.9999 -0.0028
vn -0.0081 0.9999 -0.0092
vn -0.0092 0.9997 -0.0214
vn -0.0136 0.9998 -0.0109
vn -0.0070 0.9999 -0.0119
vn -0.0010 0.9997 -0.0239
vn -0.0043 0.9997 -0.0224
vn -0.0077 0.9995 -0.0308
vn 0.0825 0.9966 -0.0077
vn 0.0550 0.9984 -0.0150
vn -0.1606 0.9822 -0.0968
vn -0.0818 0.9935 -0.0795
vn 0.0316 0.9991 0.0273
vn -0.0507 0.9948 0.0881
vn -0.0486 0.9930 0.1075
vn -0.0206 0.9943 0.1043
vn 0.0134 0.9980 0.0607
vn 0.0357 0.9994 0.0026
vn 0.0301 0.9994 -0.0156
vn 0.0191 0.9998 -0.0020
vn 0.0076 0.9998 0.0191
vn -0.0056 0.9997 0.0245
vn -0.0097 0.9998 0.0189
vn -0.0168 0.9998 0.0128
vn -0.0184 0.9998 -0.0082
vn 0.0111 0.9996 -0.0244
vn -0.0114 0.9996 -0.0252
vn 0.0013 0.9994 -0.0334
vn 0.0412 0.9980 -0.0465
vn 0.0247 0.9983 -0.0530
vn -0.0089 0.9987 -0.0502
vn 0.0023 0.9999 -0.0103
vn 0.0030 1.0000 -0.0044
vn 0.0022 0.9997 -0.0232
vn -0.0032 0.9995 -0.0314
vn -0.0059 0.9994 -0.0347
vn -0.0051 0.9996 -0.0286
vn 0.0296 0.9995 -0.0046
vn 0.0172 0.9998 -0.0050
vn -0.0253 0.9996 0.0102
vn -0.0651 0.9976 0.0239
vn -0.0615 0.9980 0.0086
vn -0.0134 0.9999 -0.0074
vn 0.0295 0.9995 -0.0072
vn 0.0072 0.9999 0.0074
vn 0.0130 0.9990 0.0418
vn 0.0385 0.9976 0.0576
vn 0.0086 0.9980 0.0626
vn 0.0123 0.9977 0.0674
vn 0.0479 0.9983 0.0329
vn 0.0173 0.9998 0.0056
vn -0.0281 0.9995 0.0094
vn -0.0886 0.9959 0.0158
vn -0.0881 0.9955 0.0359
vn -0.0039 0.9990 0.0443
vn 0.0166 0.9998 0.0118
vn 0.0038 0.9998 -0.0194
vn 0.0042 0.9996 -0.0256
vn 0.0059 0.9998 -0.0196
vn 0.0087 0.9998 -0.0129
vn 0.0019 0.9998 -0.0191
vn -0.0109 0.9997 -0.0211
vn -0.0145 0.9997 -0.0201
vn -0.0017 0.9997 -0.0220
vn -0.0174 0.9998 -0.0067
vn -0.0180 0.9998 0.0044
vn 0.0042 1.0000 -0.0062
vn 0.0015 0.9998 -0.0177
vn -0.0058 0.9998 -0.0211
vn 0.0042 0.9995 -0.0305
vn 0.0410 0.9991 -0.0031
vn 0.0850 0.9960 0.0254
vn -0.0930 0.9942 -0.0539
vn -0.1353 0.9861 -0.0960
vn -0.0257 0.9996 -0.0107
vn -0.0740 0.9948 0.0697
vn -0.0515 0.9942 0.0946
vn 0.0073 0.9984 0.0559
vn 0.0487 0.9987 -0.0090
vn 0.0427 0.9988 -0.0240
vn 0.0267 0.9995 -0.0125
vn 0.0121 0.9999 -0.0083
vn 0.0026 0.9999 -0.0088
vn -0.0024 0.9999 -0.0111
vn -0.0071 0.9998 -0.0155
vn -0.0151 0.9997 -0.0169
vn -0.0043 0.9997 -0.0229
vn 0.0097 0.9995 -0.0286
vn -0.0095 0.9995 -0.0290
vn 0.0072 0.9994 -0.0343
vn 0.0381 0.9989 -0.0255
vn 0.0237 0.9996 -0.0114
vn -0.0122 0.9999 -0.0072
vn 0.0076 0.9999 -0.0086
vn 0.0020 1.0000 -0.0073
vn 0.0074 0.9999 -0.0136
vn -0.0027 0.9999 -0.0152
vn -0.0027 0.9998 -0.0185
vn -0.0095 0.9997 -0.0227
vn 0.0081 0.9998 -0.0160
vn 0.0300 0.9995 -0.0078
vn 0.0149 0.9999 -0.0041
vn -0.0382 0.9992 0.0069
vn -0.0631 0.9979 0.0118
vn -0.0427 0.9990 -0.0086
vn -0.0056 0.9992 -0.0382
vn 0.0248 0.9987 -0.0439
vn -0.0045 0.9995 -0.0305
vn -0.0049 0.9999 -0.0140
vn 0.0269 0.9994 0.0208
vn -0.0184 0.9964 0.0822
vn 0.0378 0.9959 0.0814
vn 0.0875 0.9962 0.0031
vn 0.0040 0.9998 -0.0153
vn -0.0321 0.9994 0.0105
vn -0.0894 0.9959 0.0121
vn -0.0937 0.9956 0.0026
vn -0.0019 1.0000 0.0002
vn 0.0330 0.9995 0.0007
vn 0.0122 0.9998 -0.0107
vn 0.0043 0.9998 -0.0190
vn 0.0009 0.9998 -0.0165
vn 0.0060 0.9999 -0.0099
vn 0.0079 0.9999 -0.0095
vn -0.0089 0.9997 -0.0211
vn -0.0127 0.9995 -0.0285
vn -0.0104 0.9998 -0.0148
vn -0.0260 0.9996 -0.0005
vn -0.0118 0.9999 -0.0074
vn 0.0064 0.9999 -0.0113
vn 0.0032 1.0000 -0.0065
vn -0.0014 0.9999 -0.0137
vn 0.0058 0.9998 -0.0147
vn 0.0877 0.9961 0.0029
vn -0.0336 0.9990 -0.0287
vn -0.1593 0.9855 -0.0576
vn -0.0797 0.9967 -0.0146
vn -0.0966 0.9946 0.0386
vn -0.0445 0.9982 0.0405
vn 0.0522 0.9986 -0.0098
vn 0.0562 0.9978 -0.0348
vn 0.0356 0.9991 -0.0209
vn 0.0226 0.9996 -0.0133
vn 0.0112 0.9999 -0.0088
vn 0.0034 0.9999 -0.0082
vn -0.0009 0.9999 -0.0098
vn -0.0045 0.9999 -0.0122
vn -0.0143 0.9998 -0.0165
vn -0.0001 0.9998 -0.0190
vn 0.0076 0.9998 -0.0169
vn -0.0089 0.9998 -0.0140
vn 0.0096 0.9998 -0.0138
vn 0.0298 0.9995 -0.0124
vn 0.0192 0.9998 -0.0044
vn -0.0125 0.9999 -0.0005
vn 0.0085 0.9999 -0.0071
vn -0.0006 0.9999 -0.0114
vn 0.0073 0.9999 -0.0035
vn -0.0047 1.0000 0.0018
vn -0.0011 1.0000 0.0059
vn -0.0058 1.0000 0.0012
vn 0.0047 1.0000 -0.0058
vn 0.0287 0.9995 -0.0058
vn 0.0073 0.9999 0.0057
vn -0.0422 0.9990 0.0146
vn -0.0545 0.9985 0.0017
vn -0.0293 0.9994 -0.0154
vn 0.0044 0.9996 -0.0258
vn 0.0196 0.9994 -0.0283
vn -0.0009 0.9992 -0.0388
vn -0.0081 0.9984 -0.0556
vn -0.0057 0.9995 -0.0291
vn -0.0411 0.9991 0.0031
vn 0.0646 0.9979 -0.0037
vn 0.1046 0.9945 -0.0029
vn -0.0071 0.9999 0.0042
vn -0.0372 0.9993 0.0062
vn -0.0895 0.9959 0.0136
vn -0.0834 0.9965 0.0057
vn -0.0082 0.9999 0.0013
vn 0.0323 0.9994 0.0127
vn 0.0256 0.9997 0.0023
vn 0.0048 0.9999 -0.0133
vn -0.0001 0.9999 -0.0150
vn 0.0029 0.9999 -0.0145
vn 0.0095 0.9999 -0.0122
vn -0.0010 0.9998 -0.0169
vn -0.0169 0.9997 -0.0159
vn -0.0175 0.9998 -0.0102
vn -0.0158 0.9994 -0.0300
vn -0.0065 0.9987 -0.0497
vn -0.0056 0.9994 -0.0342
vn 0.0002 0.9999 -0.0131
vn 0.0048 0.9999 -0.0114
vn -0.0008 0.9999 -0.0097
vn 0.0136 0.9999 -0.0021
vn 0.0846 0.9964 0.0027
vn -0.0060 0.9999 -0.0089
vn -0.1723 0.9850 -0.0045
vn -0.1295 0.9896 0.0618
vn -0.0934 0.9918 0.0869
vn -0.0099 0.9997 0.0226
vn 0.0748 0.9969 -0.0253
vn 0.0468 0.9986 -0.0236
vn 0.0321 0.9994 -0.0154
vn 0.0194 0.9997 -0.0115
vn 0.0093 0.9999 -0.0074
vn 0.0042 1.0000 -0.0060
vn 0.0001 1.0000 -0.0077
vn -0.0027 0.9999 -0.0103
vn -0.0102 0.9998 -0.0161
vn -0.0016 0.9998 -0.0182
vn 0.0027 0.9999 -0.0093
vn -0.0102 0.9999 -0.0016
vn 0.0103 0.9999 -0.0009
vn 0.0271 0.9996 0.0010
vn 0.0101 0.9998 0.0131
vn -0.0057 0.9999 0.0130
vn 0.0068 0.9999 -0.0059
vn -0.0032 0.9999 -0.0088
vn 0.0025 1.0000 0.0013
vn -0.0046 1.0000 0.0039
vn -0.0021 1.0000 -0.0069
vn 0.0097 0.9998 -0.0147
vn 0.0258 0.9995 -0.0184
vn -0.0015 0.9999 -0.0098
vn -0.0378 0.9992 -0.0113
vn -0.0420 0.9987 -0.0275
vn -0.0223 0.9988 -0.0438
vn 0.0029 0.9991 -0.0430
vn 0.0140 0.9995 -0.0282
vn 0.0078 0.9997 -0.0232
vn -0.0074 0.9997 -0.0226
vn -0.0180 0.9994 -0.0293
vn -0.0157 0.9963 -0.0837
vn 0.0579 0.9925 -0.1076
vn 0.0723 0.9966 -0.0394
vn -0.0055 0.9999 0.0070
vn -0.0408 0.9991 0.0084
vn -0.0810 0.9967 -0.0077
vn -0.0687 0.9968 -0.0398
vn -0.0280 0.9992 -0.0264
vn 0.0235 0.9996 0.0112
vn 0.0428 0.9991 0.0071
vn 0.0067 0.9999 -0.0100
vn 0.0026 0.9998 -0.0162
vn 0.0032 0.9997 -0.0219
vn 0.0074 0.9997 -0.0212
vn 0.0006 0.9998 -0.0160
vn -0.0183 0.9997 -0.0173
vn -0.0110 0.9994 -0.0316
vn -0.0028 0.9990 -0.0452
vn -0.0118 0.9992 -0.0385
vn -0.0184 0.9995 -0.0232
vn -0.0026 0.9998 -0.0175
vn 0.0061 0.9998 -0.0167
vn 0.0012 0.9997 -0.0241
vn 0.0136 0.9993 -0.0352
vn 0.0663 0.9977 -0.0088
vn 0.0100 0.9999 0.0065
vn -0.1837 0.9830 -0.0021
vn -0.1871 0.9808 0.0549
vn -0.0622 0.9952 0.0749
vn 0.0362 0.9993 0.0075
vn 0.0730 0.9971 -0.0187
vn 0.0440 0.9989 -0.0127
vn 0.0304 0.9995 -0.0130
vn 0.0173 0.9998 -0.0103
vn 0.0074 0.9999 -0.0078
vn 0.0041 1.0000 -0.0056
vn 0.0013 1.0000 -0.0056
vn -0.0013 1.0000 -0.0075
vn -0.0056 0.9999 -0.0120
vn -0.0041 0.9999 -0.0136
vn -0.0060 1.0000 -0.0031
vn -0.0097 0.9999 0.0035
vn 0.0105 0.9999 0.0016
vn 0.0212 0.9997 0.0094
vn 0.0011 0.9997 0.0227
vn 0.0030 0.9997 0.0234
vn 0.0067 0.9997 -0.0220
vn 0.0007 0.9999 -0.0125
vn -0.0045 0.9998 -0.0170
vn -0.0008 0.9999 -0.0141
vn 0.0029 0.9998 -0.0183
vn -0.0047 0.9999 -0.0143
vn 0.0163 0.9998 -0.0134
vn 0.0236 0.9995 -0.0174
vn -0.0031 0.9998 -0.0197
vn -0.0259 0.9990 -0.0358
vn -0.0335 0.9979 -0.0545
vn -0.0204 0.9982 -0.0560
vn -0.0067 0.9990 -0.0435
vn 0.0046 0.9996 -0.0256
vn 0.0068 0.9999 -0.0127
vn -0.0073 0.9999 -0.0117
vn -0.0088 0.9997 -0.0210
vn 0.0155 0.9992 -0.0357
vn 0.0409 0.9985 -0.0358
vn 0.0372 0.9992 -0.0140
vn -0.0060 1.0000 0.0009
vn -0.0435 0.9990 0.0049
vn -0.0634 0.9980 -0.0046
vn -0.0565 0.9981 -0.0241
vn -0.0508 0.9985 -0.0194
vn 0.0143 0.9999 -0.0021
vn 0.0539 0.9985 -0.0018
vn 0.0103 0.9999 -0.0101
vn 0.0054 0.9998 -0.0148
vn 0.0052 0.9998 -0.0172
vn 0.0050 0.9998 -0.0171
vn -0.0020 0.9999 -0.0136
vn -0.0121 0.9998 -0.0185
vn -0.0022 0.9995 -0.0300
vn -0.0024 0.9995 -0.0323
vn -0.0165 0.9994 -0.0314
vn -0.0208 0.9992 -0.0346
vn -0.0071 0.9995 -0.0284
vn 0.0038 0.9998 -0.0173
vn 0.0075 0.9998 -0.0167
vn 0.0205 0.9994 -0.0282
vn 0.0421 0.9988 -0.0249
vn 0.0168 0.9998 -0.0100
vn -0.1774 0.9839 -0.0215
vn -0.2310 0.9729 -0.0104
vn -0.0384 0.9992 0.0067
vn 0.0641 0.9978 -0.0153
vn 0.0634 0.9977 -0.0215
vn 0.0453 0.9989 -0.0132
vn 0.0279 0.9995 -0.0108
vn 0.0167 0.9998 -0.0082
vn 0.0069 0.9999 -0.0086
vn 0.0028 0.9999 -0.0078
vn 0.0016 1.0000 -0.0062
vn -0.0016 1.0000 -0.0043
vn -0.0033 1.0000 -0.0032
vn -0.0053 1.0000 -0.0035
vn -0.0123 0.9999 -0.0011
vn -0.0080 0.9999 0.0001
vn 0.0099 0.9999 0.0000
vn 0.0114 0.9999 0.0100
vn 0.0010 0.9999 0.0137
vn 0.0122 0.9999 -0.0025
vn 0.0075 0.9996 -0.0272
vn 0.0125 0.9998 -0.0151
vn -0.0075 0.9995 -0.0283
vn -0.0006 0.9996 -0.0263
vn 0.0016 0.9998 -0.0203
vn -0.0044 0.9997 -0.0227
vn 0.0162 0.9996 -0.0239
vn 0.0183 0.9998 -0.0106
vn -0.0010 1.0000 -0.0028
vn -0.0129 0.9998 -0.0124
vn -0.0232 0.9991 -0.0336
vn -0.0215 0.9986 -0.0479
vn -0.0168 0.9990 -0.0414
vn -0.0045 0.9996 -0.0265
vn 0.0017 0.9999 -0.0150
vn -0.0031 0.9999 -0.0145
vn -0.0073 0.9998 -0.0151
vn 0.0122 0.9999 0.0027
vn 0.0403 0.9991 0.0097
vn 0.0329 0.9995 -0.0036
vn -0.0118 0.9999 -0.0013
vn -0.0462 0.9989 0.0092
vn -0.0573 0.9983 0.0130
vn -0.0507 0.9986 0.0123
vn -0.0537 0.9985 0.0026
vn 0.0116 0.9999 -0.0050
vn 0.0560 0.9984 -0.0043
vn 0.0118 0.9999 -0.0020
vn 0.0068 1.0000 -0.0023
vn 0.0081 0.9999 -0.0073
vn 0.0049 0.9999 -0.0122
vn -0.0026 0.9999 -0.0145
vn -0.0056 0.9998 -0.0198
vn -0.0004 0.9997 -0.0225
vn -0.0028 0.9997 -0.0227
vn -0.0126 0.9995 -0.0296
vn -0.0205 0.9992 -0.0338
vn -0.0198 0.9996 -0.0189
vn -0.0001 1.0000 -0.0017
vn 0.0105 0.9999 -0.0008
vn 0.0275 0.9996 -0.0065
vn 0.0408 0.9990 -0.0198
vn 0.0177 0.9993 -0.0338
vn -0.1489 0.9863 -0.0713
vn -0.2463 0.9639 -0.1011
vn -0.0560 0.9966 -0.0595
vn 0.0704 0.9973 -0.0169
vn 0.0577 0.9983 -0.0119
vn 0.0436 0.9990 -0.0075
vn 0.0265 0.9996 -0.0046
vn 0.0168 0.9998 -0.0050
vn 0.0073 0.9999 -0.0055
vn 0.0020 1.0000 -0.0056
vn 0.0009 1.0000 -0.0048
vn -0.0029 1.0000 -0.0032
vn -0.0037 1.0000 -0.0014
vn -0.0049 1.0000 -0.0012
vn -0.0117 0.9999 -0.0054
vn -0.0094 0.9999 -0.0054
vn 0.0065 1.0000 0.0030
vn 0.0066 0.9999 0.0072
vn 0.0084 0.9999 -0.0008
vn 0.0182 0.9998 -0.0075
vn 0.0037 0.9998 -0.0157
vn 0.0197 0.9995 -0.0221
vn -0.0056 0.9999 -0.0113
vn -0.0040 0.9999 -0.0107
vn 0.0009 0.9999 -0.0094
vn 0.0033 0.9998 -0.0189
vn 0.0113 0.9997 -0.0224
vn 0.0080 0.9999 -0.0095
vn -0.0001 1.0000 -0.0011
vn -0.0075 0.9999 -0.0023
vn -0.0167 0.9998 -0.0016
vn -0.0197 0.9998 -0.0016
vn -0.0159 0.9998 -0.0129
vn -0.0063 0.9996 -0.0263
vn -0.0019 0.9996 -0.0284
vn -0.0034 0.9997 -0.0220
vn -0.0103 0.9998 -0.0157
vn 0.0086 0.9997 -0.0221
vn 0.0439 0.9986 -0.0292
vn 0.0294 0.9994 -0.0163
vn -0.0232 0.9997 0.0069
vn -0.0479 0.9987 0.0187
vn -0.0544 0.9984 0.0127
vn -0.0497 0.9987 0.0067
vn -0.0428 0.9991 -0.0041
vn 0.0168 0.9995 -0.0242
vn 0.0439 0.9989 -0.0129
vn 0.0039 0.9998 0.0191
vn 0.0115 0.9996 0.0248
vn 0.0149 0.9998 0.0101
vn 0.0076 1.0000 -0.0012
vn -0.0107 0.9999 0.0104
vn -0.0020 0.9997 0.0233
vn 0.0099 0.9999 0.0023
vn -0.0042 0.9999 -0.0127
vn -0.0122 0.9999 -0.0040
vn -0.0230 0.9997 0.0038
vn -0.0295 0.9995 0.0098
vn -0.0035 0.9999 0.0152
vn 0.0153 0.9998 0.0120
vn 0.0349 0.9994 -0.0031
vn 0.0476 0.9987 -0.0141
vn 0.0158 0.9998 -0.0086
vn -0.1059 0.9934 -0.0443
vn -0.2343 0.9661 -0.1079
vn -0.1086 0.9904 -0.0849
vn 0.0566 0.9983 -0.0155
vn 0.0583 0.9983 0.0033
vn 0.0419 0.9991 0.0008
vn 0.0279 0.9996 -0.0014
vn 0.0165 0.9998 -0.0028
vn 0.0074 1.0000 -0.0020
vn 0.0021 1.0000 -0.0021
vn 0.0002 1.0000 -0.0019
vn -0.0028 1.0000 -0.0025
vn -0.0042 1.0000 -0.0036
vn -0.0049 1.0000 -0.0028
vn -0.0096 0.9999 -0.0021
vn -0.0123 0.9999 -0.0007
vn 0.0014 1.0000 0.0045
vn 0.0094 0.9999 0.0042
vn 0.0162 0.9998 -0.0058
vn 0.0161 0.9998 -0.0087
vn 0.0008 0.9999 -0.0123
vn 0.0215 0.9997 -0.0077
vn -0.0061 0.9999 -0.0109
vn -0.0072 0.9999 -0.0053
vn 0.0034 1.0000 -0.0054
vn 0.0092 0.9999 -0.0103
vn 0.0065 0.9999 -0.0088
vn 0.0015 1.0000 -0.0024
vn 0.0001 1.0000 -0.0000
vn -0.0063 1.0000 -0.0012
vn -0.0194 0.9998 0.0006
vn -0.0178 0.9998 0.0022
vn -0.0041 0.9999 -0.0100
vn -0.0018 0.9997 -0.0247
vn -0.0031 0.9996 -0.0283
vn -0.0056 0.9995 -0.0287
vn -0.0056 0.9992 -0.0392
vn 0.0189 0.9981 -0.0584
vn 0.0343 0.9980 -0.0525
vn 0.0085 0.9999 -0.0131
vn -0.0334 0.9993 0.0170
vn -0.0457 0.9987 0.0189
vn -0.0439 0.9990 0.0032
vn -0.0461 0.9988 -0.0152
vn -0.0281 0.9989 -0.0361
vn 0.0213 0.9985 -0.0493
vn 0.0182 0.9995 -0.0241
vn -0.0160 0.9996 0.0224
vn 0.0159 0.9989 0.0434
vn 0.0272 0.9992 0.0294
vn 0.0140 0.9998 0.0085
vn -0.0158 0.9998 -0.0053
vn 0.0211 0.9996 -0.0151
vn -0.0104 0.9999 -0.0086
vn -0.0189 0.9998 0.0049
vn -0.0286 0.9994 0.0183
vn -0.0343 0.9989 0.0301
vn -0.0108 0.9989 0.0454
vn 0.0305 0.9989 0.0352
vn 0.0505 0.9987 -0.0023
vn 0.0407 0.9991 -0.0060
vn 0.0138 0.9999 0.0040
vn -0.0694 0.9974 -0.0203
vn -0.2031 0.9764 -0.0726
vn -0.1499 0.9850 -0.0849
vn 0.0246 0.9993 -0.0284
vn 0.0615 0.9981 0.0039
vn 0.0418 0.9991 0.0010
vn 0.0284 0.9996 0.0023
vn 0.0163 0.9998 0.0029
vn 0.0083 0.9999 0.0009
vn 0.0026 1.0000 -0.0013
vn -0.0005 1.0000 -0.0012
vn -0.0020 1.0000 -0.0007
vn -0.0045 1.0000 -0.0005
vn -0.0064 1.0000 0.0016
vn -0.0126 0.9999 0.0087
vn -0.0118 0.9998 0.0116
vn 0.0034 1.0000 0.0023
vn 0.0134 0.9999 -0.0075
vn 0.0195 0.9998 -0.0102
vn 0.0149 0.9998 -0.0110
vn 0.0002 1.0000 -0.0057
vn 0.0212 0.9997 -0.0119
vn -0.0080 0.9999 -0.0029
vn -0.0065 0.9999 -0.0065
vn 0.0056 0.9999 -0.0112
vn 0.0094 0.9999 -0.0103
vn 0.0024 1.0000 -0.0051
vn -0.0001 1.0000 -0.0016
vn -0.0001 1.0000 -0.0009
vn -0.0036 1.0000 -0.0039
vn -0.0146 0.9997 -0.0186
vn -0.0141 0.9993 -0.0347
vn -0.0024 0.9995 -0.0316
vn -0.0008 0.9998 -0.0214
vn -0.0048 0.9998 -0.0168
vn -0.0036 0.9998 -0.0169
vn 0.0061 0.9995 -0.0301
vn 0.0223 0.9991 -0.0368
vn 0.0172 0.9997 -0.0191
vn -0.0123 0.9999 0.0065
vn -0.0370 0.9991 0.0181
vn -0.0370 0.9993 0.0074
vn -0.0333 0.9994 -0.0099
vn -0.0360 0.9990 -0.0269
vn -0.0139 0.9987 -0.0475
vn 0.0144 0.9988 -0.0468
vn -0.0045 0.9998 -0.0211
vn -0.0420 0.9990 0.0161
vn 0.0097 0.9987 0.0500
vn 0.0486 0.9981 0.0374
vn 0.0255 0.9997 0.0018
vn -0.0002 0.9995 -0.0307
vn 0.0013 0.9987 -0.0515
vn 0.0066 0.9996 -0.0266
vn -0.0228 0.9996 0.0131
vn -0.0260 0.9991 0.0328
vn -0.0323 0.9987 0.0380
vn -0.0405 0.9982 0.0433
vn -0.0092 0.9993 0.0358
vn 0.0527 0.9986 0.0049
vn 0.0522 0.9986 0.0014
vn 0.0336 0.9993 0.0139
vn 0.0283 0.9995 -0.0090
vn -0.0493 0.9978 -0.0441
vn -0.1777 0.9815 -0.0710
vn -0.1750 0.9825 -0.0644
vn -0.0103 0.9997 -0.0206
vn 0.0639 0.9979 0.0029
vn 0.0419 0.9991 0.0015
vn 0.0269 0.9996 0.0028
vn 0.0166 0.9998 0.0045
vn 0.0096 0.9999 0.0038
vn 0.0033 1.0000 0.0026
vn -0.0007 1.0000 0.0016
vn -0.0028 1.0000 0.0026
vn -0.0059 0.9999 0.0061
vn -0.0099 0.9998 0.0122
vn -0.0155 0.9997 0.0158
vn -0.0060 0.9999 0.0079
vn 0.0098 0.9999 -0.0036
vn 0.0142 0.9999 -0.0061
vn 0.0174 0.9998 -0.0011
vn 0.0168 0.9998 0.0001
vn -0.0062 0.9999 0.0048
vn 0.0078 0.9997 -0.0228
vn -0.0035 1.0000 0.0054
vn -0.0020 1.0000 -0.0064
vn 0.0055 0.9999 -0.0094
vn 0.0062 0.9999 -0.0049
vn 0.0003 1.0000 -0.0011
vn -0.0004 1.0000 -0.0005
vn -0.0004 1.0000 -0.0003
vn -0.0008 1.0000 -0.0018
vn -0.0037 0.9999 -0.0107
vn -0.0090 0.9997 -0.0222
vn -0.0087 0.9997 -0.0234
vn -0.0040 0.9998 -0.0174
vn -0.0072 0.9999 -0.0125
vn -0.0022 0.9999 -0.0108
vn 0.0109 0.9999 -0.0083
vn 0.0180 0.9998 -0.0025
vn 0.0075 0.9999 0.0036
vn -0.0214 0.9997 0.0101
vn -0.0331 0.9994 0.0074
vn -0.0258 0.9996 -0.0077
vn -0.0295 0.9994 -0.0159
vn -0.0276 0.9994 -0.0197
vn -0.0043 0.9995 -0.0299
vn 0.0043 0.9995 -0.0298
vn -0.0134 0.9996 -0.0229
vn -0.0497 0.9983 -0.0315
vn -0.0091 0.9998 -0.0197
vn 0.0602 0.9982 0.0054
vn 0.0409 0.9991 -0.0050
vn 0.0100 0.9998 -0.0167
vn -0.0094 0.9999 -0.0035
vn -0.0324 0.9995 0.0008
vn -0.0356 0.9992 0.0141
vn -0.0414 0.9983 0.0409
vn -0.0432 0.9975 0.0556
vn 0.0139 0.9995 0.0284
vn 0.0587 0.9982 0.0093
vn 0.0363 0.9989 0.0301
vn 0.0476 0.9986 0.0209
vn 0.0490 0.9987 -0.0160
vn -0.0303 0.9983 -0.0491
vn -0.1757 0.9828 -0.0562
vn -0.2041 0.9789 -0.0126
vn -0.0231 0.9996 0.0160
vn 0.0677 0.9977 0.0074
vn 0.0425 0.9991 0.0012
vn 0.0248 0.9997 0.0026
vn 0.0154 0.9998 0.0064
vn 0.0093 0.9999 0.0096
vn 0.0040 0.9999 0.0101
vn 0.0004 0.9999 0.0081
vn -0.0050 0.9999 0.0091
vn -0.0096 0.9998 0.0157
vn -0.0128 0.9997 0.0209
vn -0.0096 0.9999 0.0122
vn 0.0031 1.0000 -0.0058
vn 0.0115 0.9998 -0.0131
vn 0.0113 0.9999 -0.0087
vn 0.0146 0.9999 -0.0042
vn 0.0196 0.9998 -0.0056
vn -0.0075 0.9999 0.0030
vn -0.0052 0.9999 0.0062
vn 0.0016 1.0000 -0.0042
vn 0.0005 1.0000 -0.0056
vn 0.0039 1.0000 -0.0042
vn 0.0038 1.0000 -0.0018
vn -0.0003 1.0000 -0.0003
vn -0.0005 1.0000 0.0004
vn -0.0004 1.0000 0.0005
vn 0.0002 1.0000 0.0005
vn 0.0008 1.0000 0.0000
vn -0.0039 1.0000 -0.0048
vn -0.0071 0.9998 -0.0150
vn -0.0045 0.9997 -0.0228
vn -0.0069 0.9996 -0.0272
vn -0.0035 0.9996 -0.0269
vn 0.0063 0.9998 -0.0191
vn 0.0130 0.9999 -0.0085
vn 0.0028 1.0000 0.0022
vn -0.0211 0.9998 0.0033
vn -0.0241 0.9996 -0.0099
vn -0.0199 0.9996 -0.0203
vn -0.0290 0.9993 -0.0230
vn -0.0279 0.9994 -0.0196
vn -0.0018 0.9999 -0.0133
vn 0.0019 0.9999 -0.0138
vn -0.0097 0.9997 -0.0229
vn -0.0253 0.9977 -0.0622
vn -0.0257 0.9958 -0.0872
vn 0.0399 0.9980 -0.0494
vn 0.0491 0.9986 -0.0181
vn 0.0063 0.9999 -0.0139
vn -0.0035 0.9999 -0.0101
vn -0.0061 0.9998 -0.0175
vn -0.0268 0.9989 -0.0370
vn -0.0474 0.9981 -0.0396
vn -0.0669 0.9977 -0.0023
vn -0.0535 0.9976 0.0446
vn 0.0252 0.9973 0.0696
vn 0.0555 0.9957 0.0744
vn 0.0403 0.9978 0.0522
vn 0.0710 0.9973 0.0146
vn 0.0605 0.9981 -0.0081
vn -0.0090 0.9995 -0.0311
vn -0.1794 0.9824 -0.0515
vn -0.2298 0.9724 -0.0392
vn -0.0263 0.9995 -0.0164
vn 0.0691 0.9976 -0.0048
vn 0.0406 0.9991 0.0020
vn 0.0208 0.9997 0.0107
vn 0.0132 0.9998 0.0175
vn 0.0092 0.9998 0.0184
vn 0.0052 0.9998 0.0158
vn 0.0022 0.9999 0.0127
vn -0.0058 0.9999 0.0100
vn -0.0143 0.9998 0.0127
vn -0.0101 0.9999 0.0109
vn 0.0025 1.0000 -0.0056
vn 0.0070 0.9998 -0.0149
vn 0.0100 0.9999 -0.0116
vn 0.0111 0.9998 -0.0130
vn 0.0149 0.9997 -0.0176
vn 0.0210 0.9996 -0.0191
vn -0.0014 1.0000 0.0004
vn -0.0032 0.9999 0.0110
vn 0.0019 1.0000 -0.0031
vn 0.0002 1.0000 -0.0018
vn 0.0028 1.0000 -0.0007
vn 0.0031 1.0000 0.0001
vn -0.0005 1.0000 0.0000
vn -0.0006 1.0000 -0.0002
vn -0.0005 1.0000 -0.0002
vn 0.0003 1.0000 -0.0003
vn 0.0009 1.0000 -0.0002
vn -0.0005 1.0000 -0.0014
vn -0.0020 1.0000 -0.0059
vn -0.0019 0.9999 -0.0114
vn -0.0038 0.9998 -0.0168
vn -0.0038 0.9997 -0.0220
vn 0.0020 0.9997 -0.0221
vn 0.0066 0.9998 -0.0144
vn -0.0058 1.0000 0.0007
vn -0.0162 0.9998 0.0061
vn -0.0145 0.9999 -0.0053
vn -0.0186 0.9997 -0.0136
vn -0.0255 0.9995 -0.0193
vn -0.0305 0.9992 -0.0242
vn -0.0064 0.9998 -0.0179
vn -0.0036 1.0000 0.0000
vn -0.0042 0.9999 0.0093
vn 0.0076 0.9998 -0.0171
vn -0.0172 0.9979 -0.0629
vn 0.0156 0.9971 -0.0740
vn 0.0356 0.9985 -0.0407
vn -0.0004 0.9999 -0.0101
vn -0.0029 1.0000 -0.0036
vn 0.0027 0.9999 -0.0124
vn -0.0156 0.9995 -0.0273
vn -0.0457 0.9978 -0.0466
vn -0.0906 0.9948 -0.0456
vn -0.0825 0.9966 -0.0017
vn 0.0196 0.9993 0.0322
vn 0.0614 0.9977 0.0271
vn 0.0570 0.9983 0.0110
vn 0.0827 0.9966 0.0001
vn 0.0660 0.9978 -0.0066
vn 0.0096 0.9996 -0.0247
vn -0.1494 0.9848 -0.0878
vn -0.2329 0.9620 -0.1426
vn -0.0629 0.9933 -0.0962
vn 0.0548 0.9983 -0.0199
vn 0.0353 0.9993 0.0078
vn 0.0143 0.9997 0.0195
vn 0.0124 0.9996 0.0252
vn 0.0132 0.9997 0.0189
vn 0.0049 0.9998 0.0152
vn 0.0014 0.9998 0.0204
vn -0.0060 0.9997 0.0247
vn -0.0137 0.9997 0.0213
vn 0.0011 1.0000 0.0031
vn 0.0117 0.9998 -0.0154
vn 0.0054 0.9998 -0.0191
vn 0.0103 0.9997 -0.0201
vn 0.0135 0.9996 -0.0233
vn 0.0157 0.9996 -0.0243
vn 0.0210 0.9995 -0.0240
vn 0.0008 1.0000 -0.0017
vn 0.0006 1.0000 -0.0019
vn 0.0011 1.0000 -0.0007
vn 0.0010 1.0000 -0.0020
vn 0.0026 1.0000 -0.0041
vn 0.0020 1.0000 -0.0026
vn -0.0007 1.0000 -0.0002
vn -0.0002 1.0000 -0.0007
vn 0.0004 1.0000 -0.0012
vn 0.0006 1.0000 -0.0009
vn 0.0002 1.0000 -0.0006
vn 0.0000 1.0000 -0.0008
vn -0.0013 1.0000 0.0002
vn -0.0023 1.0000 0.0023
vn -0.0005 1.0000 -0.0005
vn 0.0012 1.0000 -0.0046
vn 0.0015 1.0000 -0.0022
vn -0.0125 0.9999 0.0027
vn -0.0144 0.9999 0.0056
vn -0.0084 0.9999 0.0035
vn -0.0147 0.9998 -0.0053
vn -0.0191 0.9997 -0.0171
vn -0.0278 0.9992 -0.0278
vn -0.0168 0.9996 -0.0213
vn -0.0205 0.9998 0.0076
vn -0.0097 0.9993 0.0367
vn 0.0287 0.9989 0.0362
vn 0.0167 0.9998 -0.0123
vn 0.0112 0.9986 -0.0521
vn 0.0122 0.9992 -0.0376
vn -0.0273 0.9995 0.0182
vn -0.0067 0.9979 0.0645
vn 0.0266 0.9989 0.0387
vn -0.0045 0.9999 -0.0066
vn -0.0331 0.9991 -0.0280
vn -0.0972 0.9945 -0.0387
vn -0.0957 0.9942 -0.0479
vn 0.0102 0.9990 -0.0428
vn 0.0600 0.9980 -0.0193
vn 0.0633 0.9979 -0.0120
vn 0.0744 0.9972 0.0023
vn 0.0761 0.9971 0.0059
vn 0.0270 0.9994 -0.0232
vn -0.0924 0.9917 -0.0888
vn -0.2167 0.9638 -0.1550
vn -0.1351 0.9846 -0.1106
vn 0.0246 0.9996 -0.0133
vn 0.0324 0.9993 0.0171
vn 0.0129 0.9998 0.0125
vn 0.0181 0.9998 -0.0008
vn 0.0156 0.9998 -0.0084
vn -0.0009 1.0000 0.0012
vn -0.0064 0.9998 0.0193
vn -0.0085 0.9994 0.0329
vn -0.0025 0.9998 0.0214
vn 0.0161 0.9998 -0.0053
vn 0.0152 0.9997 -0.0184
vn 0.0063 0.9997 -0.0224
vn 0.0118 0.9996 -0.0256
vn 0.0138 0.9996 -0.0256
vn 0.0165 0.9995 -0.0264
vn 0.0205 0.9994 -0.0272
vn 0.0007 1.0000 -0.0011
vn 0.0006 1.0000 -0.0011
vn 0.0026 1.0000 -0.0014
vn 0.0029 1.0000 -0.0026
vn 0.0001 1.0000 -0.0014
vn -0.0009 1.0000 -0.0003
vn -0.0001 1.0000 -0.0007
vn 0.0001 1.0000 -0.0011
vn 0.0003 1.0000 -0.0010
vn 0.0001 1.0000 -0.0004
vn -0.0000 1.0000 0.0002
vn -0.0020 1.0000 0.0004
vn -0.0027 1.0000 0.0001
vn 0.0010 1.0000 0.0009
vn 0.0016 1.0000 0.0016
vn 0.0001 1.0000 0.0009
vn -0.0120 0.9999 -0.0026
vn -0.0148 0.9998 -0.0058
vn -0.0083 0.9999 -0.0032
vn -0.0110 0.9999 -0.0008
vn -0.0128 0.9999 -0.0062
vn -0.0214 0.9996 -0.0171
vn -0.0272 0.9995 -0.0167
vn -0.0294 0.9995 -0.0125
vn -0.0255 0.9997 0.0007
vn 0.0258 0.9991 0.0333
vn 0.0516 0.9983 0.0267
vn 0.0211 0.9997 -0.0103
vn -0.0005 0.9998 -0.0200
vn -0.0555 0.9984 -0.0056
vn -0.0406 0.9977 0.0548
vn 0.0505 0.9941 0.0960
vn 0.0298 0.9987 0.0410
vn -0.0287 0.9996 -0.0041
vn -0.0844 0.9962 -0.0233
vn -0.0740 0.9945 -0.0740
vn -0.0158 0.9973 -0.0719
vn 0.0297 0.9995 0.0012
vn 0.0593 0.9969 0.0522
vn 0.0730 0.9962 0.0471
vn 0.0974 0.9952 0.0093
vn 0.0408 0.9989 -0.0221
vn -0.0546 0.9975 -0.0455
vn -0.1881 0.9778 -0.0923
vn -0.2023 0.9762 -0.0779
vn -0.0172 0.9998 0.0114
vn 0.0472 0.9984 0.0288
vn 0.0231 0.9997 -0.0103
vn 0.0283 0.9991 -0.0319
vn 0.0080 0.9995 -0.0288
vn -0.0143 0.9999 -0.0026
vn -0.0183 0.9996 0.0225
vn -0.0037 0.9998 0.0211
vn 0.0129 0.9999 -0.0019
vn 0.0233 0.9996 -0.0141
vn 0.0173 0.9997 -0.0171
vn 0.0083 0.9998 -0.0201
vn 0.0119 0.9997 -0.0204
vn 0.0143 0.9997 -0.0214
vn 0.0166 0.9996 -0.0217
vn 0.0181 0.9997 -0.0169
vn 0.0015 1.0000 -0.0045
vn 0.0008 1.0000 -0.0029
vn 0.0005 1.0000 -0.0059
vn 0.0022 1.0000 -0.0047
vn 0.0021 1.0000 -0.0014
vn -0.0007 1.0000 -0.0004
vn 0.0001 1.0000 -0.0008
vn -0.0002 1.0000 -0.0003
vn 0.0003 1.0000 0.0002
vn 0.0005 1.0000 -0.0003
vn -0.0002 1.0000 -0.0006
vn -0.0010 1.0000 -0.0023
vn -0.0016 1.0000 -0.0057
vn -0.0001 1.0000 -0.0065
vn 0.0009 1.0000 -0.0041
vn 0.0009 1.0000 -0.0036
vn -0.0109 0.9999 -0.0034
vn -0.0143 0.9999 -0.0029
vn -0.0092 0.9999 -0.0049
vn -0.0114 0.9999 -0.0053
vn -0.0090 0.9999 -0.0059
vn -0.0151 0.9998 -0.0123
vn -0.0284 0.9994 -0.0215
vn -0.0245 0.9992 -0.0320
vn -0.0297 0.9985 -0.0459
vn 0.0063 0.9992 -0.0379
vn 0.0559 0.9984 -0.0055
vn 0.0339 0.9994 0.0024
vn -0.0097 0.9999 0.0061
vn -0.0439 0.9989 -0.0119
vn -0.0632 0.9966 -0.0523
vn 0.0311 0.9992 -0.0226
vn 0.0528 0.9982 0.0265
vn -0.0245 0.9994 0.0251
vn -0.0526 0.9984 -0.0178
vn -0.0514 0.9968 -0.0610
vn -0.0409 0.9974 -0.0583
vn -0.0105 0.9997 -0.0196
vn 0.0483 0.9987 0.0167
vn 0.0860 0.9961 0.0190
vn 0.1125 0.9936 0.0083
vn 0.0539 0.9985 -0.0090
vn -0.0487 0.9986 -0.0181
vn -0.1790 0.9838 0.0007
vn -0.2397 0.9702 0.0337
vn -0.0426 0.9974 0.0575
vn 0.0817 0.9964 0.0233
vn 0.0407 0.9987 -0.0285
vn 0.0269 0.9990 -0.0343
vn -0.0034 0.9998 -0.0155
vn -0.0260 0.9996 -0.0021
vn -0.0244 0.9997 0.0031
vn 0.0078 0.9999 -0.0051
vn 0.0209 0.9996 -0.0155
vn 0.0217 0.9996 -0.0142
vn 0.0194 0.9997 -0.0120
vn 0.0120 0.9997 -0.0189
vn 0.0122 0.9996 -0.0255
vn 0.0135 0.9996 -0.0235
vn 0.0152 0.9997 -0.0194
vn 0.0147 0.9998 -0.0161
vn 0.0017 1.0000 -0.0054
vn 0.0015 1.0000 -0.0055
vn 0.0012 1.0000 -0.0053
vn 0.0004 1.0000 -0.0045
vn 0.0002 1.0000 -0.0017
vn -0.0005 1.0000 -0.0001
vn -0.0004 1.0000 -0.0001
vn 0.0001 1.0000 -0.0002
vn -0.0004 1.0000 -0.0004
vn 0.0003 1.0000 -0.0004
vn 0.0008 1.0000 -0.0004
vn -0.0000 1.0000 -0.0007
vn -0.0001 1.0000 -0.0010
vn 0.0001 1.0000 -0.0013
vn -0.0003 1.0000 -0.0019
vn -0.0005 1.0000 -0.0026
vn 0.0003 1.0000 -0.0032
vn 0.0012 1.0000 -0.0031
vn -0.0110 0.9999 -0.0036
vn -0.0116 0.9999 -0.0086
vn -0.0075 0.9998 -0.0140
vn -0.0120 0.9998 -0.0153
vn -0.0074 0.9998 -0.0164
vn -0.0117 0.9998 -0.0186
vn -0.0218 0.9994 -0.0266
vn -0.0204 0.9992 -0.0346
vn -0.0202 0.9988 -0.0442
vn -0.0055 0.9988 -0.0483
vn 0.0359 0.9990 -0.0261
vn 0.0389 0.9992 -0.0082
vn -0.0141 0.9998 -0.0130
vn -0.0189 0.9994 -0.0302
vn -0.0304 0.9956 -0.0882
vn -0.0007 0.9928 -0.1196
vn 0.0172 0.9984 -0.0525
vn -0.0190 0.9998 0.0015
vn -0.0248 0.9996 -0.0127
vn -0.0410 0.9985 -0.0352
vn -0.0456 0.9978 -0.0480
vn -0.0123 0.9970 -0.0761
vn 0.0480 0.9929 -0.1088
vn 0.0663 0.9948 -0.0772
vn 0.1015 0.9947 -0.0138
vn 0.0714 0.9974 -0.0073
vn -0.0501 0.9984 -0.0258
vn -0.1892 0.9816 -0.0264
vn -0.2466 0.9686 -0.0309
vn -0.0473 0.9984 -0.0308
vn 0.1023 0.9945 -0.0233
vn 0.0534 0.9982 -0.0280
vn 0.0128 0.9997 -0.0197
vn -0.0103 0.9999 -0.0024
vn -0.0229 0.9997 -0.0094
vn -0.0213 0.9995 -0.0251
vn 0.0080 0.9997 -0.0223
vn 0.0211 0.9997 -0.0126
vn 0.0211 0.9997 -0.0134
vn 0.0218 0.9996 -0.0187
vn 0.0162 0.9996 -0.0231
vn 0.0111 0.9997 -0.0219
vn 0.0108 0.9998 -0.0175
vn 0.0143 0.9998 -0.0155
vn 0.0132 0.9998 -0.0147
vn 0.0015 1.0000 -0.0049
vn 0.0007 1.0000 -0.0015
vn -0.0006 1.0000 0.0000
vn -0.0003 1.0000 -0.0002
vn 0.0001 1.0000 -0.0003
vn 0.0001 1.0000 -0.0009
vn 0.0006 1.0000 -0.0003
vn 0.0002 1.0000 -0.0001
vn 0.0000 1.0000 -0.0005
vn -0.0002 1.0000 -0.0004
vn -0.0000 1.0000 -0.0006
vn 0.0007 1.0000 -0.0014
vn 0.0008 1.0000 -0.0016
vn -0.0081 0.9999 -0.0054
vn -0.0073 0.9999 -0.0127
vn -0.0065 0.9998 -0.0164
vn -0.0107 0.9998 -0.0191
vn -0.0060 0.9997 -0.0226
vn -0.0092 0.9996 -0.0270
vn -0.0166 0.9993 -0.0321
vn -0.0191 0.9992 -0.0352
vn -0.0153 0.9992 -0.0364
vn -0.0095 0.9994 -0.0337
vn 0.0204 0.9995 -0.0226
vn 0.0363 0.9993 -0.0092
vn 0.0013 0.9996 -0.0262
vn -0.0074 0.9984 -0.0550
vn -0.0089 0.9985 -0.0540
vn -0.0086 0.9988 -0.0468
vn -0.0167 0.9989 -0.0426
vn -0.0226 0.9992 -0.0320
vn -0.0174 0.9995 -0.0244
vn -0.0353 0.9991 -0.0241
vn -0.0336 0.9986 -0.0417
vn 0.0156 0.9965 -0.0816
vn 0.0415 0.9955 -0.0845
vn 0.0334 0.9982 -0.0491
vn 0.0847 0.9960 -0.0277
vn 0.0785 0.9967 -0.0177
vn -0.0462 0.9987 -0.0180
vn -0.1912 0.9814 -0.0186
vn -0.2280 0.9727 -0.0415
vn -0.0535 0.9962 -0.0693
vn 0.0902 0.9949 -0.0450
vn 0.0522 0.9985 -0.0162
vn -0.0001 1.0000 -0.0003
vn -0.0099 0.9999 0.0038
vn -0.0140 0.9999 -0.0054
vn -0.0177 0.9998 -0.0112
vn 0.0006 1.0000 -0.0074
vn 0.0222 0.9997 -0.0064
vn 0.0255 0.9995 -0.0149
vn 0.0236 0.9995 -0.0200
vn 0.0152 0.9997 -0.0169
vn 0.0084 0.9999 -0.0117
vn 0.0110 0.9998 -0.0116
vn 0.0132 0.9998 -0.0120
vn 0.0123 0.9999 -0.0093
vn -0.0001 1.0000 -0.0019
vn 0.0009 1.0000 -0.0033
vn -0.0004 1.0000 0.0000
vn -0.0005 1.0000 -0.0004
vn -0.0004 1.0000 -0.0007
vn -0.0002 1.0000 -0.0009
vn 0.0000 1.0000 0.0003
vn 0.0002 1.0000 0.0002
vn 0.0005 1.0000 -0.0002
vn 0.0004 1.0000 -0.0005
vn 0.0001 1.0000 -0.0006
vn 0.0001 1.0000 -0.0005
vn -0.0003 1.0000 -0.0004
vn 0.0003 1.0000 -0.0005
vn 0.0010 1.0000 -0.0009
vn -0.0042 1.0000 -0.0032
vn -0.0067 1.0000 -0.0034
vn -0.0043 1.0000 -0.0045
vn -0.0056 0.9999 -0.0141
vn -0.0050 0.9998 -0.0210
vn -0.0058 0.9997 -0.0243
vn -0.0138 0.9995 -0.0299
vn -0.0153 0.9991 -0.0379
vn -0.0139 0.9988 -0.0455
vn -0.0089 0.9986 -0.0514
vn 0.0128 0.9986 -0.0506
vn 0.0186 0.9996 -0.0206
vn 0.0115 0.9999 0.0091
vn 0.0041 1.0000 0.0003
vn -0.0113 0.9998 -0.0163
vn -0.0084 0.9998 -0.0197
vn -0.0191 0.9996 -0.0200
vn -0.0225 0.9994 -0.0266
vn -0.0175 0.9992 -0.0342
vn -0.0355 0.9988 -0.0339
vn -0.0243 0.9992 -0.0319
vn 0.0128 0.9999 -0.0028
vn 0.0173 0.9987 0.0476
vn 0.0362 0.9981 0.0490
vn 0.0828 0.9962 0.0256
vn 0.0815 0.9966 0.0142
vn -0.0226 0.9993 -0.0304
vn -0.1915 0.9789 -0.0706
vn -0.2128 0.9746 -0.0701
vn -0.0519 0.9958 -0.0749
vn 0.0677 0.9956 -0.0640
vn 0.0342 0.9991 -0.0226
vn -0.0061 1.0000 0.0031
vn -0.0049 1.0000 0.0007
vn -0.0110 0.9999 -0.0038
vn -0.0177 0.9998 -0.0032
vn -0.0033 1.0000 -0.0002
vn 0.0266 0.9996 -0.0022
vn 0.0300 0.9995 -0.0092
vn 0.0229 0.9997 -0.0106
vn 0.0143 0.9998 -0.0110
vn 0.0073 0.9999 -0.0127
vn 0.0115 0.9998 -0.0117
vn 0.0123 0.9998 -0.0107
vn 0.0109 0.9999 -0.0094
vn -0.0007 1.0000 -0.0006
vn -0.0008 1.0000 -0.0005
vn -0.0003 1.0000 -0.0000
vn -0.0002 1.0000 -0.0005
vn 0.0005 1.0000 -0.0006
vn 0.0004 1.0000 0.0000
vn -0.0002 1.0000 -0.0010
vn 0.0009 1.0000 -0.0005
vn 0.0003 1.0000 0.0001
vn -0.0018 1.0000 -0.0016
vn -0.0068 0.9999 -0.0054
vn -0.0041 1.0000 -0.0045
vn -0.0008 1.0000 -0.0035
vn -0.0021 0.9999 -0.0098
vn -0.0039 0.9999 -0.0147
vn -0.0091 0.9997 -0.0205
vn -0.0078 0.9994 -0.0335
vn -0.0104 0.9989 -0.0450
vn -0.0064 0.9987 -0.0494
vn 0.0089 0.9988 -0.0480
vn -0.0082 0.9996 -0.0255
vn 0.0033 1.0000 0.0048
vn 0.0169 0.9998 0.0056
vn -0.0072 0.9999 -0.0065
vn -0.0084 0.9999 -0.0101
vn -0.0160 0.9997 -0.0153
vn -0.0185 0.9996 -0.0209
vn -0.0204 0.9997 -0.0154
vn -0.0331 0.9993 -0.0152
vn -0.0248 0.9995 -0.0207
vn -0.0250 0.9995 0.0156
vn 0.0065 0.9988 0.0482
vn 0.0515 0.9979 0.0395
vn 0.0661 0.9957 0.0648
vn 0.1005 0.9924 0.0712
vn 0.0421 0.9987 -0.0278
vn -0.1680 0.9776 -0.1263
vn -0.2141 0.9637 -0.1591
vn -0.0530 0.9857 -0.1596
vn 0.0215 0.9958 -0.0887
vn 0.0082 0.9999 -0.0052
vn -0.0016 1.0000 0.0064
vn -0.0036 1.0000 -0.0011
vn -0.0086 0.9999 -0.0028
vn -0.0145 0.9998 -0.0130
vn -0.0057 0.9998 -0.0173
vn 0.0245 0.9997 -0.0075
vn 0.0323 0.9995 -0.0008
vn 0.0219 0.9998 -0.0016
vn 0.0150 0.9999 -0.0005
vn 0.0097 0.9999 -0.0041
vn 0.0108 0.9999 -0.0080
vn 0.0124 0.9999 -0.0080
vn 0.0103 0.9999 -0.0084
vn -0.0004 1.0000 -0.0006
vn -0.0004 1.0000 -0.0008
vn -0.0003 1.0000 -0.0006
vn -0.0003 1.0000 -0.0008
vn -0.0001 1.0000 -0.0013
vn 0.0005 1.0000 -0.0013
vn 0.0001 1.0000 0.0003
vn 0.0007 1.0000 0.0006
vn 0.0004 1.0000 -0.0002
vn 0.0000 1.0000 -0.0009
vn -0.0000 1.0000 -0.0003
vn -0.0036 1.0000 -0.0042
vn -0.0047 0.9999 -0.0096
vn -0.0001 0.9999 -0.0108
vn 0.0007 0.9999 -0.0105
vn -0.0030 0.9999 -0.0121
vn -0.0038 0.9998 -0.0171
vn -0.0027 0.9998 -0.0219
vn -0.0059 0.9996 -0.0269
vn -0.0044 0.9994 -0.0337
vn 0.0020 0.9996 -0.0265
vn -0.0184 0.9996 -0.0197
vn -0.0036 0.9998 -0.0206
vn 0.0166 0.9998 -0.0091
vn -0.0051 1.0000 -0.0002
vn -0.0084 0.9999 -0.0003
vn -0.0109 0.9999 -0.0038
vn -0.0176 0.9998 -0.0084
vn -0.0282 0.9996 -0.0019
vn -0.0252 0.9997 -0.0021
vn -0.0181 0.9996 -0.0214
vn -0.0426 0.9983 -0.0386
vn -0.0052 0.9998 -0.0205
vn 0.0400 0.9988 0.0280
vn 0.0396 0.9969 0.0676
vn 0.1244 0.9901 0.0642
vn 0.1082 0.9941 0.0065
vn -0.1487 0.9881 -0.0398
vn -0.2201 0.9750 -0.0297
vn -0.0764 0.9970 0.0129
vn -0.0182 0.9987 0.0484
vn 0.0059 0.9992 0.0381
vn 0.0083 0.9999 0.0128
vn -0.0046 1.0000 0.0049
vn -0.0010 1.0000 -0.0045
vn -0.0081 0.9998 -0.0181
vn -0.0062 0.9997 -0.0239
vn 0.0170 0.9996 -0.0201
vn 0.0264 0.9996 -0.0037
vn 0.0182 0.9997 0.0135
vn 0.0178 0.9997 0.0139
vn 0.0159 0.9998 0.0019
vn 0.0116 0.9999 -0.0063
vn 0.0122 0.9999 -0.0074
vn 0.0102 0.9999 -0.0066
vn -0.0005 1.0000 0.0001
vn -0.0007 1.0000 0.0004
vn -0.0005 1.0000 -0.0006
vn -0.0001 1.0000 -0.0004
vn -0.0002 1.0000 0.0000
vn 0.0006 1.0000 -0.0006
vn 0.0007 1.0000 -0.0000
vn 0.0004 1.0000 -0.0003
vn -0.0010 1.0000 -0.0013
vn -0.0017 1.0000 -0.0055
vn -0.0005 0.9999 -0.0087
vn 0.0001 1.0000 -0.0074
vn -0.0011 0.9999 -0.0081
vn -0.0008 0.9999 -0.0113
vn -0.0018 0.9999 -0.0130
vn -0.0033 0.9999 -0.0140
vn -0.0019 0.9998 -0.0160
vn -0.0033 0.9998 -0.0183
vn -0.0125 0.9996 -0.0264
vn -0.0053 0.9994 -0.0327
vn 0.0043 0.9998 -0.0201
vn -0.0058 0.9999 -0.0066
vn -0.0084 0.9999 -0.0052
vn -0.0086 0.9999 -0.0056
vn -0.0156 0.9998 -0.0085
vn -0.0285 0.9994 -0.0179
vn -0.0174 0.9994 -0.0308
vn -0.0111 0.9992 -0.0369
vn -0.0343 0.9984 -0.0459
vn -0.0299 0.9989 -0.0363
vn 0.0062 0.9998 0.0155
vn 0.0320 0.9984 0.0470
vn 0.1364 0.9897 0.0421
vn 0.1378 0.9901 0.0261
vn -0.1520 0.9880 0.0265
vn -0.2643 0.9597 0.0952
vn -0.0876 0.9842 0.1537
vn 0.0081 0.9952 0.0977
vn 0.0285 0.9993 0.0253
vn 0.0166 0.9998 -0.0022
vn -0.0024 0.9999 -0.0124
vn 0.0054 0.9998 -0.0177
vn -0.0088 0.9998 -0.0140
vn -0.0048 0.9999 -0.0094
vn 0.0161 0.9998 -0.0140
vn 0.0172 0.9998 -0.0133
vn 0.0137 0.9999 -0.0071
vn 0.0222 0.9997 -0.0074
vn 0.0202 0.9997 -0.0105
vn 0.0117 0.9999 -0.0099
vn 0.0110 0.9999 -0.0069
vn 0.0098 0.9999 -0.0049
vn -0.0002 1.0000 0.0003
vn -0.0003 1.0000 0.0010
vn -0.0002 1.0000 0.0002
vn 0.0000 1.0000 -0.0002
vn -0.0003 1.0000 0.0001
vn 0.0002 1.0000 -0.0003
vn 0.0003 1.0000 -0.0009
vn 0.0004 1.0000 -0.0001
vn 0.0003 1.0000 -0.0002
vn 0.0005 1.0000 -0.0004
vn 0.0002 1.0000 0.0000
vn -0.0002 1.0000 -0.0001
vn 0.0002 1.0000 -0.0010
vn -0.0002 1.0000 -0.0014
vn -0.0005 1.0000 -0.0021
vn -0.0009 1.0000 -0.0007
vn 0.0000 1.0000 0.0008
vn 0.0002 1.0000 -0.0023
vn -0.0023 1.0000 -0.0063
vn -0.0010 1.0000 -0.0074
vn -0.0009 0.9999 -0.0107
vn -0.0052 0.9998 -0.0190
vn -0.0049 0.9996 -0.0257
vn -0.0049 0.9997 -0.0232
vn -0.0080 0.9998 -0.0170
vn -0.0085 0.9998 -0.0144
vn -0.0084 0.9998 -0.0143
vn -0.0117 0.9998 -0.0184
vn -0.0206 0.9994 -0.0293
vn -0.0143 0.9993 -0.0352
vn -0.0153 0.9995 -0.0273
vn -0.0299 0.9994 -0.0188
vn -0.0377 0.9990 -0.0227
vn -0.0257 0.9996 -0.0066
vn 0.0352 0.9993 0.0108
vn 0.1422 0.9898 0.0004
vn 0.1383 0.9904 0.0071
vn -0.1593 0.9870 0.0215
vn -0.2912 0.9564 0.0201
vn -0.0727 0.9973 -0.0020
vn 0.0414 0.9987 -0.0297
vn 0.0360 0.9989 -0.0296
vn 0.0194 0.9996 -0.0201
vn 0.0005 0.9998 -0.0200
vn 0.0003 0.9999 -0.0110
vn -0.0147 0.9999 0.0039
vn -0.0016 1.0000 0.0039
vn 0.0210 0.9998 -0.0052
vn 0.0192 0.9996 -0.0179
vn 0.0138 0.9995 -0.0275
vn 0.0190 0.9996 -0.0218
vn 0.0190 0.9998 -0.0111
vn 0.0106 0.9999 -0.0076
vn 0.0098 0.9999 -0.0066
vn 0.0098 0.9999 -0.0064
vn -0.0002 1.0000 -0.0008
vn -0.0006 1.0000 -0.0005
vn -0.0005 1.0000 -0.0003
vn 0.0002 1.0000 -0.0007
vn 0.0002 1.0000 -0.0002
vn 0.0000 1.0000 -0.0004
vn 0.0000 1.0000 0.0001
vn -0.0019 1.0000 -0.0001
vn 0.0019 1.0000 -0.0005
vn -0.0009 1.0000 -0.0019
vn -0.0005 1.0000 -0.0042
vn 0.0005 1.0000 -0.0043
vn -0.0011 1.0000 -0.0055
vn -0.0028 0.9999 -0.0095
vn -0.0054 0.9998 -0.0147
vn -0.0081 0.9998 -0.0198
vn -0.0099 0.9997 -0.0201
vn -0.0082 0.9998 -0.0183
vn -0.0093 0.9998 -0.0186
vn -0.0156 0.9997 -0.0204
vn -0.0153 0.9996 -0.0211
vn -0.0223 0.9996 -0.0153
vn -0.0324 0.9994 -0.0074
vn -0.0293 0.9995 -0.0134
vn -0.0385 0.9990 -0.0220
vn 0.0299 0.9995 -0.0085
vn 0.1379 0.9902 0.0193
vn 0.1322 0.9907 0.0309
vn -0.1166 0.9920 -0.0483
vn -0.2712 0.9493 -0.1590
vn -0.0896 0.9849 -0.1479
vn 0.0338 0.9965 -0.0768
vn 0.0241 0.9988 -0.0429
vn 0.0074 0.9999 -0.0117
vn -0.0004 0.9999 0.0105
vn -0.0049 0.9999 0.0122
vn -0.0126 0.9999 0.0025
vn 0.0008 1.0000 -0.0052
vn 0.0236 0.9997 -0.0045
vn 0.0270 0.9996 -0.0098
vn 0.0152 0.9998 -0.0158
vn 0.0133 0.9998 -0.0141
vn 0.0164 0.9998 -0.0103
vn 0.0105 0.9999 -0.0092
vn 0.0097 0.9999 -0.0099
vn 0.0100 0.9999 -0.0105
vn -0.0008 1.0000 -0.0004
vn -0.0001 1.0000 -0.0002
vn -0.0003 1.0000 -0.0007
vn 0.0002 1.0000 -0.0005
vn 0.0001 1.0000 -0.0007
vn 0.0003 1.0000 -0.0001
vn -0.0000 1.0000 -0.0001
vn 0.0001 1.0000 -0.0001
vn -0.0010 1.0000 -0.0020
vn 0.0002 1.0000 -0.0033
vn 0.0010 1.0000 -0.0015
vn -0.0008 1.0000 -0.0014
vn -0.0017 1.0000 -0.0059
vn -0.0047 0.9999 -0.0127
vn -0.0102 0.9998 -0.0177
vn -0.0106 0.9998 -0.0146
vn -0.0114 0.9999 -0.0065
vn -0.0125 0.9999 -0.0062
vn -0.0145 0.9998 -0.0122
vn -0.0274 0.9995 -0.0107
vn -0.0323 0.9994 -0.0102
vn -0.0249 0.9996 -0.0119
vn -0.0342 0.9992 -0.0181
vn 0.0042 1.0000 0.0050
vn 0.1108 0.9916 0.0670
vn 0.1493 0.9862 0.0711
vn -0.0349 0.9991 -0.0209
vn -0.2386 0.9649 -0.1091
vn -0.1465 0.9847 -0.0937
vn 0.0142 0.9991 -0.0393
vn 0.0175 0.9995 -0.0277
vn -0.0117 0.9998 -0.0148
vn -0.0089 0.9999 0.0104
vn 0.0004 0.9999 0.0143
vn -0.0006 1.0000 -0.0056
vn -0.0001 0.9998 -0.0170
vn 0.0206 0.9997 -0.0110
vn 0.0322 0.9994 -0.0095
vn 0.0173 0.9997 -0.0161
vn 0.0119 0.9997 -0.0191
vn 0.0133 0.9998 -0.0153
vn 0.0103 0.9999 -0.0110
vn 0.0113 0.9998 -0.0124
vn 0.0103 0.9998 -0.0150
vn -0.0005 1.0000 0.0002
vn 0.0007 1.0000 0.0004
vn -0.0001 1.0000 -0.0006
vn 0.0003 1.0000 -0.0007
vn -0.0001 1.0000 0.0002
vn -0.0012 1.0000 -0.0021
vn -0.0066 0.9999 -0.0092
vn -0.0128 0.9998 -0.0146
vn -0.0163 0.9998 -0.0105
vn -0.0093 0.9999 -0.0078
vn -0.0110 0.9998 -0.0132
vn -0.0293 0.9994 -0.0173
vn -0.0325 0.9994 -0.0141
vn -0.0322 0.9995 0.0004
vn -0.0324 0.9993 0.0161
vn -0.0096 0.9998 0.0136
vn 0.0936 0.9956 0.0044
vn 0.1649 0.9863 0.0026
vn 0.0150 0.9997 -0.0172
vn -0.2121 0.9755 -0.0580
vn -0.1773 0.9820 -0.0652
vn -0.0049 0.9995 -0.0308
vn 0.0165 0.9998 -0.0076
vn -0.0170 0.9998 -0.0097
vn -0.0165 0.9998 -0.0128
vn -0.0005 1.0000 -0.0020
vn 0.0109 0.9999 -0.0003
vn 0.0038 0.9998 -0.0152
vn 0.0146 0.9997 -0.0179
vn 0.0324 0.9994 -0.0096
vn 0.0212 0.9997 -0.0099
vn 0.0125 0.9998 -0.0147
vn 0.0103 0.9998 -0.0144
vn 0.0093 0.9999 -0.0120
vn 0.0134 0.9998 -0.0125
vn 0.0105 0.9998 -0.0137
vn -0.0002 1.0000 0.0005
vn 0.0005 1.0000 0.0004
vn -0.0001 1.0000 -0.0008
vn 0.0000 1.0000 -0.0011
vn 0.0003 1.0000 -0.0006
vn -0.0002 1.0000 0.0001
vn -0.0018 1.0000 -0.0032
vn -0.0104 0.9999 -0.0102
vn -0.0186 0.9997 -0.0145
vn -0.0077 0.9998 -0.0162
vn -0.0089 0.9998 -0.0174
vn -0.0298 0.9994 -0.0160
vn -0.0421 0.9991 -0.0019
vn -0.0473 0.9985 0.0259
vn -0.0465 0.9971 0.0604
vn 0.0015 0.9977 0.0676
vn 0.1067 0.9936 0.0362
vn 0.1675 0.9858 0.0124
vn 0.0247 0.9996 0.0108
vn -0.2057 0.9784 0.0216
vn -0.1757 0.9844 0.0078
vn -0.0161 0.9997 -0.0159
vn 0.0097 0.9999 -0.0074
vn -0.0086 0.9999 -0.0080
vn -0.0115 0.9999 -0.0023
vn 0.0150 0.9998 0.0077
vn 0.0164 0.9998 -0.0060
vn 0.0128 0.9997 -0.0217
vn 0.0245 0.9996 -0.0133
vn 0.0246 0.9997 -0.0052
vn 0.0143 0.9998 -0.0093
vn 0.0101 0.9998 -0.0124
vn 0.0105 0.9998 -0.0166
vn 0.0126 0.9998 -0.0168
vn 0.0068 0.9999 -0.0079
vn -0.0001 1.0000 0.0007
vn -0.0004 1.0000 -0.0002
vn -0.0001 1.0000 -0.0001
vn 0.0001 1.0000 0.0001
vn 0.0003 1.0000 0.0008
vn 0.0003 1.0000 0.0009
vn -0.0000 1.0000 0.0007
vn -0.0000 1.0000 0.0006
vn -0.0058 1.0000 -0.0041
vn -0.0147 0.9998 -0.0142
vn -0.0092 0.9998 -0.0164
vn -0.0141 0.9999 -0.0036
vn -0.0298 0.9995 0.0037
vn -0.0482 0.9988 -0.0002
vn -0.0669 0.9976 0.0158
vn -0.0669 0.9965 0.0497
vn 0.0126 0.9982 0.0586
vn 0.1256 0.9913 0.0378
vn 0.1770 0.9841 0.0116
vn 0.0321 0.9993 -0.0161
vn -0.1928 0.9791 -0.0646
vn -0.1652 0.9825 -0.0855
vn -0.0342 0.9984 -0.0454
vn 0.0045 0.9999 -0.0141
vn -0.0050 0.9999 -0.0108
vn -0.0255 0.9997 0.0010
vn -0.0169 0.9998 0.0085
vn 0.0144 0.9998 0.0087
vn 0.0273 0.9996 0.0048
vn 0.0206 0.9997 -0.0115
vn 0.0172 0.9996 -0.0208
vn 0.0239 0.9996 -0.0153
vn 0.0144 0.9998 -0.0099
vn 0.0110 0.9999 -0.0084
vn 0.0133 0.9998 -0.0104
vn 0.0066 0.9999 -0.0048
vn -0.0013 0.9999 0.0105
vn -0.0067 0.9997 0.0247
vn -0.0011 0.9998 0.0164
vn -0.0018 0.9999 0.0100
vn -0.0009 1.0000 0.0054
vn -0.0045 1.0000 0.0007
vn 0.0163 0.9998 -0.0013
vn 0.0172 0.9998 -0.0009
vn -0.0282 0.9996 -0.0002
vn -0.0371 0.9993 0.0032
vn -0.0222 0.9997 0.0071
vn -0.0139 0.9999 -0.0016
vn 0.0015 0.9999 -0.0110
vn -0.0004 1.0000 -0.0020
vn -0.0061 0.9999 0.0068
vn -0.0137 0.9999 0.0033
vn -0.0233 0.9997 -0.0047
vn -0.0278 0.9995 -0.0108
vn -0.0275 0.9996 -0.0045
vn -0.0270 0.9996 -0.0074
vn -0.0269 0.9993 -0.0249
vn 0.0150 0.9996 -0.0249
vn 0.0379 0.9993 0.0029
vn 0.0192 0.9991 0.0363
vn -0.0185 0.9991 0.0393
vn -0.0121 0.9995 0.0266
vn 0.0426 0.9991 0.0040
vn 0.0537 0.9982 -0.0269
vn 0.0435 0.9987 -0.0244
vn 0.0181 0.9997 -0.0134
vn 0.0320 0.9994 -0.0149
vn 0.0351 0.9994 -0.0044
vn 0.0039 1.0000 0.0024
vn -0.0006 1.0000 0.0011
vn -0.0244 0.9997 0.0057
vn -0.1015 0.9930 -0.0605
vn -0.0573 0.9864 -0.1542
vn -0.0430 0.9981 -0.0426
vn -0.0494 0.9835 0.1739
vn -0.0452 0.9672 0.2500
vn -0.1179 0.9762 0.1820
vn 0.0181 0.9944 0.1044
vn 0.0407 0.9848 0.1685
vn -0.0888 0.9759 0.1992
vn -0.0805 0.9945 0.0663
vn -0.0143 0.9971 -0.0746
vn 0.0246 0.9921 -0.1228
vn 0.0416 0.9942 -0.0990
vn 0.0333 0.9979 -0.0558
vn 0.0258 0.9994 -0.0244
vn 0.0314 0.9991 -0.0271
vn 0.0140 0.9995 -0.0299
vn 0.0087 0.9998 -0.0172
vn 0.0006 1.0000 0.0015
vn 0.0000 0.9999 -0.0085
vn 0.0018 0.9997 -0.0229
vn -0.0096 0.9999 0.0066
vn -0.0165 0.9998 0.0107
vn -0.0183 0.9998 -0.0046
vn -0.0180 0.9998 -0.0045
vn -0.0175 0.9998 -0.0013
vn -0.0123 0.9999 -0.0048
vn 0.0046 0.9999 0.0131
vn 0.0213 0.9998 -0.0053
vn 0.0223 0.9994 -0.0266
vn 0.0145 0.9998 0.0085
vn 0.0184 0.9998 0.0077
vn 0.0286 0.9995 -0.0162
vn 0.0296 0.9995 0.0006
vn 0.0238 0.9995 0.0199
vn 0.0164 0.9998 -0.0029
vn 0.0147 0.9998 -0.0068
vn 0.0146 0.9998 -0.0060
vn 0.0194 0.9998 0.0015
vn 0.0249 0.9997 -0.0024
vn 0.0240 0.9995 -0.0190
vn 0.0188 0.9997 -0.0152
vn 0.0124 0.9999 -0.0082
vn 0.0122 0.9998 -0.0159
vn 0.0244 0.9997 -0.0057
vn 0.0543 0.9978 0.0383
vn 0.0802 0.9958 0.0439
vn 0.0670 0.9977 0.0135
vn 0.0424 0.9991 0.0037
vn 0.0275 0.9996 0.0040
vn -0.0054 0.9997 -0.0251
vn -0.0452 0.9976 -0.0525
vn -0.0477 0.9977 -0.0469
vn -0.0367 0.9993 -0.0049
vn -0.0346 0.9994 -0.0024
vn -0.0107 0.9999 0.0034
vn 0.0190 0.9996 0.0183
vn 0.0274 0.9995 -0.0133
vn 0.0167 0.9998 -0.0068
vn 0.0049 1.0000 -0.0057
vn 0.0062 0.9999 -0.0119
vn 0.0144 0.9999 -0.0022
vn 0.0192 0.9998 -0.0080
vn 0.0205 0.9996 -0.0192
vn 0.0218 0.9995 -0.0240
vn 0.0182 0.9995 -0.0264
vn 0.0124 0.9998 -0.0135
vn 0.0103 0.9998 -0.0138
vn 0.0109 0.9998 -0.0144
vn 0.0108 0.9999 -0.0081
vn 0.0099 0.9999 -0.0082
vn 0.0100 0.9999 -0.0086
vn 0.0100 0.9999 -0.0062
vn 0.0092 0.9999 -0.0047
vn 0.0086 0.9999 -0.0066
vn 0.0092 0.9999 -0.0107
vn 0.0078 0.9998 -0.0153
vn 0.0030 0.9999 -0.0136
vn -0.0019 1.0000 -0.0018
vn -0.0038 0.9998 0.0184
vn -0.0032 0.9995 0.0315
vn -0.0059 0.9996 0.0270
vn 0.0023 0.9999 0.0107
vn 0.0144 0.9999 -0.0035
vn 0.0111 0.9999 -0.0062
vn 0.0133 0.9998 -0.0103
vn 0.0218 0.9995 -0.0230
vn 0.0161 0.9996 -0.0220
vn 0.0271 0.9996 -0.0007
vn 0.0303 0.9995 0.0033
vn 0.0138 0.9999 -0.0015
vn -0.0164 0.9998 0.0089
vn -0.0304 0.9994 0.0154
vn -0.0070 1.0000 0.0034
vn 0.0045 1.0000 -0.0010
vn -0.0532 0.9910 -0.1226
vn -0.1686 0.9384 -0.3014
vn -0.1685 0.9590 -0.2280
vn 0.0418 0.9967 -0.0689
vn 0.1837 0.9823 -0.0366
vn 0.1335 0.9903 -0.0370
vn 0.0165 0.9997 -0.0183
vn -0.0758 0.9971 0.0033
vn -0.0776 0.9969 -0.0061
vn -0.0467 0.9989 -0.0035
vn -0.0289 0.9994 0.0163
vn -0.0192 0.9998 0.0082
vn -0.0115 0.9998 -0.0151
vn -0.0112 0.9997 -0.0194
vn -0.0034 1.0000 -0.0059
vn 0.0001 1.0000 0.0002
vn -0.0001 1.0000 0.0008
vn 0.0005 1.0000 0.0023
vn 0.0002 1.0000 0.0022
vn 0.0002 1.0000 0.0003
vn -0.0000 1.0000 0.0004
vn 0.0000 1.0000 -0.0010
vn -0.0001 1.0000 0.0001
vn 0.0005 1.0000 0.0001
vn 0.0011 1.0000 0.0005
vn 0.0011 1.0000 -0.0008
vn 0.0006 1.0000 0.0000
vn -0.0003 1.0000 0.0017
vn -0.0009 1.0000 0.0005
vn 0.0007 1.0000 -0.0025
vn 0.0016 1.0000 -0.0038
vn 0.0023 1.0000 -0.0053
vn 0.0015 1.0000 -0.0050
vn -0.0008 1.0000 -0.0021
vn 0.0002 1.0000 -0.0016
vn 0.0009 1.0000 -0.0014
vn -0.0012 0.9998 0.0171
vn 0.0070 0.9999 0.0034
vn 0.0244 0.9988 -0.0424
vn 0.0366 0.9992 -0.0151
vn 0.0429 0.9991 -0.0050
vn 0.0310 0.9993 -0.0216
vn 0.0026 1.0000 -0.0033
vn -0.0126 0.9999 -0.0041
vn -0.0082 0.9999 -0.0103
vn 0.0011 0.9999 -0.0143
vn 0.0057 0.9999 -0.0090
vn 0.0057 1.0000 -0.0045
vn 0.0048 0.9998 -0.0172
vn 0.0073 0.9997 -0.0211
vn 0.0067 0.9999 -0.0125
vn -0.0020 0.9999 -0.0107
vn 0.0060 0.9999 0.0059
vn 0.0290 0.9987 0.0421
vn 0.0289 0.9973 0.0681
vn 0.0129 0.9991 0.0386
vn 0.0081 0.9999 -0.0061
vn 0.0125 0.9999 0.0044
vn 0.0173 0.9998 0.0087
vn 0.0030 0.9996 -0.0286
vn -0.0211 0.9997 -0.0077
vn -0.0222 0.9997 -0.0100
vn -0.0052 0.9995 -0.0301
vn 0.0174 0.9998 -0.0086
vn 0.0274 0.9996 -0.0059
vn 0.0170 0.9998 -0.0010
vn 0.0049 1.0000 -0.0025
vn 0.0020 1.0000 0.0021
vn 0.0061 0.9999 0.0067
vn 0.0109 0.9999 0.0064
vn 0.0130 0.9999 0.0012
vn 0.0097 0.9999 0.0073
vn 0.0010 0.9999 0.0148
vn -0.0065 1.0000 0.0025
vn -0.0092 0.9999 -0.0031
vn -0.0072 1.0000 0.0018
vn -0.0029 1.0000 0.0014
vn -0.0023 1.0000 -0.0023
vn -0.0022 1.0000 0.0017
vn -0.0008 1.0000 0.0026
vn -0.0051 1.0000 0.0015
vn -0.0065 1.0000 -0.0012
vn -0.0003 1.0000 -0.0065
usemtl rastMat.020
s 1
f 257/1/1 258/2/2 321/3/3 320/4/4
f 258/2/2 259/5/5 322/6/6 321/3/3
f 259/5/5 260/7/7 323/8/8 322/6/6
f 260/7/7 261/9/9 324/10/10 323/8/8
f 261/9/9 262/11/11 325/12/12 324/10/10
f 262/11/11 263/13/13 326/14/14 325/12/12
f 263/13/13 264/15/15 327/16/16 326/14/14
f 264/15/15 265/17/17 328/18/18 327/16/16
f 265/17/17 266/19/19 329/20/20 328/18/18
f 266/19/19 267/21/21 330/22/22 329/20/20
f 267/21/21 268/23/23 331/24/24 330/22/22
f 268/23/23 269/25/25 332/26/26 331/24/24
f 269/25/25 270/27/27 333/28/28 332/26/26
f 270/27/27 271/29/29 334/30/30 333/28/28
f 271/29/29 272/31/31 335/32/32 334/30/30
f 272/31/31 273/33/33 336/34/34 335/32/32
f 273/33/33 274/35/35 337/36/36 336/34/34
f 274/35/35 275/37/37 338/38/38 337/36/36
f 275/37/37 276/39/39 339/40/40 338/38/38
f 276/39/39 277/41/41 340/42/42 339/40/40
f 277/41/41 278/43/43 341/44/44 340/42/42
f 278/43/43 279/45/45 342/46/46 341/44/44
f 279/45/45 280/47/47 343/48/48 342/46/46
f 280/47/47 281/49/49 344/50/50 343/48/48
f 281/49/49 282/51/51 345/52/52 344/50/50
f 282/51/51 283/53/53 346/54/54 345/52/52
f 283/53/53 284/55/55 347/56/56 346/54/54
f 284/55/55 285/57/57 348/58/58 347/56/56
f 285/57/57 286/59/59 349/60/60 348/58/58
f 286/59/59 287/61/61 350/62/61 349/60/60
f 287/61/61 288/63/61 351/64/61 350/62/61
f 288/63/61 289/65/61 352/66/62 351/64/61
f 289/65/61 290/67/63 353/68/64 352/66/62
f 290/67/63 291/69/65 354/70/66 353/68/64
f 291/69/65 292/71/67 355/72/68 354/70/66
f 292/71/67 293/73/61 356/74/69 355/72/68
f 293/73/61 294/75/61 357/76/61 356/74/69
f 294/75/61 295/77/61 358/78/61 357/76/61
f 295/77/61 296/79/61 359/80/61 358/78/61
f 296/79/61 297/81/61 360/82/61 359/80/61
f 297/81/61 298/83/61 361/84/61 360/82/61
f 298/83/61 299/85/61 362/86/61 361/84/61
f 299/85/61 300/87/61 363/88/61 362/86/61
f 300/87/61 301/89/70 364/90/71 363/88/61
f 301/89/70 302/91/72 365/92/73 364/90/71
f 302/91/72 303/93/74 366/94/75 365/92/73
f 303/93/74 304/95/76 367/96/77 366/94/75
f 304/95/76 305/97/78 368/98/79 367/96/77
f 305/97/78 306/99/80 369/100/81 368/98/79
f 306/99/80 307/101/82 370/102/83 369/100/81
f 307/101/82 308/103/84 371/104/85 370/102/83
f 308/103/84 309/105/86 372/106/87 371/104/85
f 309/105/86 310/107/88 373/108/89 372/106/87
f 310/107/88 311/109/90 374/110/91 373/108/89
f 311/109/90 312/111/92 375/112/93 374/110/91
f 312/111/92 313/113/94 376/114/95 375/112/93
f 313/113/94 314/115/96 377/116/97 376/114/95
f 314/115/96 315/117/98 378/118/99 377/116/97
f 315/117/98 316/119/100 379/120/101 378/118/99
f 316/119/100 317/121/102 380/122/103 379/120/101
f 317/121/102 318/123/104 381/124/105 380/122/103
f 318/123/104 319/125/106 382/126/107 381/124/105
f 320/4/4 321/3/3 384/127/108 383/128/109
f 321/3/3 322/6/6 385/129/110 384/127/108
f 322/6/6 323/8/8 386/130/111 385/129/110
f 323/8/8 324/10/10 387/131/112 386/130/111
f 324/10/10 325/12/12 388/132/113 387/131/112
f 325/12/12 326/14/14 389/133/114 388/132/113
f 326/14/14 327/16/16 390/134/115 389/133/114
f 327/16/16 328/18/18 391/135/116 390/134/115
f 328/18/18 329/20/20 392/136/117 391/135/116
f 329/20/20 330/22/22 393/137/118 392/136/117
f 330/22/22 331/24/24 394/138/119 393/137/118
f 331/24/24 332/26/26 395/139/120 394/138/119
f 332/26/26 333/28/28 396/140/121 395/139/120
f 333/28/28 334/30/30 397/141/122 396/140/121
f 334/30/30 335/32/32 398/142/123 397/141/122
f 335/32/32 336/34/34 399/143/124 398/142/123
f 336/34/34 337/36/36 400/144/125 399/143/124
f 337/36/36 338/38/38 401/145/126 400/144/125
f 338/38/38 339/40/40 402/146/127 401/145/126
f 339/40/40 340/42/42 403/147/128 402/146/127
f 340/42/42 341/44/44 404/148/129 403/147/128
f 341/44/44 342/46/46 405/149/130 404/148/129
f 342/46/46 343/48/48 406/150/131 405/149/130
f 343/48/48 344/50/50 407/151/132 406/150/131
f 344/50/50 345/52/52 408/152/133 407/151/132
f 345/52/52 346/54/54 409/153/134 408/152/133
f 346/54/54 347/56/56 410/154/135 409/153/134
f 347/56/56 348/58/58 411/155/136 410/154/135
f 348/58/58 349/60/60 412/156/137 411/155/136
f 349/60/60 350/62/61 413/157/61 412/156/137
f 350/62/61 351/64/61 414/158/138 413/157/61
f 351/64/61 352/66/62 415/159/139 414/158/138
f 352/66/62 353/68/64 416/160/140 415/159/139
f 353/68/64 354/70/66 417/161/141 416/160/140
f 354/70/66 355/72/68 418/162/142 417/161/141
f 355/72/68 356/74/69 419/163/143 418/162/142
f 356/74/69 357/76/61 420/164/61 419/163/143
f 357/76/61 358/78/61 421/165/61 420/164/61
f 358/78/61 359/80/61 422/166/61 421/165/61
f 359/80/61 360/82/61 423/167/61 422/166/61
f 360/82/61 361/84/61 424/168/61 423/167/61
f 361/84/61 362/86/61 425/169/61 424/168/61
f 362/86/61 363/88/61 426/170/63 425/169/61
f 363/88/61 364/90/71 427/171/144 426/170/63
f 364/90/71 365/92/73 428/172/145 427/171/144
f 365/92/73 366/94/75 429/173/146 428/172/145
f 366/94/75 367/96/77 430/174/147 429/173/146
f 367/96/77 368/98/79 431/175/148 430/174/147
f 368/98/79 369/100/81 432/176/149 431/175/148
f 369/100/81 370/102/83 433/177/150 432/176/149
f 370/102/83 371/104/85 434/178/151 433/177/150
f 371/104/85 372/106/87 435/179/152 434/178/151
f 372/106/87 373/108/89 436/180/153 435/179/152
f 373/108/89 374/110/91 437/181/154 436/180/153
f 374/110/91 375/112/93 438/182/155 437/181/154
f 375/112/93 376/114/95 439/183/156 438/182/155
f 376/114/95 377/116/97 440/184/157 439/183/156
f 377/116/97 378/118/99 441/185/158 440/184/157
f 378/118/99 379/120/101 442/186/159 441/185/158
f 379/120/101 380/122/103 443/187/160 442/186/159
f 380/122/103 381/124/105 444/188/161 443/187/160
f 381/124/105 382/126/107 445/189/162 444/188/161
f 383/128/109 384/127/108 447/190/163 446/191/164
f 384/127/108 385/129/110 448/192/165 447/190/163
f 385/129/110 386/130/111 449/193/166 448/192/165
f 386/130/111 387/131/112 450/194/167 449/193/166
f 387/131/112 388/132/113 451/195/168 450/194/167
f 388/132/113 389/133/114 452/196/169 451/195/168
f 389/133/114 390/134/115 453/197/170 452/196/169
f 390/134/115 391/135/116 454/198/171 453/197/170
f 391/135/116 392/136/117 455/199/172 454/198/171
f 392/136/117 393/137/118 456/200/173 455/199/172
f 393/137/118 394/138/119 457/201/174 456/200/173
f 394/138/119 395/139/120 458/202/175 457/201/174
f 395/139/120 396/140/121 459/203/176 458/202/175
f 396/140/121 397/141/122 460/204/177 459/203/176
f 397/141/122 398/142/123 461/205/178 460/204/177
f 398/142/123 399/143/124 462/206/179 461/205/178
f 399/143/124 400/144/125 463/207/180 462/206/179
f 400/144/125 401/145/126 464/208/181 463/207/180
f 401/145/126 402/146/127 465/209/182 464/208/181
f 402/146/127 403/147/128 466/210/183 465/209/182
f 403/147/128 404/148/129 467/211/184 466/210/183
f 404/148/129 405/149/130 468/212/185 467/211/184
f 405/149/130 406/150/131 469/213/186 468/212/185
f 406/150/131 407/151/132 470/214/187 469/213/186
f 407/151/132 408/152/133 471/215/188 470/214/187
f 408/152/133 409/153/134 472/216/189 471/215/188
f 409/153/134 410/154/135 473/217/190 472/216/189
f 410/154/135 411/155/136 474/218/191 473/217/190
f 411/155/136 412/156/137 475/219/192 474/218/191
f 412/156/137 413/157/61 476/220/193 475/219/192
f 413/157/61 414/158/138 477/221/194 476/220/193
f 414/158/138 415/159/139 478/222/195 477/221/194
f 415/159/139 416/160/140 479/223/196 478/222/195
f 416/160/140 417/161/141 480/224/197 479/223/196
f 417/161/141 418/162/142 481/225/198 480/224/197
f 418/162/142 419/163/143 482/226/199 481/225/198
f 419/163/143 420/164/61 483/227/200 482/226/199
f 420/164/61 421/165/61 484/228/61 483/227/200
f 421/165/61 422/166/61 485/229/61 484/228/61
f 422/166/61 423/167/61 486/230/61 485/229/61
f 423/167/61 424/168/61 487/231/61 486/230/61
f 424/168/61 425/169/61 488/232/201 487/231/61
f 425/169/61 426/170/63 489/233/202 488/232/201
f 426/170/63 427/171/144 490/234/203 489/233/202
f 427/171/144 428/172/145 491/235/204 490/234/203
f 428/172/145 429/173/146 492/236/205 491/235/204
f 429/173/146 430/174/147 493/237/206 492/236/205
f 430/174/147 431/175/148 494/238/207 493/237/206
f 431/175/148 432/176/149 495/239/208 494/238/207
f 432/176/149 433/177/150 496/240/209 495/239/208
f 433/177/150 434/178/151 497/241/210 496/240/209
f 434/178/151 435/179/152 498/242/211 497/241/210
f 435/179/152 436/180/153 499/243/212 498/242/211
f 436/180/153 437/181/154 500/244/213 499/243/212
f 437/181/154 438/182/155 501/245/214 500/244/213
f 438/182/155 439/183/156 502/246/215 501/245/214
f 439/183/156 440/184/157 503/247/216 502/246/215
f 440/184/157 441/185/158 504/248/217 503/247/216
f 441/185/158 442/186/159 505/249/218 504/248/217
f 442/186/159 443/187/160 506/250/219 505/249/218
f 443/187/160 444/188/161 507/251/220 506/250/219
f 444/188/161 445/189/162 508/252/221 507/251/220
f 446/191/164 447/190/163 510/253/222 509/254/223
f 447/190/163 448/192/165 511/255/224 510/253/222
f 448/192/165 449/193/166 512/256/225 511/255/224
f 449/193/166 450/194/167 513/257/226 512/256/225
f 450/194/167 451/195/168 514/258/227 513/257/226
f 451/195/168 452/196/169 515/259/228 514/258/227
f 452/196/169 453/197/170 516/260/229 515/259/228
f 453/197/170 454/198/171 517/261/230 516/260/229
f 454/198/171 455/199/172 518/262/231 517/261/230
f 455/199/172 456/200/173 519/263/232 518/262/231
f 456/200/173 457/201/174 520/264/233 519/263/232
f 457/201/174 458/202/175 521/265/234 520/264/233
f 458/202/175 459/203/176 522/266/235 521/265/234
f 459/203/176 460/204/177 523/267/236 522/266/235
f 460/204/177 461/205/178 524/268/237 523/267/236
f 461/205/178 462/206/179 525/269/238 524/268/237
f 462/206/179 463/207/180 526/270/239 525/269/238
f 463/207/180 464/208/181 527/271/240 526/270/239
f 464/208/181 465/209/182 528/272/241 527/271/240
f 465/209/182 466/210/183 529/273/242 528/272/241
f 466/210/183 467/211/184 530/274/243 529/273/242
f 467/211/184 468/212/185 531/275/244 530/274/243
f 468/212/185 469/213/186 532/276/245 531/275/244
f 469/213/186 470/214/187 533/277/246 532/276/245
f 470/214/187 471/215/188 534/278/247 533/277/246
f 471/215/188 472/216/189 535/279/248 534/278/247
f 472/216/189 473/217/190 536/280/249 535/279/248
f 473/217/190 474/218/191 537/281/250 536/280/249
f 474/218/191 475/219/192 538/282/251 537/281/250
f 475/219/192 476/220/193 539/283/252 538/282/251
f 476/220/193 477/221/194 540/284/253 539/283/252
f 477/221/194 478/222/195 541/285/254 540/284/253
f 478/222/195 479/223/196 542/286/255 541/285/254
f 479/223/196 480/224/197 543/287/256 542/286/255
f 480/224/197 481/225/198 544/288/257 543/287/256
f 481/225/198 482/226/199 545/289/258 544/288/257
f 482/226/199 483/227/200 546/290/259 545/289/258
f 483/227/200 484/228/61 547/291/61 546/290/259
f 484/228/61 485/229/61 548/292/61 547/291/61
f 485/229/61 486/230/61 549/293/61 548/292/61
f 486/230/61 487/231/61 550/294/61 549/293/61
f 487/231/61 488/232/201 551/295/260 550/294/61
f 488/232/201 489/233/202 552/296/261 551/295/260
f 489/233/202 490/234/203 553/297/262 552/296/261
f 490/234/203 491/235/204 554/298/263 553/297/262
f 491/235/204 492/236/205 555/299/264 554/298/263
f 492/236/205 493/237/206 556/300/265 555/299/264
f 493/237/206 494/238/207 557/301/266 556/300/265
f 494/238/207 495/239/208 558/302/267 557/301/266
f 495/239/208 496/240/209 559/303/268 558/302/267
f 496/240/209 497/241/210 560/304/269 559/303/268
f 497/241/210 498/242/211 561/305/270 560/304/269
f 498/242/211 499/243/212 562/306/271 561/305/270
f 499/243/212 500/244/213 563/307/272 562/306/271
f 500/244/213 501/245/214 564/308/273 563/307/272
f 501/245/214 502/246/215 565/309/274 564/308/273
f 502/246/215 503/247/216 566/310/275 565/309/274
f 503/247/216 504/248/217 567/311/276 566/310/275
f 504/248/217 505/249/218 568/312/277 567/311/276
f 505/249/218 506/250/219 569/313/278 568/312/277
f 506/250/219 507/251/220 570/314/279 569/313/278
f 507/251/220 508/252/221 571/315/280 570/314/279
f 509/254/223 510/253/222 573/316/281 572/317/282
f 510/253/222 511/255/224 574/318/283 573/316/281
f 511/255/224 512/256/225 575/319/284 574/318/283
f 512/256/225 513/257/226 576/320/285 575/319/284
f 513/257/226 514/258/227 577/321/286 576/320/285
f 514/258/227 515/259/228 578/322/287 577/321/286
f 515/259/228 516/260/229 579/323/288 578/322/287
f 516/260/229 517/261/230 580/324/289 579/323/288
f 517/261/230 518/262/231 581/325/290 580/324/289
f 518/262/231 519/263/232 582/326/291 581/325/290
f 519/263/232 520/264/233 583/327/292 582/326/291
f 520/264/233 521/265/234 584/328/293 583/327/292
f 521/265/234 522/266/235 585/329/294 584/328/293
f 522/266/235 523/267/236 586/330/295 585/329/294
f 523/267/236 524/268/237 587/331/296 586/330/295
f 524/268/237 525/269/238 588/332/297 587/331/296
f 525/269/238 526/270/239 589/333/298 588/332/297
f 526/270/239 527/271/240 590/334/299 589/333/298
f 527/271/240 528/272/241 591/335/300 590/334/299
f 528/272/241 529/273/242 592/336/301 591/335/300
f 529/273/242 530/274/243 593/337/302 592/336/301
f 530/274/243 531/275/244 594/338/303 593/337/302
f 531/275/244 532/276/245 595/339/304 594/338/303
f 532/276/245 533/277/246 596/340/305 595/339/304
f 533/277/246 534/278/247 597/341/306 596/340/305
f 534/278/247 535/279/248 598/342/307 597/341/306
f 535/279/248 536/280/249 599/343/308 598/342/307
f 536/280/249 537/281/250 600/344/309 599/343/308
f 537/281/250 538/282/251 601/345/310 600/344/309
f 538/282/251 539/283/252 602/346/311 601/345/310
f 539/283/252 540/284/253 603/347/312 602/346/311
f 540/284/253 541/285/254 604/348/313 603/347/312
f 541/285/254 542/286/255 605/349/314 604/348/313
f 542/286/255 543/287/256 606/350/315 605/349/314
f 543/287/256 544/288/257 607/351/316 606/350/315
f 544/288/257 545/289/258 608/352/317 607/351/316
f 545/289/258 546/290/259 609/353/318 608/352/317
f 546/290/259 547/291/61 610/354/319 609/353/318
f 547/291/61 548/292/61 611/355/320 610/354/319
f 548/292/61 549/293/61 612/356/321 611/355/320
f 549/293/61 550/294/61 613/357/322 612/356/321
f 550/294/61 551/295/260 614/358/323 613/357/322
f 551/295/260 552/296/261 615/359/324 614/358/323
f 552/296/261 553/297/262 616/360/325 615/359/324
f 553/297/262 554/298/263 617/361/326 616/360/325
f 554/298/263 555/299/264 618/362/327 617/361/326
f 555/299/264 556/300/265 619/363/328 618/362/327
f 556/300/265 557/301/266 620/364/329 619/363/328
f 557/301/266 558/302/267 621/365/330 620/364/329
f 558/302/267 559/303/268 622/366/331 621/365/330
f 559/303/268 560/304/269 623/367/332 622/366/331
f 560/304/269 561/305/270 624/368/333 623/367/332
f 561/305/270 562/306/271 625/369/334 624/368/333
f 562/306/271 563/307/272 626/370/335 625/369/334
f 563/307/272 564/308/273 627/371/336 626/370/335
f 564/308/273 565/309/274 628/372/337 627/371/336
f 565/309/274 566/310/275 629/373/338 628/372/337
f 566/310/275 567/311/276 630/374/339 629/373/338
f 567/311/276 568/312/277 631/375/340 630/374/339
f 568/312/277 569/313/278 632/376/341 631/375/340
f 569/313/278 570/314/279 633/377/342 632/376/341
f 570/314/279 571/315/280 634/378/343 633/377/342
f 572/317/282 573/316/281 636/379/344 635/380/345
f 573/316/281 574/318/283 637/381/346 636/379/344
f 574/318/283 575/319/284 638/382/347 637/381/346
f 575/319/284 576/320/285 639/383/348 638/382/347
f 576/320/285 577/321/286 640/384/349 639/383/348
f 577/321/286 578/322/287 641/385/350 640/384/349
f 578/322/287 579/323/288 642/386/351 641/385/350
f 579/323/288 580/324/289 643/387/352 642/386/351
f 580/324/289 581/325/290 644/388/353 643/387/352
f 581/325/290 582/326/291 645/389/354 644/388/353
f 582/326/291 583/327/292 646/390/355 645/389/354
f 583/327/292 584/328/293 647/391/356 646/390/355
f 584/328/293 585/329/294 648/392/357 647/391/356
f 585/329/294 586/330/295 649/393/358 648/392/357
f 586/330/295 587/331/296 650/394/359 649/393/358
f 587/331/296 588/332/297 651/395/360 650/394/359
f 588/332/297 589/333/298 652/396/361 651/395/360
f 589/333/298 590/334/299 653/397/362 652/396/361
f 590/334/299 591/335/300 654/398/363 653/397/362
f 591/335/300 592/336/301 655/399/364 654/398/363
f 592/336/301 593/337/302 656/400/365 655/399/364
f 593/337/302 594/338/303 657/401/366 656/400/365
f 594/338/303 595/339/304 658/402/367 657/401/366
f 595/339/304 596/340/305 659/403/368 658/402/367
f 596/340/305 597/341/306 660/404/369 659/403/368
f 597/341/306 598/342/307 661/405/370 660/404/369
f 598/342/307 599/343/308 662/406/371 661/405/370
f 599/343/308 600/344/309 663/407/61 662/406/371
f 600/344/309 601/345/310 664/408/372 663/407/61
f 601/345/310 602/346/311 665/409/373 664/408/372
f 602/346/311 603/347/312 666/410/374 665/409/373
f 603/347/312 604/348/313 667/411/375 666/410/374
f 604/348/313 605/349/314 668/412/376 667/411/375
f 605/349/314 606/350/315 669/413/377 668/412/376
f 606/350/315 607/351/316 670/414/378 669/413/377
f 607/351/316 608/352/317 671/415/379 670/414/378
f 608/352/317 609/353/318 672/416/380 671/415/379
f 609/353/318 610/354/319 673/417/381 672/416/380
f 610/354/319 611/355/320 674/418/382 673/417/381
f 611/355/320 612/356/321 675/419/383 674/418/382
f 612/356/321 613/357/322 676/420/384 675/419/383
f 613/357/322 614/358/323 677/421/385 676/420/384
f 614/358/323 615/359/324 678/422/386 677/421/385
f 615/359/324 616/360/325 679/423/387 678/422/386
f 616/360/325 617/361/326 680/424/388 679/423/387
f 617/361/326 618/362/327 681/425/389 680/424/388
f 618/362/327 619/363/328 682/426/390 681/425/389
f 619/363/328 620/364/329 683/427/391 682/426/390
f 620/364/329 621/365/330 684/428/392 683/427/391
f 621/365/330 622/366/331 685/429/393 684/428/392
f 622/366/331 623/367/332 686/430/394 685/429/393
f 623/367/332 624/368/333 687/431/395 686/430/394
f 624/368/333 625/369/334 688/432/396 687/431/395
f 625/369/334 626/370/335 689/433/397 688/432/396
f 626/370/335 627/371/336 690/434/398 689/433/397
f 627/371/336 628/372/337 691/435/399 690/434/398
f 628/372/337 629/373/338 692/436/400 691/435/399
f 629/373/338 630/374/339 693/437/401 692/436/400
f 630/374/339 631/375/340 694/438/402 693/437/401
f 631/375/340 632/376/341 695/439/403 694/438/402
f 632/376/341 633/377/342 696/440/404 695/439/403
f 633/377/342 634/378/343 697/441/405 696/440/404
f 635/380/345 636/379/344 699/442/406 698/443/407
f 636/379/344 637/381/346 700/444/408 699/442/406
f 637/381/346 638/382/347 701/445/409 700/444/408
f 638/382/347 639/383/348 702/446/410 701/445/409
f 639/383/348 640/384/349 703/447/411 702/446/410
f 640/384/349 641/385/350 704/448/412 703/447/411
f 641/385/350 642/386/351 705/449/413 704/448/412
f 642/386/351 643/387/352 706/450/414 705/449/413
f 643/387/352 644/388/353 707/451/415 706/450/414
f 644/388/353 645/389/354 708/452/416 707/451/415
f 645/389/354 646/390/355 709/453/417 708/452/416
f 646/390/355 647/391/356 710/454/418 709/453/417
f 647/391/356 648/392/357 711/455/419 710/454/418
f 648/392/357 649/393/358 712/456/420 711/455/419
f 649/393/358 650/394/359 713/457/421 712/456/420
f 650/394/359 651/395/360 714/458/422 713/457/421
f 651/395/360 652/396/361 715/459/423 714/458/422
f 652/396/361 653/397/362 716/460/424 715/459/423
f 653/397/362 654/398/363 717/461/425 716/460/424
f 654/398/363 655/399/364 718/462/426 717/461/425
f 655/399/364 656/400/365 719/463/427 718/462/426
f 656/400/365 657/401/366 720/464/428 719/463/427
f 657/401/366 658/402/367 721/465/429 720/464/428
f 658/402/367 659/403/368 722/466/430 721/465/429
f 659/403/368 660/404/369 723/467/431 722/466/430
f 660/404/369 661/405/370 724/468/432 723/467/431
f 661/405/370 662/406/371 725/469/433 724/468/432
f 662/406/371 663/407/61 726/470/61 725/469/433
f 663/407/61 664/408/372 727/471/434 726/470/61
f 664/408/372 665/409/373 728/472/435 727/471/434
f 665/409/373 666/410/374 729/473/436 728/472/435
f 666/410/374 667/411/375 730/474/437 729/473/436
f 667/411/375 668/412/376 731/475/438 730/474/437
f 668/412/376 669/413/377 732/476/439 731/475/438
f 669/413/377 670/414/378 733/477/440 732/476/439
f 670/414/378 671/415/379 734/478/441 733/477/440
f 671/415/379 672/416/380 735/479/442 734/478/441
f 672/416/380 673/417/381 736/480/443 735/479/442
f 673/417/381 674/418/382 737/481/444 736/480/443
f 674/418/382 675/419/383 738/482/445 737/481/444
f 675/419/383 676/420/384 739/483/446 738/482/445
f 676/420/384 677/421/385 740/484/447 739/483/446
f 677/421/385 678/422/386 741/485/448 740/484/447
f 678/422/386 679/423/387 742/486/449 741/485/448
f 679/423/387 680/424/388 743/487/450 742/486/449
f 680/424/388 681/425/389 744/488/451 743/487/450
f 681/425/389 682/426/390 745/489/452 744/488/451
f 682/426/390 683/427/391 746/490/453 745/489/452
f 683/427/391 684/428/392 747/491/454 746/490/453
f 684/428/392 685/429/393 748/492/455 747/491/454
f 685/429/393 686/430/394 749/493/456 748/492/455
f 686/430/394 687/431/395 750/494/457 749/493/456
f 687/431/395 688/432/396 751/495/458 750/494/457
f 688/432/396 689/433/397 752/496/459 751/495/458
f 689/433/397 690/434/398 753/497/460 752/496/459
f 690/434/398 691/435/399 754/498/461 753/497/460
f 691/435/399 692/436/400 755/499/462 754/498/461
f 692/436/400 693/437/401 756/500/463 755/499/462
f 693/437/401 694/438/402 757/501/464 756/500/463
f 694/438/402 695/439/403 758/502/465 757/501/464
f 695/439/403 696/440/404 759/503/466 758/502/465
f 696/440/404 697/441/405 760/504/467 759/503/466
f 698/443/407 699/442/406 762/505/468 761/506/469
f 699/442/406 700/444/408 763/507/470 762/505/468
f 700/444/408 701/445/409 764/508/471 763/507/470
f 701/445/409 702/446/410 765/509/472 764/508/471
f 702/446/410 703/447/411 766/510/473 765/509/472
f 703/447/411 704/448/412 767/511/474 766/510/473
f 704/448/412 705/449/413 768/512/475 767/511/474
f 705/449/413 706/450/414 769/513/476 768/512/475
f 706/450/414 707/451/415 770/514/477 769/513/476
f 707/451/415 708/452/416 771/515/478 770/514/477
f 708/452/416 709/453/417 772/516/479 771/515/478
f 709/453/417 710/454/418 773/517/480 772/516/479
f 710/454/418 711/455/419 774/518/481 773/517/480
f 711/455/419 712/456/420 775/519/482 774/518/481
f 712/456/420 713/457/421 776/520/483 775/519/482
f 713/457/421 714/458/422 777/521/484 776/520/483
f 714/458/422 715/459/423 778/522/485 777/521/484
f 715/459/423 716/460/424 779/523/486 778/522/485
f 716/460/424 717/461/425 780/524/487 779/523/486
f 717/461/425 718/462/426 781/525/488 780/524/487
f 718/462/426 719/463/427 782/526/489 781/525/488
f 719/463/427 720/464/428 783/527/490 782/526/489
f 720/464/428 721/465/429 784/528/491 783/527/490
f 721/465/429 722/466/430 785/529/492 784/528/491
f 722/466/430 723/467/431 786/530/493 785/529/492
f 723/467/431 724/468/432 787/531/494 786/530/493
f 724/468/432 725/469/433 788/532/61 787/531/494
f 725/469/433 726/470/61 789/533/495 788/532/61
f 726/470/61 727/471/434 790/534/496 789/533/495
f 727/471/434 728/472/435 791/535/497 790/534/496
f 728/472/435 729/473/436 792/536/498 791/535/497
f 729/473/436 730/474/437 793/537/499 792/536/498
f 730/474/437 731/475/438 794/538/500 793/537/499
f 731/475/438 732/476/439 795/539/501 794/538/500
f 732/476/439 733/477/440 796/540/502 795/539/501
f 733/477/440 734/478/441 797/541/503 796/540/502
f 734/478/441 735/479/442 798/542/504 797/541/503
f 735/479/442 736/480/443 799/543/505 798/542/504
f 736/480/443 737/481/444 800/544/506 799/543/505
f 737/481/444 738/482/445 801/545/507 800/544/506
f 738/482/445 739/483/446 802/546/508 801/545/507
f 739/483/446 740/484/447 803/547/509 802/546/508
f 740/484/447 741/485/448 804/548/510 803/547/509
f 741/485/448 742/486/449 805/549/511 804/548/510
f 742/486/449 743/487/450 806/550/512 805/549/511
f 743/487/450 744/488/451 807/551/513 806/550/512
f 744/488/451 745/489/452 808/552/514 807/551/513
f 745/489/452 746/490/453 809/553/515 808/552/514
f 746/490/453 747/491/454 810/554/516 809/553/515
f 747/491/454 748/492/455 811/555/517 810/554/516
f 748/492/455 749/493/456 812/556/518 811/555/517
f 749/493/456 750/494/457 813/557/519 812/556/518
f 750/494/457 751/495/458 814/558/520 813/557/519
f 751/495/458 752/496/459 815/559/521 814/558/520
f 752/496/459 753/497/460 816/560/522 815/559/521
f 753/497/460 754/498/461 817/561/523 816/560/522
f 754/498/461 755/499/462 818/562/524 817/561/523
f 755/499/462 756/500/463 819/563/525 818/562/524
f 756/500/463 757/501/464 820/564/526 819/563/525
f 757/501/464 758/502/465 821/565/527 820/564/526
f 758/502/465 759/503/466 822/566/528 821/565/527
f 759/503/466 760/504/467 823/567/529 822/566/528
f 761/506/469 762/505/468 825/568/530 824/569/531
f 762/505/468 763/507/470 826/570/532 825/568/530
f 763/507/470 764/508/471 827/571/533 826/570/532
f 764/508/471 765/509/472 828/572/534 827/571/533
f 765/509/472 766/510/473 829/573/535 828/572/534
f 766/510/473 767/511/474 830/574/536 829/573/535
f 767/511/474 768/512/475 831/575/537 830/574/536
f 768/512/475 769/513/476 832/576/538 831/575/537
f 769/513/476 770/514/477 833/577/539 832/576/538
f 770/514/477 771/515/478 834/578/540 833/577/539
f 771/515/478 772/516/479 835/579/541 834/578/540
f 772/516/479 773/517/480 836/580/542 835/579/541
f 773/517/480 774/518/481 837/581/543 836/580/542
f 774/518/481 775/519/482 838/582/544 837/581/543
f 775/519/482 776/520/483 839/583/545 838/582/544
f 776/520/483 777/521/484 840/584/546 839/583/545
f 777/521/484 778/522/485 841/585/547 840/584/546
f 778/522/485 779/523/486 842/586/548 841/585/547
f 779/523/486 780/524/487 843/587/549 842/586/548
f 780/524/487 781/525/488 844/588/550 843/587/549
f 781/525/488 782/526/489 845/589/551 844/588/550
f 782/526/489 783/527/490 846/590/552 845/589/551
f 783/527/490 784/528/491 847/591/553 846/590/552
f 784/528/491 785/529/492 848/592/554 847/591/553
f 785/529/492 786/530/493 849/593/555 848/592/554
f 786/530/493 787/531/494 850/594/556 849/593/555
f 787/531/494 788/532/61 851/595/61 850/594/556
f 788/532/61 789/533/495 852/596/557 851/595/61
f 789/533/495 790/534/496 853/597/558 852/596/557
f 790/534/496 791/535/497 854/598/559 853/597/558
f 791/535/497 792/536/498 855/599/560 854/598/559
f 792/536/498 793/537/499 856/600/561 855/599/560
f 793/537/499 794/538/500 857/601/562 856/600/561
f 794/538/500 795/539/501 858/602/563 857/601/562
f 795/539/501 796/540/502 859/603/564 858/602/563
f 796/540/502 797/541/503 860/604/565 859/603/564
f 797/541/503 798/542/504 861/605/566 860/604/565
f 798/542/504 799/543/505 862/606/567 861/605/566
f 799/543/505 800/544/506 863/607/568 862/606/567
f 800/544/506 801/545/507 864/608/569 863/607/568
f 801/545/507 802/546/508 865/609/570 864/608/569
f 802/546/508 803/547/509 866/610/571 865/609/570
f 803/547/509 804/548/510 867/611/572 866/610/571
f 804/548/510 805/549/511 868/612/573 867/611/572
f 805/549/511 806/550/512 869/613/574 868/612/573
f 806/550/512 807/551/513 870/614/575 869/613/574
f 807/551/513 808/552/514 871/615/576 870/614/575
f 808/552/514 809/553/515 872/616/577 871/615/576
f 809/553/515 810/554/516 873/617/578 872/616/577
f 810/554/516 811/555/517 874/618/579 873/617/578
f 811/555/517 812/556/518 875/619/580 874/618/579
f 812/556/518 813/557/519 876/620/581 875/619/580
f 813/557/519 814/558/520 877/621/582 876/620/581
f 814/558/520 815/559/521 878/622/583 877/621/582
f 815/559/521 816/560/522 879/623/584 878/622/583
f 816/560/522 817/561/523 880/624/585 879/623/584
f 817/561/523 818/562/524 881/625/586 880/624/585
f 818/562/524 819/563/525 882/626/587 881/625/586
f 819/563/525 820/564/526 883/627/588 882/626/587
f 820/564/526 821/565/527 884/628/589 883/627/588
f 821/565/527 822/566/528 885/629/590 884/628/589
f 822/566/528 823/567/529 886/630/591 885/629/590
f 824/569/531 825/568/530 888/631/592 887/632/593
f 825/568/530 826/570/532 889/633/594 888/631/592
f 826/570/532 827/571/533 890/634/595 889/633/594
f 827/571/533 828/572/534 891/635/596 890/634/595
f 828/572/534 829/573/535 892/636/597 891/635/596
f 829/573/535 830/574/536 893/637/598 892/636/597
f 830/574/536 831/575/537 894/638/599 893/637/598
f 831/575/537 832/576/538 895/639/600 894/638/599
f 832/576/538 833/577/539 896/640/601 895/639/600
f 833/577/539 834/578/540 897/641/602 896/640/601
f 834/578/540 835/579/541 898/642/603 897/641/602
f 835/579/541 836/580/542 899/643/604 898/642/603
f 836/580/542 837/581/543 900/644/605 899/643/604
f 837/581/543 838/582/544 901/645/606 900/644/605
f 838/582/544 839/583/545 902/646/607 901/645/606
f 839/583/545 840/584/546 903/647/608 902/646/607
f 840/584/546 841/585/547 904/648/609 903/647/608
f 841/585/547 842/586/548 905/649/610 904/648/609
f 842/586/548 843/587/549 906/650/611 905/649/610
f 843/587/549 844/588/550 907/651/612 906/650/611
f 844/588/550 845/589/551 908/652/613 907/651/612
f 845/589/551 846/590/552 909/653/614 908/652/613
f 846/590/552 847/591/553 910/654/615 909/653/614
f 847/591/553 848/592/554 911/655/616 910/654/615
f 848/592/554 849/593/555 912/656/617 911/655/616
f 849/593/555 850/594/556 913/657/618 912/656/617
f 850/594/556 851/595/61 914/658/619 913/657/618
f 851/595/61 852/596/557 915/659/620 914/658/619
f 852/596/557 853/597/558 916/660/621 915/659/620
f 853/597/558 854/598/559 917/661/622 916/660/621
f 854/598/559 855/599/560 918/662/623 917/661/622
f 855/599/560 856/600/561 919/663/624 918/662/623
f 856/600/561 857/601/562 920/664/625 919/663/624
f 857/601/562 858/602/563 921/665/626 920/664/625
f 858/602/563 859/603/564 922/666/627 921/665/626
f 859/603/564 860/604/565 923/667/628 922/666/627
f 860/604/565 861/605/566 924/668/629 923/667/628
f 861/605/566 862/606/567 925/669/630 924/668/629
f 862/606/567 863/607/568 926/670/631 925/669/630
f 863/607/568 864/608/569 927/671/632 926/670/631
f 864/608/569 865/609/570 928/672/633 927/671/632
f 865/609/570 866/610/571 929/673/634 928/672/633
f 866/610/571 867/611/572 930/674/635 929/673/634
f 867/611/572 868/612/573 931/675/636 930/674/635
f 868/612/573 869/613/574 932/676/637 931/675/636
f 869/613/574 870/614/575 933/677/638 932/676/637
f 870/614/575 871/615/576 934/678/639 933/677/638
f 871/615/576 872/616/577 935/679/640 934/678/639
f 872/616/577 873/617/578 936/680/641 935/679/640
f 873/617/578 874/618/579 937/681/642 936/680/641
f 874/618/579 875/619/580 938/682/643 937/681/642
f 875/619/580 876/620/581 939/683/644 938/682/643
f 876/620/581 877/621/582 940/684/645 939/683/644
f 877/621/582 878/622/583 941/685/646 940/684/645
f 878/622/583 879/623/584 942/686/647 941/685/646
f 879/623/584 880/624/585 943/687/648 942/686/647
f 880/624/585 881/625/586 944/688/649 943/687/648
f 881/625/586 882/626/587 945/689/650 944/688/649
f 882/626/587 883/627/588 946/690/651 945/689/650
f 883/627/588 884/628/589 947/691/652 946/690/651
f 884/628/589 885/629/590 948/692/653 947/691/652
f 885/629/590 886/630/591 949/693/654 948/692/653
f 887/632/593 888/631/592 951/694/655 950/695/656
f 888/631/592 889/633/594 952/696/657 951/694/655
f 889/633/594 890/634/595 953/697/658 952/696/657
f 890/634/595 891/635/596 954/698/659 953/697/658
f 891/635/596 892/636/597 955/699/660 954/698/659
f 892/636/597 893/637/598 956/700/661 955/699/660
f 893/637/598 894/638/599 957/701/662 956/700/661
f 894/638/599 895/639/600 958/702/663 957/701/662
f 895/639/600 896/640/601 959/703/664 958/702/663
f 896/640/601 897/641/602 960/704/665 959/703/664
f 897/641/602 898/642/603 961/705/666 960/704/665
f 898/642/603 899/643/604 962/706/667 961/705/666
f 899/643/604 900/644/605 963/707/668 962/706/667
f 900/644/605 901/645/606 964/708/669 963/707/668
f 901/645/606 902/646/607 965/709/670 964/708/669
f 902/646/607 903/647/608 966/710/671 965/709/670
f 903/647/608 904/648/609 967/711/672 966/710/671
f 904/648/609 905/649/610 968/712/673 967/711/672
f 905/649/610 906/650/611 969/713/674 968/712/673
f 906/650/611 907/651/612 970/714/675 969/713/674
f 907/651/612 908/652/613 971/715/676 970/714/675
f 908/652/613 909/653/614 972/716/677 971/715/676
f 909/653/614 910/654/615 973/717/678 972/716/677
f 910/654/615 911/655/616 974/718/679 973/717/678
f 911/655/616 912/656/617 975/719/680 974/718/679
f 912/656/617 913/657/618 976/720/681 975/719/680
f 913/657/618 914/658/619 977/721/682 976/720/681
f 914/658/619 915/659/620 978/722/683 977/721/682
f 915/659/620 916/660/621 979/723/684 978/722/683
f 916/660/621 917/661/622 980/724/685 979/723/684
f 917/661/622 918/662/623 981/725/686 980/724/685
f 918/662/623 919/663/624 982/726/687 981/725/686
f 919/663/624 920/664/625 983/727/688 982/726/687
f 920/664/625 921/665/626 984/728/689 983/727/688
f 921/665/626 922/666/627 985/729/690 984/728/689
f 922/666/627 923/667/628 986/730/691 985/729/690
f 923/667/628 924/668/629 987/731/692 986/730/691
f 924/668/629 925/669/630 988/732/693 987/731/692
f 925/669/630 926/670/631 989/733/694 988/732/693
f 926/670/631 927/671/632 990/734/695 989/733/694
f 927/671/632 928/672/633 991/735/696 990/734/695
f 928/672/633 929/673/634 992/736/697 991/735/696
f 929/673/634 930/674/635 993/737/698 992/736/697
f 930/674/635 931/675/636 994/738/699 993/737/698
f 931/675/636 932/676/637 995/739/700 994/738/699
f 932/676/637 933/677/638 996/740/701 995/739/700
f 933/677/638 934/678/639 997/741/702 996/740/701
f 934/678/639 935/679/640 998/742/703 997/741/702
f 935/679/640 936/680/641 999/743/704 998/742/703
f 936/680/641 937/681/642 1000/744/705 999/743/704
f 937/681/642 938/682/643 1001/745/706 1000/744/705
f 938/682/643 939/683/644 1002/746/707 1001/745/706
f 939/683/644 940/684/645 1003/747/708 1002/746/707
f 940/684/645 941/685/646 1004/748/709 1003/747/708
f 941/685/646 942/686/647 1005/749/710 1004/748/709
f 942/686/647 943/687/648 1006/750/711 1005/749/710
f 943/687/648 944/688/649 1007/751/712 1006/750/711
f 944/688/649 945/689/650 1008/752/713 1007/751/712
f 945/689/650 946/690/651 1009/753/714 1008/752/713
f 946/690/651 947/691/652 1010/754/715 1009/753/714
f 947/691/652 948/692/653 1011/755/716 1010/754/715
f 948/692/653 949/693/654 1012/756/717 1011/755/716
f 950/695/656 951/694/655 1014/757/718 1013/758/719
f 951/694/655 952/696/657 1015/759/720 1014/757/718
f 952/696/657 953/697/658 1016/760/721 1015/759/720
f 953/697/658 954/698/659 1017/761/722 1016/760/721
f 954/698/659 955/699/660 1018/762/723 1017/761/722
f 955/699/660 956/700/661 1019/763/724 1018/762/723
f 956/700/661 957/701/662 1020/764/725 1019/763/724
f 957/701/662 958/702/663 1021/765/726 1020/764/725
f 958/702/663 959/703/664 1022/766/727 1021/765/726
f 959/703/664 960/704/665 1023/767/728 1022/766/727
f 960/704/665 961/705/666 1024/768/729 1023/767/728
f 961/705/666 962/706/667 1025/769/730 1024/768/729
f 962/706/667 963/707/668 1026/770/731 1025/769/730
f 963/707/668 964/708/669 1027/771/732 1026/770/731
f 964/708/669 965/709/670 1028/772/733 1027/771/732
f 965/709/670 966/710/671 1029/773/734 1028/772/733
f 966/710/671 967/711/672 1030/774/735 1029/773/734
f 967/711/672 968/712/673 1031/775/736 1030/774/735
f 968/712/673 969/713/674 1032/776/737 1031/775/736
f 969/713/674 970/714/675 1033/777/738 1032/776/737
f 970/714/675 971/715/676 1034/778/739 1033/777/738
f 971/715/676 972/716/677 1035/779/740 1034/778/739
f 972/716/677 973/717/678 1036/780/741 1035/779/740
f 973/717/678 974/718/679 1037/781/742 1036/780/741
f 974/718/679 975/719/680 1038/782/743 1037/781/742
f 975/719/680 976/720/681 1039/783/744 1038/782/743
f 976/720/681 977/721/682 1040/784/745 1039/783/744
f 977/721/682 978/722/683 1041/785/746 1040/784/745
f 978/722/683 979/723/684 1042/786/747 1041/785/746
f 979/723/684 980/724/685 1043/787/748 1042/786/747
f 980/724/685 981/725/686 1044/788/749 1043/787/748
f 981/725/686 982/726/687 1045/789/750 1044/788/749
f 982/726/687 983/727/688 1046/790/751 1045/789/750
f 983/727/688 984/728/689 1047/791/752 1046/790/751
f 984/728/689 985/729/690 1048/792/753 1047/791/752
f 985/729/690 986/730/691 1049/793/754 1048/792/753
f 986/730/691 987/731/692 1050/794/755 1049/793/754
f 987/731/692 988/732/693 1051/795/756 1050/794/755
f 988/732/693 989/733/694 1052/796/757 1051/795/756
f 989/733/694 990/734/695 1053/797/758 1052/796/757
f 990/734/695 991/735/696 1054/798/759 1053/797/758
f 991/735/696 992/736/697 1055/799/760 1054/798/759
f 992/736/697 993/737/698 1056/800/761 1055/799/760
f 993/737/698 994/738/699 1057/801/762 1056/800/761
f 994/738/699 995/739/700 1058/802/763 1057/801/762
f 995/739/700 996/740/701 1059/803/764 1058/802/763
f 996/740/701 997/741/702 1060/804/765 1059/803/764
f 997/741/702 998/742/703 1061/805/766 1060/804/765
f 998/742/703 999/743/704 1062/806/767 1061/805/766
f 999/743/704 1000/744/705 1063/807/768 1062/806/767
f 1000/744/705 1001/745/706 1064/808/769 1063/807/768
f 1001/745/706 1002/746/707 1065/809/770 1064/808/769
f 1002/746/707 1003/747/708 1066/810/771 1065/809/770
f 1003/747/708 1004/748/709 1067/811/772 1066/810/771
f 1004/748/709 1005/749/710 1068/812/773 1067/811/772
f 1005/749/710 1006/750/711 1069/813/774 1068/812/773
f 1006/750/711 1007/751/712 1070/814/775 1069/813/774
f 1007/751/712 1008/752/713 1071/815/776 1070/814/775
f 1008/752/713 1009/753/714 1072/816/777 1071/815/776
f 1009/753/714 1010/754/715 1073/817/778 1072/816/777
f 1010/754/715 1011/755/716 1074/818/779 1073/817/778
f 1011/755/716 1012/756/717 1075/819/780 1074/818/779
f 1013/758/719 1014/757/718 1077/820/781 1076/821/782
f 1014/757/718 1015/759/720 1078/822/783 1077/820/781
f 1015/759/720 1016/760/721 1079/823/784 1078/822/783
f 1016/760/721 1017/761/722 1080/824/785 1079/823/784
f 1017/761/722 1018/762/723 1081/825/786 1080/824/785
f 1018/762/723 1019/763/724 1082/826/787 1081/825/786
f 1019/763/724 1020/764/725 1083/827/788 1082/826/787
f 1020/764/725 1021/765/726 1084/828/789 1083/827/788
f 1021/765/726 1022/766/727 1085/829/790 1084/828/789
f 1022/766/727 1023/767/728 1086/830/791 1085/829/790
f 1023/767/728 1024/768/729 1087/831/792 1086/830/791
f 1024/768/729 1025/769/730 1088/832/793 1087/831/792
f 1025/769/730 1026/770/731 1089/833/794 1088/832/793
f 1026/770/731 1027/771/732 1090/834/795 1089/833/794
f 1027/771/732 1028/772/733 1091/835/796 1090/834/795
f 1028/772/733 1029/773/734 1092/836/797 1091/835/796
f 1029/773/734 1030/774/735 1093/837/798 1092/836/797
f 1030/774/735 1031/775/736 1094/838/799 1093/837/798
f 1031/775/736 1032/776/737 1095/839/800 1094/838/799
f 1032/776/737 1033/777/738 1096/840/801 1095/839/800
f 1033/777/738 1034/778/739 1097/841/802 1096/840/801
f 1034/778/739 1035/779/740 1098/842/803 1097/841/802
f 1035/779/740 1036/780/741 1099/843/804 1098/842/803
f 1036/780/741 1037/781/742 1100/844/805 1099/843/804
f 1037/781/742 1038/782/743 1101/845/618 1100/844/805
f 1038/782/743 1039/783/744 1102/846/806 1101/845/618
f 1039/783/744 1040/784/745 1103/847/807 1102/846/806
f 1040/784/745 1041/785/746 1104/848/808 1103/847/807
f 1041/785/746 1042/786/747 1105/849/809 1104/848/808
f 1042/786/747 1043/787/748 1106/850/810 1105/849/809
f 1043/787/748 1044/788/749 1107/851/811 1106/850/810
f 1044/788/749 1045/789/750 1108/852/812 1107/851/811
f 1045/789/750 1046/790/751 1109/853/813 1108/852/812
f 1046/790/751 1047/791/752 1110/854/814 1109/853/813
f 1047/791/752 1048/792/753 1111/855/815 1110/854/814
f 1048/792/753 1049/793/754 1112/856/816 1111/855/815
f 1049/793/754 1050/794/755 1113/857/817 1112/856/816
f 1050/794/755 1051/795/756 1114/858/818 1113/857/817
f 1051/795/756 1052/796/757 1115/859/819 1114/858/818
f 1052/796/757 1053/797/758 1116/860/820 1115/859/819
f 1053/797/758 1054/798/759 1117/861/821 1116/860/820
f 1054/798/759 1055/799/760 1118/862/822 1117/861/821
f 1055/799/760 1056/800/761 1119/863/823 1118/862/822
f 1056/800/761 1057/801/762 1120/864/824 1119/863/823
f 1057/801/762 1058/802/763 1121/865/825 1120/864/824
f 1058/802/763 1059/803/764 1122/866/826 1121/865/825
f 1059/803/764 1060/804/765 1123/867/827 1122/866/826
f 1060/804/765 1061/805/766 1124/868/828 1123/867/827
f 1061/805/766 1062/806/767 1125/869/829 1124/868/828
f 1062/806/767 1063/807/768 1126/870/830 1125/869/829
f 1063/807/768 1064/808/769 1127/871/831 1126/870/830
f 1064/808/769 1065/809/770 1128/872/832 1127/871/831
f 1065/809/770 1066/810/771 1129/873/833 1128/872/832
f 1066/810/771 1067/811/772 1130/874/834 1129/873/833
f 1067/811/772 1068/812/773 1131/875/835 1130/874/834
f 1068/812/773 1069/813/774 1132/876/836 1131/875/835
f 1069/813/774 1070/814/775 1133/877/837 1132/876/836
f 1070/814/775 1071/815/776 1134/878/838 1133/877/837
f 1071/815/776 1072/816/777 1135/879/839 1134/878/838
f 1072/816/777 1073/817/778 1136/880/840 1135/879/839
f 1073/817/778 1074/818/779 1137/881/841 1136/880/840
f 1074/818/779 1075/819/780 1138/882/842 1137/881/841
f 1076/821/782 1077/820/781 1140/883/843 1139/884/844
f 1077/820/781 1078/822/783 1141/885/845 1140/883/843
f 1078/822/783 1079/823/784 1142/886/846 1141/885/845
f 1079/823/784 1080/824/785 1143/887/847 1142/886/846
f 1080/824/785 1081/825/786 1144/888/848 1143/887/847
f 1081/825/786 1082/826/787 1145/889/849 1144/888/848
f 1082/826/787 1083/827/788 1146/890/850 1145/889/849
f 1083/827/788 1084/828/789 1147/891/851 1146/890/850
f 1084/828/789 1085/829/790 1148/892/852 1147/891/851
f 1085/829/790 1086/830/791 1149/893/853 1148/892/852
f 1086/830/791 1087/831/792 1150/894/854 1149/893/853
f 1087/831/792 1088/832/793 1151/895/855 1150/894/854
f 1088/832/793 1089/833/794 1152/896/856 1151/895/855
f 1089/833/794 1090/834/795 1153/897/857 1152/896/856
f 1090/834/795 1091/835/796 1154/898/858 1153/897/857
f 1091/835/796 1092/836/797 1155/899/859 1154/898/858
f 1092/836/797 1093/837/798 1156/900/860 1155/899/859
f 1093/837/798 1094/838/799 1157/901/861 1156/900/860
f 1094/838/799 1095/839/800 1158/902/862 1157/901/861
f 1095/839/800 1096/840/801 1159/903/863 1158/902/862
f 1096/840/801 1097/841/802 1160/904/864 1159/903/863
f 1097/841/802 1098/842/803 1161/905/865 1160/904/864
f 1098/842/803 1099/843/804 1162/906/866 1161/905/865
f 1099/843/804 1100/844/805 1163/907/867 1162/906/866
f 1100/844/805 1101/845/618 1164/908/495 1163/907/867
f 1101/845/618 1102/846/806 1165/909/868 1164/908/495
f 1102/846/806 1103/847/807 1166/910/869 1165/909/868
f 1103/847/807 1104/848/808 1167/911/870 1166/910/869
f 1104/848/808 1105/849/809 1168/912/871 1167/911/870
f 1105/849/809 1106/850/810 1169/913/872 1168/912/871
f 1106/850/810 1107/851/811 1170/914/873 1169/913/872
f 1107/851/811 1108/852/812 1171/915/874 1170/914/873
f 1108/852/812 1109/853/813 1172/916/875 1171/915/874
f 1109/853/813 1110/854/814 1173/917/876 1172/916/875
f 1110/854/814 1111/855/815 1174/918/877 1173/917/876
f 1111/855/815 1112/856/816 1175/919/878 1174/918/877
f 1112/856/816 1113/857/817 1176/920/879 1175/919/878
f 1113/857/817 1114/858/818 1177/921/880 1176/920/879
f 1114/858/818 1115/859/819 1178/922/881 1177/921/880
f 1115/859/819 1116/860/820 1179/923/882 1178/922/881
f 1116/860/820 1117/861/821 1180/924/883 1179/923/882
f 1117/861/821 1118/862/822 1181/925/884 1180/924/883
f 1118/862/822 1119/863/823 1182/926/885 1181/925/884
f 1119/863/823 1120/864/824 1183/927/886 1182/926/885
f 1120/864/824 1121/865/825 1184/928/887 1183/927/886
f 1121/865/825 1122/866/826 1185/929/888 1184/928/887
f 1122/866/826 1123/867/827 1186/930/889 1185/929/888
f 1123/867/827 1124/868/828 1187/931/890 1186/930/889
f 1124/868/828 1125/869/829 1188/932/891 1187/931/890
f 1125/869/829 1126/870/830 1189/933/892 1188/932/891
f 1126/870/830 1127/871/831 1190/934/893 1189/933/892
f 1127/871/831 1128/872/832 1191/935/894 1190/934/893
f 1128/872/832 1129/873/833 1192/936/895 1191/935/894
f 1129/873/833 1130/874/834 1193/937/896 1192/936/895
f 1130/874/834 1131/875/835 1194/938/897 1193/937/896
f 1131/875/835 1132/876/836 1195/939/898 1194/938/897
f 1132/876/836 1133/877/837 1196/940/899 1195/939/898
f 1133/877/837 1134/878/838 1197/941/900 1196/940/899
f 1134/878/838 1135/879/839 1198/942/901 1197/941/900
f 1135/879/839 1136/880/840 1199/943/902 1198/942/901
f 1136/880/840 1137/881/841 1200/944/903 1199/943/902
f 1137/881/841 1138/882/842 1201/945/904 1200/944/903
f 1139/884/844 1140/883/843 1203/946/905 1202/947/906
f 1140/883/843 1141/885/845 1204/948/907 1203/946/905
f 1141/885/845 1142/886/846 1205/949/908 1204/948/907
f 1142/886/846 1143/887/847 1206/950/909 1205/949/908
f 1143/887/847 1144/888/848 1207/951/910 1206/950/909
f 1144/888/848 1145/889/849 1208/952/911 1207/951/910
f 1145/889/849 1146/890/850 1209/953/912 1208/952/911
f 1146/890/850 1147/891/851 1210/954/913 1209/953/912
f 1147/891/851 1148/892/852 1211/955/914 1210/954/913
f 1148/892/852 1149/893/853 1212/956/915 1211/955/914
f 1149/893/853 1150/894/854 1213/957/916 1212/956/915
f 1150/894/854 1151/895/855 1214/958/917 1213/957/916
f 1151/895/855 1152/896/856 1215/959/918 1214/958/917
f 1152/896/856 1153/897/857 1216/960/919 1215/959/918
f 1153/897/857 1154/898/858 1217/961/920 1216/960/919
f 1154/898/858 1155/899/859 1218/962/921 1217/961/920
f 1155/899/859 1156/900/860 1219/963/922 1218/962/921
f 1156/900/860 1157/901/861 1220/964/923 1219/963/922
f 1157/901/861 1158/902/862 1221/965/924 1220/964/923
f 1158/902/862 1159/903/863 1222/966/925 1221/965/924
f 1159/903/863 1160/904/864 1223/967/926 1222/966/925
f 1160/904/864 1161/905/865 1224/968/927 1223/967/926
f 1161/905/865 1162/906/866 1225/969/928 1224/968/927
f 1162/906/866 1163/907/867 1226/970/61 1225/969/928
f 1163/907/867 1164/908/495 1227/971/929 1226/970/61
f 1164/908/495 1165/909/868 1228/972/930 1227/971/929
f 1165/909/868 1166/910/869 1229/973/931 1228/972/930
f 1166/910/869 1167/911/870 1230/974/932 1229/973/931
f 1167/911/870 1168/912/871 1231/975/933 1230/974/932
f 1168/912/871 1169/913/872 1232/976/934 1231/975/933
f 1169/913/872 1170/914/873 1233/977/935 1232/976/934
f 1170/914/873 1171/915/874 1234/978/936 1233/977/935
f 1171/915/874 1172/916/875 1235/979/937 1234/978/936
f 1172/916/875 1173/917/876 1236/980/938 1235/979/937
f 1173/917/876 1174/918/877 1237/981/939 1236/980/938
f 1174/918/877 1175/919/878 1238/982/940 1237/981/939
f 1175/919/878 1176/920/879 1239/983/941 1238/982/940
f 1176/920/879 1177/921/880 1240/984/942 1239/983/941
f 1177/921/880 1178/922/881 1241/985/943 1240/984/942
f 1178/922/881 1179/923/882 1242/986/944 1241/985/943
f 1179/923/882 1180/924/883 1243/987/945 1242/986/944
f 1180/924/883 1181/925/884 1244/988/946 1243/987/945
f 1181/925/884 1182/926/885 1245/989/947 1244/988/946
f 1182/926/885 1183/927/886 1246/990/948 1245/989/947
f 1183/927/886 1184/928/887 1247/991/949 1246/990/948
f 1184/928/887 1185/929/888 1248/992/950 1247/991/949
f 1185/929/888 1186/930/889 1249/993/951 1248/992/950
f 1186/930/889 1187/931/890 1250/994/952 1249/993/951
f 1187/931/890 1188/932/891 1251/995/953 1250/994/952
f 1188/932/891 1189/933/892 1252/996/954 1251/995/953
f 1189/933/892 1190/934/893 1253/997/955 1252/996/954
f 1190/934/893 1191/935/894 1254/998/956 1253/997/955
f 1191/935/894 1192/936/895 1255/999/957 1254/998/956
f 1192/936/895 1193/937/896 1256/1000/958 1255/999/957
f 1193/937/896 1194/938/897 1257/1001/959 1256/1000/958
f 1194/938/897 1195/939/898 1258/1002/960 1257/1001/959
f 1195/939/898 1196/940/899 1259/1003/961 1258/1002/960
f 1196/940/899 1197/941/900 1260/1004/962 1259/1003/961
f 1197/941/900 1198/942/901 1261/1005/963 1260/1004/962
f 1198/942/901 1199/943/902 1262/1006/964 1261/1005/963
f 1199/943/902 1200/944/903 1263/1007/965 1262/1006/964
f 1200/944/903 1201/945/904 1264/1008/966 1263/1007/965
f 1202/947/906 1203/946/905 1266/1009/967 1265/1010/968
f 1203/946/905 1204/948/907 1267/1011/969 1266/1009/967
f 1204/948/907 1205/949/908 1268/1012/970 1267/1011/969
f 1205/949/908 1206/950/909 1269/1013/971 1268/1012/970
f 1206/950/909 1207/951/910 1270/1014/972 1269/1013/971
f 1207/951/910 1208/952/911 1271/1015/973 1270/1014/972
f 1208/952/911 1209/953/912 1272/1016/974 1271/1015/973
f 1209/953/912 1210/954/913 1273/1017/975 1272/1016/974
f 1210/954/913 1211/955/914 1274/1018/976 1273/1017/975
f 1211/955/914 1212/956/915 1275/1019/977 1274/1018/976
f 1212/956/915 1213/957/916 1276/1020/978 1275/1019/977
f 1213/957/916 1214/958/917 1277/1021/979 1276/1020/978
f 1214/958/917 1215/959/918 1278/1022/980 1277/1021/979
f 1215/959/918 1216/960/919 1279/1023/981 1278/1022/980
f 1216/960/919 1217/961/920 1280/1024/982 1279/1023/981
f 1217/961/920 1218/962/921 1281/1025/983 1280/1024/982
f 1218/962/921 1219/963/922 1282/1026/984 1281/1025/983
f 1219/963/922 1220/964/923 1283/1027/985 1282/1026/984
f 1220/964/923 1221/965/924 1284/1028/986 1283/1027/985
f 1221/965/924 1222/966/925 1285/1029/987 1284/1028/986
f 1222/966/925 1223/967/926 1286/1030/988 1285/1029/987
f 1223/967/926 1224/968/927 1287/1031/989 1286/1030/988
f 1224/968/927 1225/969/928 1288/1032/990 1287/1031/989
f 1225/969/928 1226/970/61 1289/1033/61 1288/1032/990
f 1226/970/61 1227/971/929 1290/1034/991 1289/1033/61
f 1227/971/929 1228/972/930 1291/1035/992 1290/1034/991
f 1228/972/930 1229/973/931 1292/1036/993 1291/1035/992
f 1229/973/931 1230/974/932 1293/1037/994 1292/1036/993
f 1230/974/932 1231/975/933 1294/1038/995 1293/1037/994
f 1231/975/933 1232/976/934 1295/1039/996 1294/1038/995
f 1232/976/934 1233/977/935 1296/1040/997 1295/1039/996
f 1233/977/935 1234/978/936 1297/1041/998 1296/1040/997
f 1234/978/936 1235/979/937 1298/1042/999 1297/1041/998
f 1235/979/937 1236/980/938 1299/1043/1000 1298/1042/999
f 1236/980/938 1237/981/939 1300/1044/1001 1299/1043/1000
f 1237/981/939 1238/982/940 1301/1045/1002 1300/1044/1001
f 1238/982/940 1239/983/941 1302/1046/1003 1301/1045/1002
f 1239/983/941 1240/984/942 1303/1047/1004 1302/1046/1003
f 1240/984/942 1241/985/943 1304/1048/1005 1303/1047/1004
f 1241/985/943 1242/986/944 1305/1049/1006 1304/1048/1005
f 1242/986/944 1243/987/945 1306/1050/1007 1305/1049/1006
f 1243/987/945 1244/988/946 1307/1051/1008 1306/1050/1007
f 1244/988/946 1245/989/947 1308/1052/1009 1307/1051/1008
f 1245/989/947 1246/990/948 1309/1053/1010 1308/1052/1009
f 1246/990/948 1247/991/949 1310/1054/1011 1309/1053/1010
f 1247/991/949 1248/992/950 1311/1055/1012 1310/1054/1011
f 1248/992/950 1249/993/951 1312/1056/1013 1311/1055/1012
f 1249/993/951 1250/994/952 1313/1057/1014 1312/1056/1013
f 1250/994/952 1251/995/953 1314/1058/1015 1313/1057/1014
f 1251/995/953 1252/996/954 1315/1059/1016 1314/1058/1015
f 1252/996/954 1253/997/955 1316/1060/1017 1315/1059/1016
f 1253/997/955 1254/998/956 1317/1061/1018 1316/1060/1017
f 1254/998/956 1255/999/957 1318/1062/1019 1317/1061/1018
f 1255/999/957 1256/1000/958 1319/1063/1020 1318/1062/1019
f 1256/1000/958 1257/1001/959 1320/1064/1021 1319/1063/1020
f 1257/1001/959 1258/1002/960 1321/1065/1022 1320/1064/1021
f 1258/1002/960 1259/1003/961 1322/1066/1023 1321/1065/1022
f 1259/1003/961 1260/1004/962 1323/1067/1024 1322/1066/1023
f 1260/1004/962 1261/1005/963 1324/1068/1025 1323/1067/1024
f 1261/1005/963 1262/1006/964 1325/1069/1026 1324/1068/1025
f 1262/1006/964 1263/1007/965 1326/1070/1027 1325/1069/1026
f 1263/1007/965 1264/1008/966 1327/1071/1028 1326/1070/1027
f 1265/1010/968 1266/1009/967 1329/1072/1029 1328/1073/1030
f 1266/1009/967 1267/1011/969 1330/1074/1031 1329/1072/1029
f 1267/1011/969 1268/1012/970 1331/1075/1032 1330/1074/1031
f 1268/1012/970 1269/1013/971 1332/1076/1033 1331/1075/1032
f 1269/1013/971 1270/1014/972 1333/1077/1034 1332/1076/1033
f 1270/1014/972 1271/1015/973 1334/1078/1035 1333/1077/1034
f 1271/1015/973 1272/1016/974 1335/1079/1036 1334/1078/1035
f 1272/1016/974 1273/1017/975 1336/1080/1037 1335/1079/1036
f 1273/1017/975 1274/1018/976 1337/1081/1038 1336/1080/1037
f 1274/1018/976 1275/1019/977 1338/1082/1039 1337/1081/1038
f 1275/1019/977 1276/1020/978 1339/1083/1040 1338/1082/1039
f 1276/1020/978 1277/1021/979 1340/1084/1041 1339/1083/1040
f 1277/1021/979 1278/1022/980 1341/1085/1042 1340/1084/1041
f 1278/1022/980 1279/1023/981 1342/1086/1043 1341/1085/1042
f 1279/1023/981 1280/1024/982 1343/1087/1044 1342/1086/1043
f 1280/1024/982 1281/1025/983 1344/1088/1045 1343/1087/1044
f 1281/1025/983 1282/1026/984 1345/1089/1046 1344/1088/1045
f 1282/1026/984 1283/1027/985 1346/1090/1047 1345/1089/1046
f 1283/1027/985 1284/1028/986 1347/1091/1048 1346/1090/1047
f 1284/1028/986 1285/1029/987 1348/1092/1049 1347/1091/1048
f 1285/1029/987 1286/1030/988 1349/1093/1050 1348/1092/1049
f 1286/1030/988 1287/1031/989 1350/1094/1051 1349/1093/1050
f 1287/1031/989 1288/1032/990 1351/1095/1052 1350/1094/1051
f 1288/1032/990 1289/1033/61 1352/1096/61 1351/1095/1052
f 1289/1033/61 1290/1034/991 1353/1097/1053 1352/1096/61
f 1290/1034/991 1291/1035/992 1354/1098/1054 1353/1097/1053
f 1291/1035/992 1292/1036/993 1355/1099/1055 1354/1098/1054
f 1292/1036/993 1293/1037/994 1356/1100/1056 1355/1099/1055
f 1293/1037/994 1294/1038/995 1357/1101/1057 1356/1100/1056
f 1294/1038/995 1295/1039/996 1358/1102/1058 1357/1101/1057
f 1295/1039/996 1296/1040/997 1359/1103/1059 1358/1102/1058
f 1296/1040/997 1297/1041/998 1360/1104/1060 1359/1103/1059
f 1297/1041/998 1298/1042/999 1361/1105/1061 1360/1104/1060
f 1298/1042/999 1299/1043/1000 1362/1106/1062 1361/1105/1061
f 1299/1043/1000 1300/1044/1001 1363/1107/1063 1362/1106/1062
f 1300/1044/1001 1301/1045/1002 1364/1108/1064 1363/1107/1063
f 1301/1045/1002 1302/1046/1003 1365/1109/1065 1364/1108/1064
f 1302/1046/1003 1303/1047/1004 1366/1110/1066 1365/1109/1065
f 1303/1047/1004 1304/1048/1005 1367/1111/1067 1366/1110/1066
f 1304/1048/1005 1305/1049/1006 1368/1112/1068 1367/1111/1067
f 1305/1049/1006 1306/1050/1007 1369/1113/1069 1368/1112/1068
f 1306/1050/1007 1307/1051/1008 1370/1114/1070 1369/1113/1069
f 1307/1051/1008 1308/1052/1009 1371/1115/1071 1370/1114/1070
f 1308/1052/1009 1309/1053/1010 1372/1116/1072 1371/1115/1071
f 1309/1053/1010 1310/1054/1011 1373/1117/1073 1372/1116/1072
f 1310/1054/1011 1311/1055/1012 1374/1118/1074 1373/1117/1073
f 1311/1055/1012 1312/1056/1013 1375/1119/1075 1374/1118/1074
f 1312/1056/1013 1313/1057/1014 1376/1120/1076 1375/1119/1075
f 1313/1057/1014 1314/1058/1015 1377/1121/1077 1376/1120/1076
f 1314/1058/1015 1315/1059/1016 1378/1122/1078 1377/1121/1077
f 1315/1059/1016 1316/1060/1017 1379/1123/1079 1378/1122/1078
f 1316/1060/1017 1317/1061/1018 1380/1124/1080 1379/1123/1079
f 1317/1061/1018 1318/1062/1019 1381/1125/1081 1380/1124/1080
f 1318/1062/1019 1319/1063/1020 1382/1126/1082 1381/1125/1081
f 1319/1063/1020 1320/1064/1021 1383/1127/1083 1382/1126/1082
f 1320/1064/1021 1321/1065/1022 1384/1128/1084 1383/1127/1083
f 1321/1065/1022 1322/1066/1023 1385/1129/1085 1384/1128/1084
f 1322/1066/1023 1323/1067/1024 1386/1130/1086 1385/1129/1085
f 1323/1067/1024 1324/1068/1025 1387/1131/1087 1386/1130/1086
f 1324/1068/1025 1325/1069/1026 1388/1132/1088 1387/1131/1087
f 1325/1069/1026 1326/1070/1027 1389/1133/1089 1388/1132/1088
f 1326/1070/1027 1327/1071/1028 1390/1134/1090 1389/1133/1089
f 1328/1073/1030 1329/1072/1029 1392/1135/1091 1391/1136/1092
f 1329/1072/1029 1330/1074/1031 1393/1137/1093 1392/1135/1091
f 1330/1074/1031 1331/1075/1032 1394/1138/1094 1393/1137/1093
f 1331/1075/1032 1332/1076/1033 1395/1139/1095 1394/1138/1094
f 1332/1076/1033 1333/1077/1034 1396/1140/1096 1395/1139/1095
f 1333/1077/1034 1334/1078/1035 1397/1141/1097 1396/1140/1096
f 1334/1078/1035 1335/1079/1036 1398/1142/1098 1397/1141/1097
f 1335/1079/1036 1336/1080/1037 1399/1143/1099 1398/1142/1098
f 1336/1080/1037 1337/1081/1038 1400/1144/1100 1399/1143/1099
f 1337/1081/1038 1338/1082/1039 1401/1145/1101 1400/1144/1100
f 1338/1082/1039 1339/1083/1040 1402/1146/1102 1401/1145/1101
f 1339/1083/1040 1340/1084/1041 1403/1147/1103 1402/1146/1102
f 1340/1084/1041 1341/1085/1042 1404/1148/1104 1403/1147/1103
f 1341/1085/1042 1342/1086/1043 1405/1149/1105 1404/1148/1104
f 1342/1086/1043 1343/1087/1044 1406/1150/1106 1405/1149/1105
f 1343/1087/1044 1344/1088/1045 1407/1151/1107 1406/1150/1106
f 1344/1088/1045 1345/1089/1046 1408/1152/1108 1407/1151/1107
f 1345/1089/1046 1346/1090/1047 1409/1153/1109 1408/1152/1108
f 1346/1090/1047 1347/1091/1048 1410/1154/1110 1409/1153/1109
f 1347/1091/1048 1348/1092/1049 1411/1155/1111 1410/1154/1110
f 1348/1092/1049 1349/1093/1050 1412/1156/1112 1411/1155/1111
f 1349/1093/1050 1350/1094/1051 1413/1157/1113 1412/1156/1112
f 1350/1094/1051 1351/1095/1052 1414/1158/1114 1413/1157/1113
f 1351/1095/1052 1352/1096/61 1415/1159/61 1414/1158/1114
f 1352/1096/61 1353/1097/1053 1416/1160/1115 1415/1159/61
f 1353/1097/1053 1354/1098/1054 1417/1161/1116 1416/1160/1115
f 1354/1098/1054 1355/1099/1055 1418/1162/1117 1417/1161/1116
f 1355/1099/1055 1356/1100/1056 1419/1163/1118 1418/1162/1117
f 1356/1100/1056 1357/1101/1057 1420/1164/1119 1419/1163/1118
f 1357/1101/1057 1358/1102/1058 1421/1165/1120 1420/1164/1119
f 1358/1102/1058 1359/1103/1059 1422/1166/1121 1421/1165/1120
f 1359/1103/1059 1360/1104/1060 1423/1167/1122 1422/1166/1121
f 1360/1104/1060 1361/1105/1061 1424/1168/1123 1423/1167/1122
f 1361/1105/1061 1362/1106/1062 1425/1169/1124 1424/1168/1123
f 1362/1106/1062 1363/1107/1063 1426/1170/1125 1425/1169/1124
f 1363/1107/1063 1364/1108/1064 1427/1171/1126 1426/1170/1125
f 1364/1108/1064 1365/1109/1065 1428/1172/1127 1427/1171/1126
f 1365/1109/1065 1366/1110/1066 1429/1173/1128 1428/1172/1127
f 1366/1110/1066 1367/1111/1067 1430/1174/1129 1429/1173/1128
f 1367/1111/1067 1368/1112/1068 1431/1175/1130 1430/1174/1129
f 1368/1112/1068 1369/1113/1069 1432/1176/1131 1431/1175/1130
f 1369/1113/1069 1370/1114/1070 1433/1177/1132 1432/1176/1131
f 1370/1114/1070 1371/1115/1071 1434/1178/1133 1433/1177/1132
f 1371/1115/1071 1372/1116/1072 1435/1179/1134 1434/1178/1133
f 1372/1116/1072 1373/1117/1073 1436/1180/1135 1435/1179/1134
f 1373/1117/1073 1374/1118/1074 1437/1181/1136 1436/1180/1135
f 1374/1118/1074 1375/1119/1075 1438/1182/1137 1437/1181/1136
f 1375/1119/1075 1376/1120/1076 1439/1183/1138 1438/1182/1137
f 1376/1120/1076 1377/1121/1077 1440/1184/1139 1439/1183/1138
f 1377/1121/1077 1378/1122/1078 1441/1185/1140 1440/1184/1139
f 1378/1122/1078 1379/1123/1079 1442/1186/1141 1441/1185/1140
f 1379/1123/1079 1380/1124/1080 1443/1187/1142 1442/1186/1141
f 1380/1124/1080 1381/1125/1081 1444/1188/1143 1443/1187/1142
f 1381/1125/1081 1382/1126/1082 1445/1189/1144 1444/1188/1143
f 1382/1126/1082 1383/1127/1083 1446/1190/1145 1445/1189/1144
f 1383/1127/1083 1384/1128/1084 1447/1191/1146 1446/1190/1145
f 1384/1128/1084 1385/1129/1085 1448/1192/1147 1447/1191/1146
f 1385/1129/1085 1386/1130/1086 1449/1193/1148 1448/1192/1147
f 1386/1130/1086 1387/1131/1087 1450/1194/1149 1449/1193/1148
f 1387/1131/1087 1388/1132/1088 1451/1195/1150 1450/1194/1149
f 1388/1132/1088 1389/1133/1089 1452/1196/1151 1451/1195/1150
f 1389/1133/1089 1390/1134/1090 1453/1197/1152 1452/1196/1151
f 1391/1136/1092 1392/1135/1091 1455/1198/1153 1454/1199/1154
f 1392/1135/1091 1393/1137/1093 1456/1200/1155 1455/1198/1153
f 1393/1137/1093 1394/1138/1094 1457/1201/1156 1456/1200/1155
f 1394/1138/1094 1395/1139/1095 1458/1202/1157 1457/1201/1156
f 1395/1139/1095 1396/1140/1096 1459/1203/1158 1458/1202/1157
f 1396/1140/1096 1397/1141/1097 1460/1204/1159 1459/1203/1158
f 1397/1141/1097 1398/1142/1098 1461/1205/1160 1460/1204/1159
f 1398/1142/1098 1399/1143/1099 1462/1206/1161 1461/1205/1160
f 1399/1143/1099 1400/1144/1100 1463/1207/1162 1462/1206/1161
f 1400/1144/1100 1401/1145/1101 1464/1208/1163 1463/1207/1162
f 1401/1145/1101 1402/1146/1102 1465/1209/1164 1464/1208/1163
f 1402/1146/1102 1403/1147/1103 1466/1210/1165 1465/1209/1164
f 1403/1147/1103 1404/1148/1104 1467/1211/1166 1466/1210/1165
f 1404/1148/1104 1405/1149/1105 1468/1212/1167 1467/1211/1166
f 1405/1149/1105 1406/1150/1106 1469/1213/1168 1468/1212/1167
f 1406/1150/1106 1407/1151/1107 1470/1214/1169 1469/1213/1168
f 1407/1151/1107 1408/1152/1108 1471/1215/1170 1470/1214/1169
f 1408/1152/1108 1409/1153/1109 1472/1216/1171 1471/1215/1170
f 1409/1153/1109 1410/1154/1110 1473/1217/1172 1472/1216/1171
f 1410/1154/1110 1411/1155/1111 1474/1218/1173 1473/1217/1172
f 1411/1155/1111 1412/1156/1112 1475/1219/1174 1474/1218/1173
f 1412/1156/1112 1413/1157/1113 1476/1220/1175 1475/1219/1174
f 1413/1157/1113 1414/1158/1114 1477/1221/61 1476/1220/1175
f 1414/1158/1114 1415/1159/61 1478/1222/61 1477/1221/61
f 1415/1159/61 1416/1160/1115 1479/1223/1176 1478/1222/61
f 1416/1160/1115 1417/1161/1116 1480/1224/1177 1479/1223/1176
f 1417/1161/1116 1418/1162/1117 1481/1225/1178 1480/1224/1177
f 1418/1162/1117 1419/1163/1118 1482/1226/1179 1481/1225/1178
f 1419/1163/1118 1420/1164/1119 1483/1227/1180 1482/1226/1179
f 1420/1164/1119 1421/1165/1120 1484/1228/1181 1483/1227/1180
f 1421/1165/1120 1422/1166/1121 1485/1229/1182 1484/1228/1181
f 1422/1166/1121 1423/1167/1122 1486/1230/1183 1485/1229/1182
f 1423/1167/1122 1424/1168/1123 1487/1231/1184 1486/1230/1183
f 1424/1168/1123 1425/1169/1124 1488/1232/1185 1487/1231/1184
f 1425/1169/1124 1426/1170/1125 1489/1233/1186 1488/1232/1185
f 1426/1170/1125 1427/1171/1126 1490/1234/1187 1489/1233/1186
f 1427/1171/1126 1428/1172/1127 1491/1235/1188 1490/1234/1187
f 1428/1172/1127 1429/1173/1128 1492/1236/1189 1491/1235/1188
f 1429/1173/1128 1430/1174/1129 1493/1237/1190 1492/1236/1189
f 1430/1174/1129 1431/1175/1130 1494/1238/1191 1493/1237/1190
f 1431/1175/1130 1432/1176/1131 1495/1239/1192 1494/1238/1191
f 1432/1176/1131 1433/1177/1132 1496/1240/1193 1495/1239/1192
f 1433/1177/1132 1434/1178/1133 1497/1241/1194 1496/1240/1193
f 1434/1178/1133 1435/1179/1134 1498/1242/1195 1497/1241/1194
f 1435/1179/1134 1436/1180/1135 1499/1243/1196 1498/1242/1195
f 1436/1180/1135 1437/1181/1136 1500/1244/1197 1499/1243/1196
f 1437/1181/1136 1438/1182/1137 1501/1245/1198 1500/1244/1197
f 1438/1182/1137 1439/1183/1138 1502/1246/1199 1501/1245/1198
f 1439/1183/1138 1440/1184/1139 1503/1247/1200 1502/1246/1199
f 1440/1184/1139 1441/1185/1140 1504/1248/1201 1503/1247/1200
f 1441/1185/1140 1442/1186/1141 1505/1249/1202 1504/1248/1201
f 1442/1186/1141 1443/1187/1142 1506/1250/1203 1505/1249/1202
f 1443/1187/1142 1444/1188/1143 1507/1251/1204 1506/1250/1203
f 1444/1188/1143 1445/1189/1144 1508/1252/1205 1507/1251/1204
f 1445/1189/1144 1446/1190/1145 1509/1253/1206 1508/1252/1205
f 1446/1190/1145 1447/1191/1146 1510/1254/1207 1509/1253/1206
f 1447/1191/1146 1448/1192/1147 1511/1255/1208 1510/1254/1207
f 1448/1192/1147 1449/1193/1148 1512/1256/1209 1511/1255/1208
f 1449/1193/1148 1450/1194/1149 1513/1257/1210 1512/1256/1209
f 1450/1194/1149 1451/1195/1150 1514/1258/1211 1513/1257/1210
f 1451/1195/1150 1452/1196/1151 1515/1259/1212 1514/1258/1211
f 1452/1196/1151 1453/1197/1152 1516/1260/1213 1515/1259/1212
f 1454/1199/1154 1455/1198/1153 1518/1261/1214 1517/1262/1215
f 1455/1198/1153 1456/1200/1155 1519/1263/1216 1518/1261/1214
f 1456/1200/1155 1457/1201/1156 1520/1264/1217 1519/1263/1216
f 1457/1201/1156 1458/1202/1157 1521/1265/1218 1520/1264/1217
f 1458/1202/1157 1459/1203/1158 1522/1266/1219 1521/1265/1218
f 1459/1203/1158 1460/1204/1159 1523/1267/1220 1522/1266/1219
f 1460/1204/1159 1461/1205/1160 1524/1268/1221 1523/1267/1220
f 1461/1205/1160 1462/1206/1161 1525/1269/1222 1524/1268/1221
f 1462/1206/1161 1463/1207/1162 1526/1270/1223 1525/1269/1222
f 1463/1207/1162 1464/1208/1163 1527/1271/1224 1526/1270/1223
f 1464/1208/1163 1465/1209/1164 1528/1272/1225 1527/1271/1224
f 1465/1209/1164 1466/1210/1165 1529/1273/1226 1528/1272/1225
f 1466/1210/1165 1467/1211/1166 1530/1274/1227 1529/1273/1226
f 1467/1211/1166 1468/1212/1167 1531/1275/1228 1530/1274/1227
f 1468/1212/1167 1469/1213/1168 1532/1276/1229 1531/1275/1228
f 1469/1213/1168 1470/1214/1169 1533/1277/1230 1532/1276/1229
f 1470/1214/1169 1471/1215/1170 1534/1278/1231 1533/1277/1230
f 1471/1215/1170 1472/1216/1171 1535/1279/1232 1534/1278/1231
f 1472/1216/1171 1473/1217/1172 1536/1280/1233 1535/1279/1232
f 1473/1217/1172 1474/1218/1173 1537/1281/1234 1536/1280/1233
f 1474/1218/1173 1475/1219/1174 1538/1282/1235 1537/1281/1234
f 1475/1219/1174 1476/1220/1175 1539/1283/1236 1538/1282/1235
f 1476/1220/1175 1477/1221/61 1540/1284/61 1539/1283/1236
f 1477/1221/61 1478/1222/61 1541/1285/61 1540/1284/61
f 1478/1222/61 1479/1223/1176 1542/1286/1237 1541/1285/61
f 1479/1223/1176 1480/1224/1177 1543/1287/1238 1542/1286/1237
f 1480/1224/1177 1481/1225/1178 1544/1288/1239 1543/1287/1238
f 1481/1225/1178 1482/1226/1179 1545/1289/1240 1544/1288/1239
f 1482/1226/1179 1483/1227/1180 1546/1290/1241 1545/1289/1240
f 1483/1227/1180 1484/1228/1181 1547/1291/1242 1546/1290/1241
f 1484/1228/1181 1485/1229/1182 1548/1292/1243 1547/1291/1242
f 1485/1229/1182 1486/1230/1183 1549/1293/1244 1548/1292/1243
f 1486/1230/1183 1487/1231/1184 1550/1294/1245 1549/1293/1244
f 1487/1231/1184 1488/1232/1185 1551/1295/1246 1550/1294/1245
f 1488/1232/1185 1489/1233/1186 1552/1296/1247 1551/1295/1246
f 1489/1233/1186 1490/1234/1187 1553/1297/1248 1552/1296/1247
f 1490/1234/1187 1491/1235/1188 1554/1298/1249 1553/1297/1248
f 1491/1235/1188 1492/1236/1189 1555/1299/1250 1554/1298/1249
f 1492/1236/1189 1493/1237/1190 1556/1300/1251 1555/1299/1250
f 1493/1237/1190 1494/1238/1191 1557/1301/1252 1556/1300/1251
f 1494/1238/1191 1495/1239/1192 1558/1302/1253 1557/1301/1252
f 1495/1239/1192 1496/1240/1193 1559/1303/1254 1558/1302/1253
f 1496/1240/1193 1497/1241/1194 1560/1304/1255 1559/1303/1254
f 1497/1241/1194 1498/1242/1195 1561/1305/1256 1560/1304/1255
f 1498/1242/1195 1499/1243/1196 1562/1306/1257 1561/1305/1256
f 1499/1243/1196 1500/1244/1197 1563/1307/1258 1562/1306/1257
f 1500/1244/1197 1501/1245/1198 1564/1308/1259 1563/1307/1258
f 1501/1245/1198 1502/1246/1199 1565/1309/1260 1564/1308/1259
f 1502/1246/1199 1503/1247/1200 1566/1310/1261 1565/1309/1260
f 1503/1247/1200 1504/1248/1201 1567/1311/1262 1566/1310/1261
f 1504/1248/1201 1505/1249/1202 1568/1312/1263 1567/1311/1262
f 1505/1249/1202 1506/1250/1203 1569/1313/1264 1568/1312/1263
f 1506/1250/1203 1507/1251/1204 1570/1314/1265 1569/1313/1264
f 1507/1251/1204 1508/1252/1205 1571/1315/1266 1570/1314/1265
f 1508/1252/1205 1509/1253/1206 1572/1316/1267 1571/1315/1266
f 1509/1253/1206 1510/1254/1207 1573/1317/1268 1572/1316/1267
f 1510/1254/1207 1511/1255/1208 1574/1318/1269 1573/1317/1268
f 1511/1255/1208 1512/1256/1209 1575/1319/1270 1574/1318/1269
f 1512/1256/1209 1513/1257/1210 1576/1320/1271 1575/1319/1270
f 1513/1257/1210 1514/1258/1211 1577/1321/1272 1576/1320/1271
f 1514/1258/1211 1515/1259/1212 1578/1322/1273 1577/1321/1272
f 1515/1259/1212 1516/1260/1213 1579/1323/1274 1578/1322/1273
f 1517/1262/1215 1518/1261/1214 1581/1324/1275 1580/1325/1276
f 1518/1261/1214 1519/1263/1216 1582/1326/1277 1581/1324/1275
f 1519/1263/1216 1520/1264/1217 1583/1327/1278 1582/1326/1277
f 1520/1264/1217 1521/1265/1218 1584/1328/1279 1583/1327/1278
f 1521/1265/1218 1522/1266/1219 1585/1329/1280 1584/1328/1279
f 1522/1266/1219 1523/1267/1220 1586/1330/1281 1585/1329/1280
f 1523/1267/1220 1524/1268/1221 1587/1331/1282 1586/1330/1281
f 1524/1268/1221 1525/1269/1222 1588/1332/1283 1587/1331/1282
f 1525/1269/1222 1526/1270/1223 1589/1333/1284 1588/1332/1283
f 1526/1270/1223 1527/1271/1224 1590/1334/1285 1589/1333/1284
f 1527/1271/1224 1528/1272/1225 1591/1335/1286 1590/1334/1285
f 1528/1272/1225 1529/1273/1226 1592/1336/1287 1591/1335/1286
f 1529/1273/1226 1530/1274/1227 1593/1337/1288 1592/1336/1287
f 1530/1274/1227 1531/1275/1228 1594/1338/1289 1593/1337/1288
f 1531/1275/1228 1532/1276/1229 1595/1339/1290 1594/1338/1289
f 1532/1276/1229 1533/1277/1230 1596/1340/1291 1595/1339/1290
f 1533/1277/1230 1534/1278/1231 1597/1341/1292 1596/1340/1291
f 1534/1278/1231 1535/1279/1232 1598/1342/1293 1597/1341/1292
f 1535/1279/1232 1536/1280/1233 1599/1343/1294 1598/1342/1293
f 1536/1280/1233 1537/1281/1234 1600/1344/1295 1599/1343/1294
f 1537/1281/1234 1538/1282/1235 1601/1345/1296 1600/1344/1295
f 1538/1282/1235 1539/1283/1236 1602/1346/61 1601/1345/1296
f 1539/1283/1236 1540/1284/61 1603/1347/61 1602/1346/61
f 1540/1284/61 1541/1285/61 1604/1348/1297 1603/1347/61
f 1541/1285/61 1542/1286/1237 1605/1349/1298 1604/1348/1297
f 1542/1286/1237 1543/1287/1238 1606/1350/1299 1605/1349/1298
f 1543/1287/1238 1544/1288/1239 1607/1351/1300 1606/1350/1299
f 1544/1288/1239 1545/1289/1240 1608/1352/1301 1607/1351/1300
f 1545/1289/1240 1546/1290/1241 1609/1353/1302 1608/1352/1301
f 1546/1290/1241 1547/1291/1242 1610/1354/1303 1609/1353/1302
f 1547/1291/1242 1548/1292/1243 1611/1355/1304 1610/1354/1303
f 1548/1292/1243 1549/1293/1244 1612/1356/1305 1611/1355/1304
f 1549/1293/1244 1550/1294/1245 1613/1357/1306 1612/1356/1305
f 1550/1294/1245 1551/1295/1246 1614/1358/1307 1613/1357/1306
f 1551/1295/1246 1552/1296/1247 1615/1359/1308 1614/1358/1307
f 1552/1296/1247 1553/1297/1248 1616/1360/1309 1615/1359/1308
f 1553/1297/1248 1554/1298/1249 1617/1361/1310 1616/1360/1309
f 1554/1298/1249 1555/1299/1250 1618/1362/1311 1617/1361/1310
f 1555/1299/1250 1556/1300/1251 1619/1363/1312 1618/1362/1311
f 1556/1300/1251 1557/1301/1252 1620/1364/1313 1619/1363/1312
f 1557/1301/1252 1558/1302/1253 1621/1365/1314 1620/1364/1313
f 1558/1302/1253 1559/1303/1254 1622/1366/1315 1621/1365/1314
f 1559/1303/1254 1560/1304/1255 1623/1367/1316 1622/1366/1315
f 1560/1304/1255 1561/1305/1256 1624/1368/1317 1623/1367/1316
f 1561/1305/1256 1562/1306/1257 1625/1369/1318 1624/1368/1317
f 1562/1306/1257 1563/1307/1258 1626/1370/1319 1625/1369/1318
f 1563/1307/1258 1564/1308/1259 1627/1371/1320 1626/1370/1319
f 1564/1308/1259 1565/1309/1260 1628/1372/1321 1627/1371/1320
f 1565/1309/1260 1566/1310/1261 1629/1373/1322 1628/1372/1321
f 1566/1310/1261 1567/1311/1262 1630/1374/1323 1629/1373/1322
f 1567/1311/1262 1568/1312/1263 1631/1375/1324 1630/1374/1323
f 1568/1312/1263 1569/1313/1264 1632/1376/1325 1631/1375/1324
f 1569/1313/1264 1570/1314/1265 1633/1377/1326 1632/1376/1325
f 1570/1314/1265 1571/1315/1266 1634/1378/1327 1633/1377/1326
f 1571/1315/1266 1572/1316/1267 1635/1379/1328 1634/1378/1327
f 1572/1316/1267 1573/1317/1268 1636/1380/1329 1635/1379/1328
f 1573/1317/1268 1574/1318/1269 1637/1381/1330 1636/1380/1329
f 1574/1318/1269 1575/1319/1270 1638/1382/1331 1637/1381/1330
f 1575/1319/1270 1576/1320/1271 1639/1383/1332 1638/1382/1331
f 1576/1320/1271 1577/1321/1272 1640/1384/1333 1639/1383/1332
f 1577/1321/1272 1578/1322/1273 1641/1385/1334 1640/1384/1333
f 1578/1322/1273 1579/1323/1274 1642/1386/1335 1641/1385/1334
f 1580/1325/1276 1581/1324/1275 1644/1387/1336 1643/1388/1337
f 1581/1324/1275 1582/1326/1277 1645/1389/1338 1644/1387/1336
f 1582/1326/1277 1583/1327/1278 1646/1390/1339 1645/1389/1338
f 1583/1327/1278 1584/1328/1279 1647/1391/1340 1646/1390/1339
f 1584/1328/1279 1585/1329/1280 1648/1392/1341 1647/1391/1340
f 1585/1329/1280 1586/1330/1281 1649/1393/1342 1648/1392/1341
f 1586/1330/1281 1587/1331/1282 1650/1394/1343 1649/1393/1342
f 1587/1331/1282 1588/1332/1283 1651/1395/1344 1650/1394/1343
f 1588/1332/1283 1589/1333/1284 1652/1396/1345 1651/1395/1344
f 1589/1333/1284 1590/1334/1285 1653/1397/1346 1652/1396/1345
f 1590/1334/1285 1591/1335/1286 1654/1398/1347 1653/1397/1346
f 1591/1335/1286 1592/1336/1287 1655/1399/1348 1654/1398/1347
f 1592/1336/1287 1593/1337/1288 1656/1400/1349 1655/1399/1348
f 1593/1337/1288 1594/1338/1289 1657/1401/1350 1656/1400/1349
f 1594/1338/1289 1595/1339/1290 1658/1402/1351 1657/1401/1350
f 1595/1339/1290 1596/1340/1291 1659/1403/1352 1658/1402/1351
f 1596/1340/1291 1597/1341/1292 1660/1404/1353 1659/1403/1352
f 1597/1341/1292 1598/1342/1293 1661/1405/1354 1660/1404/1353
f 1598/1342/1293 1599/1343/1294 1662/1406/1355 1661/1405/1354
f 1599/1343/1294 1600/1344/1295 1663/1407/1356 1662/1406/1355
f 1600/1344/1295 1601/1345/1296 1664/1408/1357 1663/1407/1356
f 1601/1345/1296 1602/1346/61 1665/1409/61 1664/1408/1357
f 1602/1346/61 1603/1347/61 1666/1410/61 1665/1409/61
f 1603/1347/61 1604/1348/1297 1667/1411/1358 1666/1410/61
f 1604/1348/1297 1605/1349/1298 1668/1412/1359 1667/1411/1358
f 1605/1349/1298 1606/1350/1299 1669/1413/1360 1668/1412/1359
f 1606/1350/1299 1607/1351/1300 1670/1414/1361 1669/1413/1360
f 1607/1351/1300 1608/1352/1301 1671/1415/1362 1670/1414/1361
f 1608/1352/1301 1609/1353/1302 1672/1416/1363 1671/1415/1362
f 1609/1353/1302 1610/1354/1303 1673/1417/1364 1672/1416/1363
f 1610/1354/1303 1611/1355/1304 1674/1418/1365 1673/1417/1364
f 1611/1355/1304 1612/1356/1305 1675/1419/1366 1674/1418/1365
f 1612/1356/1305 1613/1357/1306 1676/1420/1367 1675/1419/1366
f 1613/1357/1306 1614/1358/1307 1677/1421/1368 1676/1420/1367
f 1614/1358/1307 1615/1359/1308 1678/1422/1369 1677/1421/1368
f 1615/1359/1308 1616/1360/1309 1679/1423/1370 1678/1422/1369
f 1616/1360/1309 1617/1361/1310 1680/1424/1371 1679/1423/1370
f 1617/1361/1310 1618/1362/1311 1681/1425/1372 1680/1424/1371
f 1618/1362/1311 1619/1363/1312 1682/1426/1373 1681/1425/1372
f 1619/1363/1312 1620/1364/1313 1683/1427/1374 1682/1426/1373
f 1620/1364/1313 1621/1365/1314 1684/1428/1375 1683/1427/1374
f 1621/1365/1314 1622/1366/1315 1685/1429/1376 1684/1428/1375
f 1622/1366/1315 1623/1367/1316 1686/1430/1377 1685/1429/1376
f 1623/1367/1316 1624/1368/1317 1687/1431/1378 1686/1430/1377
f 1624/1368/1317 1625/1369/1318 1688/1432/1379 1687/1431/1378
f 1625/1369/1318 1626/1370/1319 1689/1433/1380 1688/1432/1379
f 1626/1370/1319 1627/1371/1320 1690/1434/1381 1689/1433/1380
f 1627/1371/1320 1628/1372/1321 1691/1435/1382 1690/1434/1381
f 1628/1372/1321 1629/1373/1322 1692/1436/1383 1691/1435/1382
f 1629/1373/1322 1630/1374/1323 1693/1437/1384 1692/1436/1383
f 1630/1374/1323 1631/1375/1324 1694/1438/1385 1693/1437/1384
f 1631/1375/1324 1632/1376/1325 1695/1439/1386 1694/1438/1385
f 1632/1376/1325 1633/1377/1326 1696/1440/1387 1695/1439/1386
f 1633/1377/1326 1634/1378/1327 1697/1441/1388 1696/1440/1387
f 1634/1378/1327 1635/1379/1328 1698/1442/1389 1697/1441/1388
f 1635/1379/1328 1636/1380/1329 1699/1443/1390 1698/1442/1389
f 1636/1380/1329 1637/1381/1330 1700/1444/1391 1699/1443/1390
f 1637/1381/1330 1638/1382/1331 1701/1445/1392 1700/1444/1391
f 1638/1382/1331 1639/1383/1332 1702/1446/1393 1701/1445/1392
f 1639/1383/1332 1640/1384/1333 1703/1447/1394 1702/1446/1393
f 1640/1384/1333 1641/1385/1334 1704/1448/1395 1703/1447/1394
f 1641/1385/1334 1642/1386/1335 1705/1449/1396 1704/1448/1395
f 1643/1388/1337 1644/1387/1336 1707/1450/1397 1706/1451/1398
f 1644/1387/1336 1645/1389/1338 1708/1452/1399 1707/1450/1397
f 1645/1389/1338 1646/1390/1339 1709/1453/1400 1708/1452/1399
f 1646/1390/1339 1647/1391/1340 1710/1454/1401 1709/1453/1400
f 1647/1391/1340 1648/1392/1341 1711/1455/1402 1710/1454/1401
f 1648/1392/1341 1649/1393/1342 1712/1456/1403 1711/1455/1402
f 1649/1393/1342 1650/1394/1343 1713/1457/1404 1712/1456/1403
f 1650/1394/1343 1651/1395/1344 1714/1458/1405 1713/1457/1404
f 1651/1395/1344 1652/1396/1345 1715/1459/1406 1714/1458/1405
f 1652/1396/1345 1653/1397/1346 1716/1460/1407 1715/1459/1406
f 1653/1397/1346 1654/1398/1347 1717/1461/1408 1716/1460/1407
f 1654/1398/1347 1655/1399/1348 1718/1462/1409 1717/1461/1408
f 1655/1399/1348 1656/1400/1349 1719/1463/1410 1718/1462/1409
f 1656/1400/1349 1657/1401/1350 1720/1464/1411 1719/1463/1410
f 1657/1401/1350 1658/1402/1351 1721/1465/1412 1720/1464/1411
f 1658/1402/1351 1659/1403/1352 1722/1466/1413 1721/1465/1412
f 1659/1403/1352 1660/1404/1353 1723/1467/1414 1722/1466/1413
f 1660/1404/1353 1661/1405/1354 1724/1468/1415 1723/1467/1414
f 1661/1405/1354 1662/1406/1355 1725/1469/1416 1724/1468/1415
f 1662/1406/1355 1663/1407/1356 1726/1470/1417 1725/1469/1416
f 1663/1407/1356 1664/1408/1357 1727/1471/1418 1726/1470/1417
f 1664/1408/1357 1665/1409/61 1728/1472/61 1727/1471/1418
f 1665/1409/61 1666/1410/61 1729/1473/1419 1728/1472/61
f 1666/1410/61 1667/1411/1358 1730/1474/1420 1729/1473/1419
f 1667/1411/1358 1668/1412/1359 1731/1475/1421 1730/1474/1420
f 1668/1412/1359 1669/1413/1360 1732/1476/1422 1731/1475/1421
f 1669/1413/1360 1670/1414/1361 1733/1477/1423 1732/1476/1422
f 1670/1414/1361 1671/1415/1362 1734/1478/1424 1733/1477/1423
f 1671/1415/1362 1672/1416/1363 1735/1479/1425 1734/1478/1424
f 1672/1416/1363 1673/1417/1364 1736/1480/1426 1735/1479/1425
f 1673/1417/1364 1674/1418/1365 1737/1481/1427 1736/1480/1426
f 1674/1418/1365 1675/1419/1366 1738/1482/1428 1737/1481/1427
f 1675/1419/1366 1676/1420/1367 1739/1483/1429 1738/1482/1428
f 1676/1420/1367 1677/1421/1368 1740/1484/1430 1739/1483/1429
f 1677/1421/1368 1678/1422/1369 1741/1485/1431 1740/1484/1430
f 1678/1422/1369 1679/1423/1370 1742/1486/1432 1741/1485/1431
f 1679/1423/1370 1680/1424/1371 1743/1487/1433 1742/1486/1432
f 1680/1424/1371 1681/1425/1372 1744/1488/1434 1743/1487/1433
f 1681/1425/1372 1682/1426/1373 1745/1489/1435 1744/1488/1434
f 1682/1426/1373 1683/1427/1374 1746/1490/1436 1745/1489/1435
f 1683/1427/1374 1684/1428/1375 1747/1491/1437 1746/1490/1436
f 1684/1428/1375 1685/1429/1376 1748/1492/1438 1747/1491/1437
f 1685/1429/1376 1686/1430/1377 1749/1493/1439 1748/1492/1438
f 1686/1430/1377 1687/1431/1378 1750/1494/1440 1749/1493/1439
f 1687/1431/1378 1688/1432/1379 1751/1495/1441 1750/1494/1440
f 1688/1432/1379 1689/1433/1380 1752/1496/1442 1751/1495/1441
f 1689/1433/1380 1690/1434/1381 1753/1497/1443 1752/1496/1442
f 1690/1434/1381 1691/1435/1382 1754/1498/1444 1753/1497/1443
f 1691/1435/1382 1692/1436/1383 1755/1499/1445 1754/1498/1444
f 1692/1436/1383 1693/1437/1384 1756/1500/1446 1755/1499/1445
f 1693/1437/1384 1694/1438/1385 1757/1501/1447 1756/1500/1446
f 1694/1438/1385 1695/1439/1386 1758/1502/1448 1757/1501/1447
f 1695/1439/1386 1696/1440/1387 1759/1503/1449 1758/1502/1448
f 1696/1440/1387 1697/1441/1388 1760/1504/1450 1759/1503/1449
f 1697/1441/1388 1698/1442/1389 1761/1505/1451 1760/1504/1450
f 1698/1442/1389 1699/1443/1390 1762/1506/1452 1761/1505/1451
f 1699/1443/1390 1700/1444/1391 1763/1507/1453 1762/1506/1452
f 1700/1444/1391 1701/1445/1392 1764/1508/1454 1763/1507/1453
f 1701/1445/1392 1702/1446/1393 1765/1509/1455 1764/1508/1454
f 1702/1446/1393 1703/1447/1394 1766/1510/1456 1765/1509/1455
f 1703/1447/1394 1704/1448/1395 1767/1511/1457 1766/1510/1456
f 1704/1448/1395 1705/1449/1396 1768/1512/1458 1767/1511/1457
f 1706/1451/1398 1707/1450/1397 1770/1513/1459 1769/1514/1460
f 1707/1450/1397 1708/1452/1399 1771/1515/1461 1770/1513/1459
f 1708/1452/1399 1709/1453/1400 1772/1516/1462 1771/1515/1461
f 1709/1453/1400 1710/1454/1401 1773/1517/1463 1772/1516/1462
f 1710/1454/1401 1711/1455/1402 1774/1518/1464 1773/1517/1463
f 1711/1455/1402 1712/1456/1403 1775/1519/1465 1774/1518/1464
f 1712/1456/1403 1713/1457/1404 1776/1520/1466 1775/1519/1465
f 1713/1457/1404 1714/1458/1405 1777/1521/1467 1776/1520/1466
f 1714/1458/1405 1715/1459/1406 1778/1522/1468 1777/1521/1467
f 1715/1459/1406 1716/1460/1407 1779/1523/1469 1778/1522/1468
f 1716/1460/1407 1717/1461/1408 1780/1524/1470 1779/1523/1469
f 1717/1461/1408 1718/1462/1409 1781/1525/1471 1780/1524/1470
f 1718/1462/1409 1719/1463/1410 1782/1526/1472 1781/1525/1471
f 1719/1463/1410 1720/1464/1411 1783/1527/1473 1782/1526/1472
f 1720/1464/1411 1721/1465/1412 1784/1528/1474 1783/1527/1473
f 1721/1465/1412 1722/1466/1413 1785/1529/1475 1784/1528/1474
f 1722/1466/1413 1723/1467/1414 1786/1530/1476 1785/1529/1475
f 1723/1467/1414 1724/1468/1415 1787/1531/1477 1786/1530/1476
f 1724/1468/1415 1725/1469/1416 1788/1532/1478 1787/1531/1477
f 1725/1469/1416 1726/1470/1417 1789/1533/1479 1788/1532/1478
f 1726/1470/1417 1727/1471/1418 1790/1534/1480 1789/1533/1479
f 1727/1471/1418 1728/1472/61 1791/1535/61 1790/1534/1480
f 1728/1472/61 1729/1473/1419 1792/1536/1481 1791/1535/61
f 1729/1473/1419 1730/1474/1420 1793/1537/1482 1792/1536/1481
f 1730/1474/1420 1731/1475/1421 1794/1538/1483 1793/1537/1482
f 1731/1475/1421 1732/1476/1422 1795/1539/1484 1794/1538/1483
f 1732/1476/1422 1733/1477/1423 1796/1540/1485 1795/1539/1484
f 1733/1477/1423 1734/1478/1424 1797/1541/1486 1796/1540/1485
f 1734/1478/1424 1735/1479/1425 1798/1542/1487 1797/1541/1486
f 1735/1479/1425 1736/1480/1426 1799/1543/1488 1798/1542/1487
f 1736/1480/1426 1737/1481/1427 1800/1544/1489 1799/1543/1488
f 1737/1481/1427 1738/1482/1428 1801/1545/1490 1800/1544/1489
f 1738/1482/1428 1739/1483/1429 1802/1546/1491 1801/1545/1490
f 1739/1483/1429 1740/1484/1430 1803/1547/1492 1802/1546/1491
f 1740/1484/1430 1741/1485/1431 1804/1548/1493 1803/1547/1492
f 1741/1485/1431 1742/1486/1432 1805/1549/1494 1804/1548/1493
f 1742/1486/1432 1743/1487/1433 1806/1550/1495 1805/1549/1494
f 1743/1487/1433 1744/1488/1434 1807/1551/1496 1806/1550/1495
f 1744/1488/1434 1745/1489/1435 1808/1552/1497 1807/1551/1496
f 1745/1489/1435 1746/1490/1436 1809/1553/1498 1808/1552/1497
f 1746/1490/1436 1747/1491/1437 1810/1554/1499 1809/1553/1498
f 1747/1491/1437 1748/1492/1438 1811/1555/1500 1810/1554/1499
f 1748/1492/1438 1749/1493/1439 1812/1556/1501 1811/1555/1500
f 1749/1493/1439 1750/1494/1440 1813/1557/1502 1812/1556/1501
f 1750/1494/1440 1751/1495/1441 1814/1558/1503 1813/1557/1502
f 1751/1495/1441 1752/1496/1442 1815/1559/1504 1814/1558/1503
f 1752/1496/1442 1753/1497/1443 1816/1560/1505 1815/1559/1504
f 1753/1497/1443 1754/1498/1444 1817/1561/1506 1816/1560/1505
f 1754/1498/1444 1755/1499/1445 1818/1562/1507 1817/1561/1506
f 1755/1499/1445 1756/1500/1446 1819/1563/1508 1818/1562/1507
f 1756/1500/1446 1757/1501/1447 1820/1564/1509 1819/1563/1508
f 1757/1501/1447 1758/1502/1448 1821/1565/1510 1820/1564/1509
f 1758/1502/1448 1759/1503/1449 1822/1566/1511 1821/1565/1510
f 1759/1503/1449 1760/1504/1450 1823/1567/1512 1822/1566/1511
f 1760/1504/1450 1761/1505/1451 1824/1568/1513 1823/1567/1512
f 1761/1505/1451 1762/1506/1452 1825/1569/1514 1824/1568/1513
f 1762/1506/1452 1763/1507/1453 1826/1570/1515 1825/1569/1514
f 1763/1507/1453 1764/1508/1454 1827/1571/1516 1826/1570/1515
f 1764/1508/1454 1765/1509/1455 1828/1572/1517 1827/1571/1516
f 1765/1509/1455 1766/1510/1456 1829/1573/1518 1828/1572/1517
f 1766/1510/1456 1767/1511/1457 1830/1574/1519 1829/1573/1518
f 1767/1511/1457 1768/1512/1458 1831/1575/1520 1830/1574/1519
f 1769/1514/1460 1770/1513/1459 1833/1576/1521 1832/1577/1522
f 1770/1513/1459 1771/1515/1461 1834/1578/1523 1833/1576/1521
f 1771/1515/1461 1772/1516/1462 1835/1579/1524 1834/1578/1523
f 1772/1516/1462 1773/1517/1463 1836/1580/1525 1835/1579/1524
f 1773/1517/1463 1774/1518/1464 1837/1581/1526 1836/1580/1525
f 1774/1518/1464 1775/1519/1465 1838/1582/1527 1837/1581/1526
f 1775/1519/1465 1776/1520/1466 1839/1583/1528 1838/1582/1527
f 1776/1520/1466 1777/1521/1467 1840/1584/1529 1839/1583/1528
f 1777/1521/1467 1778/1522/1468 1841/1585/1530 1840/1584/1529
f 1778/1522/1468 1779/1523/1469 1842/1586/1531 1841/1585/1530
f 1779/1523/1469 1780/1524/1470 1843/1587/1532 1842/1586/1531
f 1780/1524/1470 1781/1525/1471 1844/1588/1533 1843/1587/1532
f 1781/1525/1471 1782/1526/1472 1845/1589/1534 1844/1588/1533
f 1782/1526/1472 1783/1527/1473 1846/1590/1535 1845/1589/1534
f 1783/1527/1473 1784/1528/1474 1847/1591/1536 1846/1590/1535
f 1784/1528/1474 1785/1529/1475 1848/1592/1537 1847/1591/1536
f 1785/1529/1475 1786/1530/1476 1849/1593/1538 1848/1592/1537
f 1786/1530/1476 1787/1531/1477 1850/1594/1539 1849/1593/1538
f 1787/1531/1477 1788/1532/1478 1851/1595/1540 1850/1594/1539
f 1788/1532/1478 1789/1533/1479 1852/1596/1541 1851/1595/1540
f 1789/1533/1479 1790/1534/1480 1853/1597/1542 1852/1596/1541
f 1790/1534/1480 1791/1535/61 1854/1598/1543 1853/1597/1542
f 1791/1535/61 1792/1536/1481 1855/1599/1544 1854/1598/1543
f 1792/1536/1481 1793/1537/1482 1856/1600/1545 1855/1599/1544
f 1793/1537/1482 1794/1538/1483 1857/1601/1546 1856/1600/1545
f 1794/1538/1483 1795/1539/1484 1858/1602/1547 1857/1601/1546
f 1795/1539/1484 1796/1540/1485 1859/1603/1548 1858/1602/1547
f 1796/1540/1485 1797/1541/1486 1860/1604/1549 1859/1603/1548
f 1797/1541/1486 1798/1542/1487 1861/1605/1550 1860/1604/1549
f 1798/1542/1487 1799/1543/1488 1862/1606/1551 1861/1605/1550
f 1799/1543/1488 1800/1544/1489 1863/1607/1552 1862/1606/1551
f 1800/1544/1489 1801/1545/1490 1864/1608/1553 1863/1607/1552
f 1801/1545/1490 1802/1546/1491 1865/1609/1554 1864/1608/1553
f 1802/1546/1491 1803/1547/1492 1866/1610/1555 1865/1609/1554
f 1803/1547/1492 1804/1548/1493 1867/1611/1556 1866/1610/1555
f 1804/1548/1493 1805/1549/1494 1868/1612/1557 1867/1611/1556
f 1805/1549/1494 1806/1550/1495 1869/1613/1558 1868/1612/1557
f 1806/1550/1495 1807/1551/1496 1870/1614/1559 1869/1613/1558
f 1807/1551/1496 1808/1552/1497 1871/1615/1560 1870/1614/1559
f 1808/1552/1497 1809/1553/1498 1872/1616/1561 1871/1615/1560
f 1809/1553/1498 1810/1554/1499 1873/1617/1562 1872/1616/1561
f 1810/1554/1499 1811/1555/1500 1874/1618/1563 1873/1617/1562
f 1811/1555/1500 1812/1556/1501 1875/1619/1564 1874/1618/1563
f 1812/1556/1501 1813/1557/1502 1876/1620/1565 1875/1619/1564
f 1813/1557/1502 1814/1558/1503 1877/1621/1566 1876/1620/1565
f 1814/1558/1503 1815/1559/1504 1878/1622/1567 1877/1621/1566
f 1815/1559/1504 1816/1560/1505 1879/1623/1568 1878/1622/1567
f 1816/1560/1505 1817/1561/1506 1880/1624/1569 1879/1623/1568
f 1817/1561/1506 1818/1562/1507 1881/1625/1570 1880/1624/1569
f 1818/1562/1507 1819/1563/1508 1882/1626/1571 1881/1625/1570
f 1819/1563/1508 1820/1564/1509 1883/1627/1572 1882/1626/1571
f 1820/1564/1509 1821/1565/1510 1884/1628/1573 1883/1627/1572
f 1821/1565/1510 1822/1566/1511 1885/1629/1574 1884/1628/1573
f 1822/1566/1511 1823/1567/1512 1886/1630/1575 1885/1629/1574
f 1823/1567/1512 1824/1568/1513 1887/1631/1576 1886/1630/1575
f 1824/1568/1513 1825/1569/1514 1888/1632/1577 1887/1631/1576
f 1825/1569/1514 1826/1570/1515 1889/1633/1578 1888/1632/1577
f 1826/1570/1515 1827/1571/1516 1890/1634/1579 1889/1633/1578
f 1827/1571/1516 1828/1572/1517 1891/1635/1580 1890/1634/1579
f 1828/1572/1517 1829/1573/1518 1892/1636/1581 1891/1635/1580
f 1829/1573/1518 1830/1574/1519 1893/1637/1582 1892/1636/1581
f 1830/1574/1519 1831/1575/1520 1894/1638/1583 1893/1637/1582
f 1832/1577/1522 1833/1576/1521 1896/1639/1584 1895/1640/1585
f 1833/1576/1521 1834/1578/1523 1897/1641/1586 1896/1639/1584
f 1834/1578/1523 1835/1579/1524 1898/1642/1587 1897/1641/1586
f 1835/1579/1524 1836/1580/1525 1899/1643/1588 1898/1642/1587
f 1836/1580/1525 1837/1581/1526 1900/1644/1589 1899/1643/1588
f 1837/1581/1526 1838/1582/1527 1901/1645/1590 1900/1644/1589
f 1838/1582/1527 1839/1583/1528 1902/1646/1591 1901/1645/1590
f 1839/1583/1528 1840/1584/1529 1903/1647/1592 1902/1646/1591
f 1840/1584/1529 1841/1585/1530 1904/1648/1593 1903/1647/1592
f 1841/1585/1530 1842/1586/1531 1905/1649/1594 1904/1648/1593
f 1842/1586/1531 1843/1587/1532 1906/1650/1595 1905/1649/1594
f 1843/1587/1532 1844/1588/1533 1907/1651/1596 1906/1650/1595
f 1844/1588/1533 1845/1589/1534 1908/1652/1597 1907/1651/1596
f 1845/1589/1534 1846/1590/1535 1909/1653/1598 1908/1652/1597
f 1846/1590/1535 1847/1591/1536 1910/1654/1599 1909/1653/1598
f 1847/1591/1536 1848/1592/1537 1911/1655/1600 1910/1654/1599
f 1848/1592/1537 1849/1593/1538 1912/1656/1601 1911/1655/1600
f 1849/1593/1538 1850/1594/1539 1913/1657/1602 1912/1656/1601
f 1850/1594/1539 1851/1595/1540 1914/1658/1603 1913/1657/1602
f 1851/1595/1540 1852/1596/1541 1915/1659/1604 1914/1658/1603
f 1852/1596/1541 1853/1597/1542 1916/1660/1605 1915/1659/1604
f 1853/1597/1542 1854/1598/1543 1917/1661/1606 1916/1660/1605
f 1854/1598/1543 1855/1599/1544 1918/1662/1607 1917/1661/1606
f 1855/1599/1544 1856/1600/1545 1919/1663/1608 1918/1662/1607
f 1856/1600/1545 1857/1601/1546 1920/1664/1609 1919/1663/1608
f 1857/1601/1546 1858/1602/1547 1921/1665/1610 1920/1664/1609
f 1858/1602/1547 1859/1603/1548 1922/1666/1611 1921/1665/1610
f 1859/1603/1548 1860/1604/1549 1923/1667/1612 1922/1666/1611
f 1860/1604/1549 1861/1605/1550 1924/1668/1613 1923/1667/1612
f 1861/1605/1550 1862/1606/1551 1925/1669/1614 1924/1668/1613
f 1862/1606/1551 1863/1607/1552 1926/1670/1615 1925/1669/1614
f 1863/1607/1552 1864/1608/1553 1927/1671/1616 1926/1670/1615
f 1864/1608/1553 1865/1609/1554 1928/1672/1617 1927/1671/1616
f 1865/1609/1554 1866/1610/1555 1929/1673/1618 1928/1672/1617
f 1866/1610/1555 1867/1611/1556 1930/1674/1619 1929/1673/1618
f 1867/1611/1556 1868/1612/1557 1931/1675/1620 1930/1674/1619
f 1868/1612/1557 1869/1613/1558 1932/1676/1621 1931/1675/1620
f 1869/1613/1558 1870/1614/1559 1933/1677/1622 1932/1676/1621
f 1870/1614/1559 1871/1615/1560 1934/1678/1623 1933/1677/1622
f 1871/1615/1560 1872/1616/1561 1935/1679/1624 1934/1678/1623
f 1872/1616/1561 1873/1617/1562 1936/1680/1625 1935/1679/1624
f 1873/1617/1562 1874/1618/1563 1937/1681/1626 1936/1680/1625
f 1874/1618/1563 1875/1619/1564 1938/1682/1627 1937/1681/1626
f 1875/1619/1564 1876/1620/1565 1939/1683/1628 1938/1682/1627
f 1876/1620/1565 1877/1621/1566 1940/1684/1629 1939/1683/1628
f 1877/1621/1566 1878/1622/1567 1941/1685/1630 1940/1684/1629
f 1878/1622/1567 1879/1623/1568 1942/1686/1631 1941/1685/1630
f 1879/1623/1568 1880/1624/1569 1943/1687/1632 1942/1686/1631
f 1880/1624/1569 1881/1625/1570 1944/1688/1633 1943/1687/1632
f 1881/1625/1570 1882/1626/1571 1945/1689/1634 1944/1688/1633
f 1882/1626/1571 1883/1627/1572 1946/1690/1635 1945/1689/1634
f 1883/1627/1572 1884/1628/1573 1947/1691/1636 1946/1690/1635
f 1884/1628/1573 1885/1629/1574 1948/1692/1637 1947/1691/1636
f 1885/1629/1574 1886/1630/1575 1949/1693/1638 1948/1692/1637
f 1886/1630/1575 1887/1631/1576 1950/1694/1639 1949/1693/1638
f 1887/1631/1576 1888/1632/1577 1951/1695/1640 1950/1694/1639
f 1888/1632/1577 1889/1633/1578 1952/1696/1641 1951/1695/1640
f 1889/1633/1578 1890/1634/1579 1953/1697/1642 1952/1696/1641
f 1890/1634/1579 1891/1635/1580 1954/1698/1643 1953/1697/1642
f 1891/1635/1580 1892/1636/1581 1955/1699/1644 1954/1698/1643
f 1892/1636/1581 1893/1637/1582 1956/1700/1645 1955/1699/1644
f 1893/1637/1582 1894/1638/1583 1957/1701/1646 1956/1700/1645
f 1895/1640/1585 1896/1639/1584 1959/1702/1647 1958/1703/1648
f 1896/1639/1584 1897/1641/1586 1960/1704/1649 1959/1702/1647
f 1897/1641/1586 1898/1642/1587 1961/1705/1650 1960/1704/1649
f 1898/1642/1587 1899/1643/1588 1962/1706/1651 1961/1705/1650
f 1899/1643/1588 1900/1644/1589 1963/1707/1652 1962/1706/1651
f 1900/1644/1589 1901/1645/1590 1964/1708/1653 1963/1707/1652
f 1901/1645/1590 1902/1646/1591 1965/1709/1654 1964/1708/1653
f 1902/1646/1591 1903/1647/1592 1966/1710/1655 1965/1709/1654
f 1903/1647/1592 1904/1648/1593 1967/1711/1656 1966/1710/1655
f 1904/1648/1593 1905/1649/1594 1968/1712/1657 1967/1711/1656
f 1905/1649/1594 1906/1650/1595 1969/1713/1658 1968/1712/1657
f 1906/1650/1595 1907/1651/1596 1970/1714/1659 1969/1713/1658
f 1907/1651/1596 1908/1652/1597 1971/1715/1660 1970/1714/1659
f 1908/1652/1597 1909/1653/1598 1972/1716/1661 1971/1715/1660
f 1909/1653/1598 1910/1654/1599 1973/1717/1662 1972/1716/1661
f 1910/1654/1599 1911/1655/1600 1974/1718/1663 1973/1717/1662
f 1911/1655/1600 1912/1656/1601 1975/1719/1664 1974/1718/1663
f 1912/1656/1601 1913/1657/1602 1976/1720/1665 1975/1719/1664
f 1913/1657/1602 1914/1658/1603 1977/1721/1666 1976/1720/1665
f 1914/1658/1603 1915/1659/1604 1978/1722/1667 1977/1721/1666
f 1915/1659/1604 1916/1660/1605 1979/1723/1668 1978/1722/1667
f 1916/1660/1605 1917/1661/1606 1980/1724/1669 1979/1723/1668
f 1917/1661/1606 1918/1662/1607 1981/1725/1670 1980/1724/1669
f 1918/1662/1607 1919/1663/1608 1982/1726/1671 1981/1725/1670
f 1919/1663/1608 1920/1664/1609 1983/1727/1672 1982/1726/1671
f 1920/1664/1609 1921/1665/1610 1984/1728/1673 1983/1727/1672
f 1921/1665/1610 1922/1666/1611 1985/1729/1674 1984/1728/1673
f 1922/1666/1611 1923/1667/1612 1986/1730/1675 1985/1729/1674
f 1923/1667/1612 1924/1668/1613 1987/1731/1676 1986/1730/1675
f 1924/1668/1613 1925/1669/1614 1988/1732/1677 1987/1731/1676
f 1925/1669/1614 1926/1670/1615 1989/1733/1678 1988/1732/1677
f 1926/1670/1615 1927/1671/1616 1990/1734/1679 1989/1733/1678
f 1927/1671/1616 1928/1672/1617 1991/1735/1680 1990/1734/1679
f 1928/1672/1617 1929/1673/1618 1992/1736/1681 1991/1735/1680
f 1929/1673/1618 1930/1674/1619 1993/1737/1682 1992/1736/1681
f 1930/1674/1619 1931/1675/1620 1994/1738/1683 1993/1737/1682
f 1931/1675/1620 1932/1676/1621 1995/1739/1684 1994/1738/1683
f 1932/1676/1621 1933/1677/1622 1996/1740/1685 1995/1739/1684
f 1933/1677/1622 1934/1678/1623 1997/1741/1686 1996/1740/1685
f 1934/1678/1623 1935/1679/1624 1998/1742/1687 1997/1741/1686
f 1935/1679/1624 1936/1680/1625 1999/1743/1688 1998/1742/1687
f 1936/1680/1625 1937/1681/1626 2000/1744/1689 1999/1743/1688
f 1937/1681/1626 1938/1682/1627 2001/1745/1690 2000/1744/1689
f 1938/1682/1627 1939/1683/1628 2002/1746/1691 2001/1745/1690
f 1939/1683/1628 1940/1684/1629 2003/1747/1692 2002/1746/1691
f 1940/1684/1629 1941/1685/1630 2004/1748/1693 2003/1747/1692
f 1941/1685/1630 1942/1686/1631 2005/1749/1694 2004/1748/1693
f 1942/1686/1631 1943/1687/1632 2006/1750/1695 2005/1749/1694
f 1943/1687/1632 1944/1688/1633 2007/1751/1696 2006/1750/1695
f 1944/1688/1633 1945/1689/1634 2008/1752/1697 2007/1751/1696
f 1945/1689/1634 1946/1690/1635 2009/1753/1698 2008/1752/1697
f 1946/1690/1635 1947/1691/1636 2010/1754/1699 2009/1753/1698
f 1947/1691/1636 1948/1692/1637 2011/1755/1700 2010/1754/1699
f 1948/1692/1637 1949/1693/1638 2012/1756/1701 2011/1755/1700
f 1949/1693/1638 1950/1694/1639 2013/1757/1702 2012/1756/1701
f 1950/1694/1639 1951/1695/1640 2014/1758/1703 2013/1757/1702
f 1951/1695/1640 1952/1696/1641 2015/1759/1704 2014/1758/1703
f 1952/1696/1641 1953/1697/1642 2016/1760/1705 2015/1759/1704
f 1953/1697/1642 1954/1698/1643 2017/1761/1706 2016/1760/1705
f 1954/1698/1643 1955/1699/1644 2018/1762/1707 2017/1761/1706
f 1955/1699/1644 1956/1700/1645 2019/1763/1708 2018/1762/1707
f 1956/1700/1645 1957/1701/1646 2020/1764/1709 2019/1763/1708
f 1958/1703/1648 1959/1702/1647 2022/1765/1710 2021/1766/1711
f 1959/1702/1647 1960/1704/1649 2023/1767/1712 2022/1765/1710
f 1960/1704/1649 1961/1705/1650 2024/1768/1713 2023/1767/1712
f 1961/1705/1650 1962/1706/1651 2025/1769/1714 2024/1768/1713
f 1962/1706/1651 1963/1707/1652 2026/1770/1715 2025/1769/1714
f 1963/1707/1652 1964/1708/1653 2027/1771/1716 2026/1770/1715
f 1964/1708/1653 1965/1709/1654 2028/1772/1717 2027/1771/1716
f 1965/1709/1654 1966/1710/1655 2029/1773/1718 2028/1772/1717
f 1966/1710/1655 1967/1711/1656 2030/1774/1719 2029/1773/1718
f 1967/1711/1656 1968/1712/1657 2031/1775/1720 2030/1774/1719
f 1968/1712/1657 1969/1713/1658 2032/1776/1721 2031/1775/1720
f 1969/1713/1658 1970/1714/1659 2033/1777/1722 2032/1776/1721
f 1970/1714/1659 1971/1715/1660 2034/1778/1723 2033/1777/1722
f 1971/1715/1660 1972/1716/1661 2035/1779/1724 2034/1778/1723
f 1972/1716/1661 1973/1717/1662 2036/1780/1725 2035/1779/1724
f 1973/1717/1662 1974/1718/1663 2037/1781/1726 2036/1780/1725
f 1974/1718/1663 1975/1719/1664 2038/1782/1727 2037/1781/1726
f 1975/1719/1664 1976/1720/1665 2039/1783/1728 2038/1782/1727
f 1976/1720/1665 1977/1721/1666 2040/1784/1729 2039/1783/1728
f 1977/1721/1666 1978/1722/1667 2041/1785/1730 2040/1784/1729
f 1978/1722/1667 1979/1723/1668 2042/1786/1731 2041/1785/1730
f 1979/1723/1668 1980/1724/1669 2043/1787/1732 2042/1786/1731
f 1980/1724/1669 1981/1725/1670 2044/1788/1733 2043/1787/1732
f 1981/1725/1670 1982/1726/1671 2045/1789/1734 2044/1788/1733
f 1982/1726/1671 1983/1727/1672 2046/1790/1735 2045/1789/1734
f 1983/1727/1672 1984/1728/1673 2047/1791/1736 2046/1790/1735
f 1984/1728/1673 1985/1729/1674 2048/1792/1737 2047/1791/1736
f 1985/1729/1674 1986/1730/1675 2049/1793/1738 2048/1792/1737
f 1986/1730/1675 1987/1731/1676 2050/1794/1739 2049/1793/1738
f 1987/1731/1676 1988/1732/1677 2051/1795/1740 2050/1794/1739
f 1988/1732/1677 1989/1733/1678 2052/1796/1741 2051/1795/1740
f 1989/1733/1678 1990/1734/1679 2053/1797/1742 2052/1796/1741
f 1990/1734/1679 1991/1735/1680 2054/1798/1743 2053/1797/1742
f 1991/1735/1680 1992/1736/1681 2055/1799/1744 2054/1798/1743
f 1992/1736/1681 1993/1737/1682 2056/1800/1745 2055/1799/1744
f 1993/1737/1682 1994/1738/1683 2057/1801/1746 2056/1800/1745
f 1994/1738/1683 1995/1739/1684 2058/1802/1747 2057/1801/1746
f 1995/1739/1684 1996/1740/1685 2059/1803/1748 2058/1802/1747
f 1996/1740/1685 1997/1741/1686 2060/1804/1749 2059/1803/1748
f 1997/1741/1686 1998/1742/1687 2061/1805/1750 2060/1804/1749
f 1998/1742/1687 1999/1743/1688 2062/1806/1751 2061/1805/1750
f 1999/1743/1688 2000/1744/1689 2063/1807/1752 2062/1806/1751
f 2000/1744/1689 2001/1745/1690 2064/1808/1753 2063/1807/1752
f 2001/1745/1690 2002/1746/1691 2065/1809/1754 2064/1808/1753
f 2002/1746/1691 2003/1747/1692 2066/1810/1755 2065/1809/1754
f 2003/1747/1692 2004/1748/1693 2067/1811/1756 2066/1810/1755
f 2004/1748/1693 2005/1749/1694 2068/1812/1757 2067/1811/1756
f 2005/1749/1694 2006/1750/1695 2069/1813/1758 2068/1812/1757
f 2006/1750/1695 2007/1751/1696 2070/1814/1759 2069/1813/1758
f 2007/1751/1696 2008/1752/1697 2071/1815/1760 2070/1814/1759
f 2008/1752/1697 2009/1753/1698 2072/1816/1761 2071/1815/1760
f 2009/1753/1698 2010/1754/1699 2073/1817/1762 2072/1816/1761
f 2010/1754/1699 2011/1755/1700 2074/1818/1763 2073/1817/1762
f 2011/1755/1700 2012/1756/1701 2075/1819/1764 2074/1818/1763
f 2012/1756/1701 2013/1757/1702 2076/1820/1765 2075/1819/1764
f 2013/1757/1702 2014/1758/1703 2077/1821/1766 2076/1820/1765
f 2014/1758/1703 2015/1759/1704 2078/1822/1767 2077/1821/1766
f 2015/1759/1704 2016/1760/1705 2079/1823/1768 2078/1822/1767
f 2016/1760/1705 2017/1761/1706 2080/1824/1769 2079/1823/1768
f 2017/1761/1706 2018/1762/1707 2081/1825/1770 2080/1824/1769
f 2018/1762/1707 2019/1763/1708 2082/1826/1771 2081/1825/1770
f 2019/1763/1708 2020/1764/1709 2083/1827/1772 2082/1826/1771
f 2021/1766/1711 2022/1765/1710 2085/1828/1773 2084/1829/1774
f 2022/1765/1710 2023/1767/1712 2086/1830/1775 2085/1828/1773
f 2023/1767/1712 2024/1768/1713 2087/1831/1776 2086/1830/1775
f 2024/1768/1713 2025/1769/1714 2088/1832/1777 2087/1831/1776
f 2025/1769/1714 2026/1770/1715 2089/1833/1778 2088/1832/1777
f 2026/1770/1715 2027/1771/1716 2090/1834/1779 2089/1833/1778
f 2027/1771/1716 2028/1772/1717 2091/1835/1780 2090/1834/1779
f 2028/1772/1717 2029/1773/1718 2092/1836/1781 2091/1835/1780
f 2029/1773/1718 2030/1774/1719 2093/1837/1782 2092/1836/1781
f 2030/1774/1719 2031/1775/1720 2094/1838/1783 2093/1837/1782
f 2031/1775/1720 2032/1776/1721 2095/1839/1784 2094/1838/1783
f 2032/1776/1721 2033/1777/1722 2096/1840/1785 2095/1839/1784
f 2033/1777/1722 2034/1778/1723 2097/1841/1786 2096/1840/1785
f 2034/1778/1723 2035/1779/1724 2098/1842/1787 2097/1841/1786
f 2035/1779/1724 2036/1780/1725 2099/1843/1788 2098/1842/1787
f 2036/1780/1725 2037/1781/1726 2100/1844/1789 2099/1843/1788
f 2037/1781/1726 2038/1782/1727 2101/1845/1790 2100/1844/1789
f 2038/1782/1727 2039/1783/1728 2102/1846/1791 2101/1845/1790
f 2039/1783/1728 2040/1784/1729 2103/1847/1792 2102/1846/1791
f 2040/1784/1729 2041/1785/1730 2104/1848/1793 2103/1847/1792
f 2041/1785/1730 2042/1786/1731 2105/1849/1794 2104/1848/1793
f 2042/1786/1731 2043/1787/1732 2106/1850/1795 2105/1849/1794
f 2043/1787/1732 2044/1788/1733 2107/1851/1796 2106/1850/1795
f 2044/1788/1733 2045/1789/1734 2108/1852/1797 2107/1851/1796
f 2045/1789/1734 2046/1790/1735 2109/1853/1798 2108/1852/1797
f 2046/1790/1735 2047/1791/1736 2110/1854/1799 2109/1853/1798
f 2047/1791/1736 2048/1792/1737 2111/1855/1800 2110/1854/1799
f 2048/1792/1737 2049/1793/1738 2112/1856/1801 2111/1855/1800
f 2049/1793/1738 2050/1794/1739 2113/1857/1802 2112/1856/1801
f 2050/1794/1739 2051/1795/1740 2114/1858/1803 2113/1857/1802
f 2051/1795/1740 2052/1796/1741 2115/1859/1804 2114/1858/1803
f 2052/1796/1741 2053/1797/1742 2116/1860/1805 2115/1859/1804
f 2053/1797/1742 2054/1798/1743 2117/1861/1806 2116/1860/1805
f 2054/1798/1743 2055/1799/1744 2118/1862/1807 2117/1861/1806
f 2055/1799/1744 2056/1800/1745 2119/1863/1808 2118/1862/1807
f 2056/1800/1745 2057/1801/1746 2120/1864/1809 2119/1863/1808
f 2057/1801/1746 2058/1802/1747 2121/1865/1810 2120/1864/1809
f 2058/1802/1747 2059/1803/1748 2122/1866/1811 2121/1865/1810
f 2059/1803/1748 2060/1804/1749 2123/1867/1812 2122/1866/1811
f 2060/1804/1749 2061/1805/1750 2124/1868/1813 2123/1867/1812
f 2061/1805/1750 2062/1806/1751 2125/1869/1814 2124/1868/1813
f 2062/1806/1751 2063/1807/1752 2126/1870/1815 2125/1869/1814
f 2063/1807/1752 2064/1808/1753 2127/1871/1816 2126/1870/1815
f 2064/1808/1753 2065/1809/1754 2128/1872/1817 2127/1871/1816
f 2065/1809/1754 2066/1810/1755 2129/1873/1818 2128/1872/1817
f 2066/1810/1755 2067/1811/1756 2130/1874/1819 2129/1873/1818
f 2067/1811/1756 2068/1812/1757 2131/1875/1820 2130/1874/1819
f 2068/1812/1757 2069/1813/1758 2132/1876/1821 2131/1875/1820
f 2069/1813/1758 2070/1814/1759 2133/1877/1822 2132/1876/1821
f 2070/1814/1759 2071/1815/1760 2134/1878/1823 2133/1877/1822
f 2071/1815/1760 2072/1816/1761 2135/1879/1824 2134/1878/1823
f 2072/1816/1761 2073/1817/1762 2136/1880/1825 2135/1879/1824
f 2073/1817/1762 2074/1818/1763 2137/1881/1826 2136/1880/1825
f 2074/1818/1763 2075/1819/1764 2138/1882/1827 2137/1881/1826
f 2075/1819/1764 2076/1820/1765 2139/1883/1828 2138/1882/1827
f 2076/1820/1765 2077/1821/1766 2140/1884/1829 2139/1883/1828
f 2077/1821/1766 2078/1822/1767 2141/1885/1830 2140/1884/1829
f 2078/1822/1767 2079/1823/1768 2142/1886/1831 2141/1885/1830
f 2079/1823/1768 2080/1824/1769 2143/1887/1832 2142/1886/1831
f 2080/1824/1769 2081/1825/1770 2144/1888/1833 2143/1887/1832
f 2081/1825/1770 2082/1826/1771 2145/1889/1834 2144/1888/1833
f 2082/1826/1771 2083/1827/1772 2146/1890/1835 2145/1889/1834
f 2084/1829/1774 2085/1828/1773 2148/1891/1836 2147/1892/1837
f 2085/1828/1773 2086/1830/1775 2149/1893/1838 2148/1891/1836
f 2086/1830/1775 2087/1831/1776 2150/1894/1839 2149/1893/1838
f 2087/1831/1776 2088/1832/1777 2151/1895/1840 2150/1894/1839
f 2088/1832/1777 2089/1833/1778 2152/1896/1841 2151/1895/1840
f 2089/1833/1778 2090/1834/1779 2153/1897/1842 2152/1896/1841
f 2090/1834/1779 2091/1835/1780 2154/1898/1843 2153/1897/1842
f 2091/1835/1780 2092/1836/1781 2155/1899/1844 2154/1898/1843
f 2092/1836/1781 2093/1837/1782 2156/1900/1845 2155/1899/1844
f 2093/1837/1782 2094/1838/1783 2157/1901/1846 2156/1900/1845
f 2094/1838/1783 2095/1839/1784 2158/1902/1847 2157/1901/1846
f 2095/1839/1784 2096/1840/1785 2159/1903/1848 2158/1902/1847
f 2096/1840/1785 2097/1841/1786 2160/1904/1849 2159/1903/1848
f 2097/1841/1786 2098/1842/1787 2161/1905/1850 2160/1904/1849
f 2098/1842/1787 2099/1843/1788 2162/1906/1851 2161/1905/1850
f 2099/1843/1788 2100/1844/1789 2163/1907/1852 2162/1906/1851
f 2100/1844/1789 2101/1845/1790 2164/1908/1853 2163/1907/1852
f 2101/1845/1790 2102/1846/1791 2165/1909/1854 2164/1908/1853
f 2102/1846/1791 2103/1847/1792 2166/1910/1855 2165/1909/1854
f 2103/1847/1792 2104/1848/1793 2167/1911/1856 2166/1910/1855
f 2104/1848/1793 2105/1849/1794 2168/1912/1857 2167/1911/1856
f 2105/1849/1794 2106/1850/1795 2169/1913/1858 2168/1912/1857
f 2106/1850/1795 2107/1851/1796 2170/1914/1859 2169/1913/1858
f 2107/1851/1796 2108/1852/1797 2171/1915/1860 2170/1914/1859
f 2108/1852/1797 2109/1853/1798 2172/1916/1861 2171/1915/1860
f 2109/1853/1798 2110/1854/1799 2173/1917/1862 2172/1916/1861
f 2110/1854/1799 2111/1855/1800 2174/1918/1863 2173/1917/1862
f 2111/1855/1800 2112/1856/1801 2175/1919/1864 2174/1918/1863
f 2112/1856/1801 2113/1857/1802 2176/1920/1865 2175/1919/1864
f 2113/1857/1802 2114/1858/1803 2177/1921/1866 2176/1920/1865
f 2114/1858/1803 2115/1859/1804 2178/1922/1867 2177/1921/1866
f 2115/1859/1804 2116/1860/1805 2179/1923/1868 2178/1922/1867
f 2116/1860/1805 2117/1861/1806 2180/1924/1869 2179/1923/1868
f 2117/1861/1806 2118/1862/1807 2181/1925/1870 2180/1924/1869
f 2118/1862/1807 2119/1863/1808 2182/1926/1871 2181/1925/1870
f 2119/1863/1808 2120/1864/1809 2183/1927/1872 2182/1926/1871
f 2120/1864/1809 2121/1865/1810 2184/1928/1873 2183/1927/1872
f 2121/1865/1810 2122/1866/1811 2185/1929/1874 2184/1928/1873
f 2122/1866/1811 2123/1867/1812 2186/1930/1875 2185/1929/1874
f 2123/1867/1812 2124/1868/1813 2187/1931/1876 2186/1930/1875
f 2124/1868/1813 2125/1869/1814 2188/1932/1877 2187/1931/1876
f 2125/1869/1814 2126/1870/1815 2189/1933/1878 2188/1932/1877
f 2126/1870/1815 2127/1871/1816 2190/1934/1879 2189/1933/1878
f 2127/1871/1816 2128/1872/1817 2191/1935/1880 2190/1934/1879
f 2128/1872/1817 2129/1873/1818 2192/1936/1881 2191/1935/1880
f 2129/1873/1818 2130/1874/1819 2193/1937/1882 2192/1936/1881
f 2130/1874/1819 2131/1875/1820 2194/1938/1883 2193/1937/1882
f 2131/1875/1820 2132/1876/1821 2195/1939/1884 2194/1938/1883
f 2132/1876/1821 2133/1877/1822 2196/1940/1885 2195/1939/1884
f 2133/1877/1822 2134/1878/1823 2197/1941/1886 2196/1940/1885
f 2134/1878/1823 2135/1879/1824 2198/1942/1887 2197/1941/1886
f 2135/1879/1824 2136/1880/1825 2199/1943/1888 2198/1942/1887
f 2136/1880/1825 2137/1881/1826 2200/1944/1889 2199/1943/1888
f 2137/1881/1826 2138/1882/1827 2201/1945/1890 2200/1944/1889
f 2138/1882/1827 2139/1883/1828 2202/1946/1891 2201/1945/1890
f 2139/1883/1828 2140/1884/1829 2203/1947/1892 2202/1946/1891
f 2140/1884/1829 2141/1885/1830 2204/1948/1893 2203/1947/1892
f 2141/1885/1830 2142/1886/1831 2205/1949/1894 2204/1948/1893
f 2142/1886/1831 2143/1887/1832 2206/1950/1895 2205/1949/1894
f 2143/1887/1832 2144/1888/1833 2207/1951/1896 2206/1950/1895
f 2144/1888/1833 2145/1889/1834 2208/1952/1897 2207/1951/1896
f 2145/1889/1834 2146/1890/1835 2209/1953/1898 2208/1952/1897
f 2147/1892/1837 2148/1891/1836 2211/1954/1899 2210/1955/1900
f 2148/1891/1836 2149/1893/1838 2212/1956/1901 2211/1954/1899
f 2149/1893/1838 2150/1894/1839 2213/1957/1902 2212/1956/1901
f 2150/1894/1839 2151/1895/1840 2214/1958/1903 2213/1957/1902
f 2151/1895/1840 2152/1896/1841 2215/1959/1904 2214/1958/1903
f 2152/1896/1841 2153/1897/1842 2216/1960/1905 2215/1959/1904
f 2153/1897/1842 2154/1898/1843 2217/1961/1906 2216/1960/1905
f 2154/1898/1843 2155/1899/1844 2218/1962/67 2217/1961/1906
f 2155/1899/1844 2156/1900/1845 2219/1963/1907 2218/1962/67
f 2156/1900/1845 2157/1901/1846 2220/1964/1908 2219/1963/1907
f 2157/1901/1846 2158/1902/1847 2221/1965/1909 2220/1964/1908
f 2158/1902/1847 2159/1903/1848 2222/1966/1910 2221/1965/1909
f 2159/1903/1848 2160/1904/1849 2223/1967/1911 2222/1966/1910
f 2160/1904/1849 2161/1905/1850 2224/1968/1912 2223/1967/1911
f 2161/1905/1850 2162/1906/1851 2225/1969/1913 2224/1968/1912
f 2162/1906/1851 2163/1907/1852 2226/1970/1914 2225/1969/1913
f 2163/1907/1852 2164/1908/1853 2227/1971/1915 2226/1970/1914
f 2164/1908/1853 2165/1909/1854 2228/1972/1916 2227/1971/1915
f 2165/1909/1854 2166/1910/1855 2229/1973/1917 2228/1972/1916
f 2166/1910/1855 2167/1911/1856 2230/1974/61 2229/1973/1917
f 2167/1911/1856 2168/1912/1857 2231/1975/1918 2230/1974/61
f 2168/1912/1857 2169/1913/1858 2232/1976/1919 2231/1975/1918
f 2169/1913/1858 2170/1914/1859 2233/1977/1920 2232/1976/1919
f 2170/1914/1859 2171/1915/1860 2234/1978/1921 2233/1977/1920
f 2171/1915/1860 2172/1916/1861 2235/1979/1922 2234/1978/1921
f 2172/1916/1861 2173/1917/1862 2236/1980/1923 2235/1979/1922
f 2173/1917/1862 2174/1918/1863 2237/1981/1924 2236/1980/1923
f 2174/1918/1863 2175/1919/1864 2238/1982/1925 2237/1981/1924
f 2175/1919/1864 2176/1920/1865 2239/1983/1926 2238/1982/1925
f 2176/1920/1865 2177/1921/1866 2240/1984/1927 2239/1983/1926
f 2177/1921/1866 2178/1922/1867 2241/1985/1928 2240/1984/1927
f 2178/1922/1867 2179/1923/1868 2242/1986/1929 2241/1985/1928
f 2179/1923/1868 2180/1924/1869 2243/1987/1930 2242/1986/1929
f 2180/1924/1869 2181/1925/1870 2244/1988/1931 2243/1987/1930
f 2181/1925/1870 2182/1926/1871 2245/1989/1932 2244/1988/1931
f 2182/1926/1871 2183/1927/1872 2246/1990/1933 2245/1989/1932
f 2183/1927/1872 2184/1928/1873 2247/1991/1934 2246/1990/1933
f 2184/1928/1873 2185/1929/1874 2248/1992/1935 2247/1991/1934
f 2185/1929/1874 2186/1930/1875 2249/1993/1936 2248/1992/1935
f 2186/1930/1875 2187/1931/1876 2250/1994/1937 2249/1993/1936
f 2187/1931/1876 2188/1932/1877 2251/1995/1938 2250/1994/1937
f 2188/1932/1877 2189/1933/1878 2252/1996/1939 2251/1995/1938
f 2189/1933/1878 2190/1934/1879 2253/1997/1940 2252/1996/1939
f 2190/1934/1879 2191/1935/1880 2254/1998/1941 2253/1997/1940
f 2191/1935/1880 2192/1936/1881 2255/1999/1942 2254/1998/1941
f 2192/1936/1881 2193/1937/1882 2256/2000/1943 2255/1999/1942
f 2193/1937/1882 2194/1938/1883 2257/2001/1944 2256/2000/1943
f 2194/1938/1883 2195/1939/1884 2258/2002/1945 2257/2001/1944
f 2195/1939/1884 2196/1940/1885 2259/2003/1946 2258/2002/1945
f 2196/1940/1885 2197/1941/1886 2260/2004/1947 2259/2003/1946
f 2197/1941/1886 2198/1942/1887 2261/2005/1948 2260/2004/1947
f 2198/1942/1887 2199/1943/1888 2262/2006/1949 2261/2005/1948
f 2199/1943/1888 2200/1944/1889 2263/2007/1950 2262/2006/1949
f 2200/1944/1889 2201/1945/1890 2264/2008/1951 2263/2007/1950
f 2201/1945/1890 2202/1946/1891 2265/2009/1952 2264/2008/1951
f 2202/1946/1891 2203/1947/1892 2266/2010/1953 2265/2009/1952
f 2203/1947/1892 2204/1948/1893 2267/2011/1954 2266/2010/1953
f 2204/1948/1893 2205/1949/1894 2268/2012/1955 2267/2011/1954
f 2205/1949/1894 2206/1950/1895 2269/2013/1956 2268/2012/1955
f 2206/1950/1895 2207/1951/1896 2270/2014/1957 2269/2013/1956
f 2207/1951/1896 2208/1952/1897 2271/2015/1958 2270/2014/1957
f 2208/1952/1897 2209/1953/1898 2272/2016/1959 2271/2015/1958
f 2210/1955/1900 2211/1954/1899 2274/2017/1960 2273/2018/1961
f 2211/1954/1899 2212/1956/1901 2275/2019/1962 2274/2017/1960
f 2212/1956/1901 2213/1957/1902 2276/2020/1963 2275/2019/1962
f 2213/1957/1902 2214/1958/1903 2277/2021/1964 2276/2020/1963
f 2214/1958/1903 2215/1959/1904 2278/2022/1965 2277/2021/1964
f 2215/1959/1904 2216/1960/1905 2279/2023/1966 2278/2022/1965
f 2216/1960/1905 2217/1961/1906 2280/2024/1967 2279/2023/1966
f 2217/1961/1906 2218/1962/67 2281/2025/1968 2280/2024/1967
f 2218/1962/67 2219/1963/1907 2282/2026/1969 2281/2025/1968
f 2219/1963/1907 2220/1964/1908 2283/2027/1970 2282/2026/1969
f 2220/1964/1908 2221/1965/1909 2284/2028/1971 2283/2027/1970
f 2221/1965/1909 2222/1966/1910 2285/2029/1972 2284/2028/1971
f 2222/1966/1910 2223/1967/1911 2286/2030/1973 2285/2029/1972
f 2223/1967/1911 2224/1968/1912 2287/2031/1974 2286/2030/1973
f 2224/1968/1912 2225/1969/1913 2288/2032/1975 2287/2031/1974
f 2225/1969/1913 2226/1970/1914 2289/2033/1976 2288/2032/1975
f 2226/1970/1914 2227/1971/1915 2290/2034/1977 2289/2033/1976
f 2227/1971/1915 2228/1972/1916 2291/2035/1978 2290/2034/1977
f 2228/1972/1916 2229/1973/1917 2292/2036/1979 2291/2035/1978
f 2229/1973/1917 2230/1974/61 2293/2037/61 2292/2036/1979
f 2230/1974/61 2231/1975/1918 2294/2038/1980 2293/2037/61
f 2231/1975/1918 2232/1976/1919 2295/2039/1981 2294/2038/1980
f 2232/1976/1919 2233/1977/1920 2296/2040/1982 2295/2039/1981
f 2233/1977/1920 2234/1978/1921 2297/2041/1983 2296/2040/1982
f 2234/1978/1921 2235/1979/1922 2298/2042/1984 2297/2041/1983
f 2235/1979/1922 2236/1980/1923 2299/2043/1985 2298/2042/1984
f 2236/1980/1923 2237/1981/1924 2300/2044/1986 2299/2043/1985
f 2237/1981/1924 2238/1982/1925 2301/2045/1987 2300/2044/1986
f 2238/1982/1925 2239/1983/1926 2302/2046/1988 2301/2045/1987
f 2239/1983/1926 2240/1984/1927 2303/2047/1989 2302/2046/1988
f 2240/1984/1927 2241/1985/1928 2304/2048/1990 2303/2047/1989
f 2241/1985/1928 2242/1986/1929 2305/2049/1991 2304/2048/1990
f 2242/1986/1929 2243/1987/1930 2306/2050/1992 2305/2049/1991
f 2243/1987/1930 2244/1988/1931 2307/2051/1993 2306/2050/1992
f 2244/1988/1931 2245/1989/1932 2308/2052/1994 2307/2051/1993
f 2245/1989/1932 2246/1990/1933 2309/2053/1995 2308/2052/1994
f 2246/1990/1933 2247/1991/1934 2310/2054/1996 2309/2053/1995
f 2247/1991/1934 2248/1992/1935 2311/2055/1997 2310/2054/1996
f 2248/1992/1935 2249/1993/1936 2312/2056/1998 2311/2055/1997
f 2249/1993/1936 2250/1994/1937 2313/2057/1999 2312/2056/1998
f 2250/1994/1937 2251/1995/1938 2314/2058/2000 2313/2057/1999
f 2251/1995/1938 2252/1996/1939 2315/2059/2001 2314/2058/2000
f 2252/1996/1939 2253/1997/1940 2316/2060/2002 2315/2059/2001
f 2253/1997/1940 2254/1998/1941 2317/2061/2003 2316/2060/2002
f 2254/1998/1941 2255/1999/1942 2318/2062/2004 2317/2061/2003
f 2255/1999/1942 2256/2000/1943 2319/2063/2005 2318/2062/2004
f 2256/2000/1943 2257/2001/1944 2320/2064/2006 2319/2063/2005
f 2257/2001/1944 2258/2002/1945 2321/2065/2007 2320/2064/2006
f 2258/2002/1945 2259/2003/1946 2322/2066/2008 2321/2065/2007
f 2259/2003/1946 2260/2004/1947 2323/2067/2009 2322/2066/2008
f 2260/2004/1947 2261/2005/1948 2324/2068/2010 2323/2067/2009
f 2261/2005/1948 2262/2006/1949 2325/2069/2011 2324/2068/2010
f 2262/2006/1949 2263/2007/1950 2326/2070/2012 2325/2069/2011
f 2263/2007/1950 2264/2008/1951 2327/2071/2013 2326/2070/2012
f 2264/2008/1951 2265/2009/1952 2328/2072/2014 2327/2071/2013
f 2265/2009/1952 2266/2010/1953 2329/2073/2015 2328/2072/2014
f 2266/2010/1953 2267/2011/1954 2330/2074/2016 2329/2073/2015
f 2267/2011/1954 2268/2012/1955 2331/2075/2017 2330/2074/2016
f 2268/2012/1955 2269/2013/1956 2332/2076/2018 2331/2075/2017
f 2269/2013/1956 2270/2014/1957 2333/2077/2019 2332/2076/2018
f 2270/2014/1957 2271/2015/1958 2334/2078/2020 2333/2077/2019
f 2271/2015/1958 2272/2016/1959 2335/2079/2021 2334/2078/2020
f 2273/2018/1961 2274/2017/1960 2337/2080/2022 2336/2081/2023
f 2274/2017/1960 2275/2019/1962 2338/2082/2024 2337/2080/2022
f 2275/2019/1962 2276/2020/1963 2339/2083/2025 2338/2082/2024
f 2276/2020/1963 2277/2021/1964 2340/2084/2026 2339/2083/2025
f 2277/2021/1964 2278/2022/1965 2341/2085/2027 2340/2084/2026
f 2278/2022/1965 2279/2023/1966 2342/2086/2028 2341/2085/2027
f 2279/2023/1966 2280/2024/1967 2343/2087/2029 2342/2086/2028
f 2280/2024/1967 2281/2025/1968 2344/2088/2030 2343/2087/2029
f 2281/2025/1968 2282/2026/1969 2345/2089/2031 2344/2088/2030
f 2282/2026/1969 2283/2027/1970 2346/2090/2032 2345/2089/2031
f 2283/2027/1970 2284/2028/1971 2347/2091/2033 2346/2090/2032
f 2284/2028/1971 2285/2029/1972 2348/2092/2034 2347/2091/2033
f 2285/2029/1972 2286/2030/1973 2349/2093/2035 2348/2092/2034
f 2286/2030/1973 2287/2031/1974 2350/2094/2036 2349/2093/2035
f 2287/2031/1974 2288/2032/1975 2351/2095/2037 2350/2094/2036
f 2288/2032/1975 2289/2033/1976 2352/2096/2038 2351/2095/2037
f 2289/2033/1976 2290/2034/1977 2353/2097/2039 2352/2096/2038
f 2290/2034/1977 2291/2035/1978 2354/2098/2040 2353/2097/2039
f 2291/2035/1978 2292/2036/1979 2355/2099/2041 2354/2098/2040
f 2292/2036/1979 2293/2037/61 2356/2100/61 2355/2099/2041
f 2293/2037/61 2294/2038/1980 2357/2101/2042 2356/2100/61
f 2294/2038/1980 2295/2039/1981 2358/2102/2043 2357/2101/2042
f 2295/2039/1981 2296/2040/1982 2359/2103/2044 2358/2102/2043
f 2296/2040/1982 2297/2041/1983 2360/2104/2045 2359/2103/2044
f 2297/2041/1983 2298/2042/1984 2361/2105/2046 2360/2104/2045
f 2298/2042/1984 2299/2043/1985 2362/2106/2047 2361/2105/2046
f 2299/2043/1985 2300/2044/1986 2363/2107/2048 2362/2106/2047
f 2300/2044/1986 2301/2045/1987 2364/2108/2049 2363/2107/2048
f 2301/2045/1987 2302/2046/1988 2365/2109/2050 2364/2108/2049
f 2302/2046/1988 2303/2047/1989 2366/2110/2051 2365/2109/2050
f 2303/2047/1989 2304/2048/1990 2367/2111/2052 2366/2110/2051
f 2304/2048/1990 2305/2049/1991 2368/2112/2053 2367/2111/2052
f 2305/2049/1991 2306/2050/1992 2369/2113/2054 2368/2112/2053
f 2306/2050/1992 2307/2051/1993 2370/2114/2055 2369/2113/2054
f 2307/2051/1993 2308/2052/1994 2371/2115/2056 2370/2114/2055
f 2308/2052/1994 2309/2053/1995 2372/2116/2057 2371/2115/2056
f 2309/2053/1995 2310/2054/1996 2373/2117/2058 2372/2116/2057
f 2310/2054/1996 2311/2055/1997 2374/2118/2059 2373/2117/2058
f 2311/2055/1997 2312/2056/1998 2375/2119/2060 2374/2118/2059
f 2312/2056/1998 2313/2057/1999 2376/2120/2061 2375/2119/2060
f 2313/2057/1999 2314/2058/2000 2377/2121/2062 2376/2120/2061
f 2314/2058/2000 2315/2059/2001 2378/2122/2063 2377/2121/2062
f 2315/2059/2001 2316/2060/2002 2379/2123/2064 2378/2122/2063
f 2316/2060/2002 2317/2061/2003 2380/2124/2065 2379/2123/2064
f 2317/2061/2003 2318/2062/2004 2381/2125/2066 2380/2124/2065
f 2318/2062/2004 2319/2063/2005 2382/2126/2067 2381/2125/2066
f 2319/2063/2005 2320/2064/2006 2383/2127/2068 2382/2126/2067
f 2320/2064/2006 2321/2065/2007 2384/2128/2069 2383/2127/2068
f 2321/2065/2007 2322/2066/2008 2385/2129/2070 2384/2128/2069
f 2322/2066/2008 2323/2067/2009 2386/2130/2071 2385/2129/2070
f 2323/2067/2009 2324/2068/2010 2387/2131/2072 2386/2130/2071
f 2324/2068/2010 2325/2069/2011 2388/2132/2073 2387/2131/2072
f 2325/2069/2011 2326/2070/2012 2389/2133/2074 2388/2132/2073
f 2326/2070/2012 2327/2071/2013 2390/2134/2075 2389/2133/2074
f 2327/2071/2013 2328/2072/2014 2391/2135/2076 2390/2134/2075
f 2328/2072/2014 2329/2073/2015 2392/2136/2077 2391/2135/2076
f 2329/2073/2015 2330/2074/2016 2393/2137/2078 2392/2136/2077
f 2330/2074/2016 2331/2075/2017 2394/2138/2079 2393/2137/2078
f 2331/2075/2017 2332/2076/2018 2395/2139/2080 2394/2138/2079
f 2332/2076/2018 2333/2077/2019 2396/2140/2081 2395/2139/2080
f 2333/2077/2019 2334/2078/2020 2397/2141/2082 2396/2140/2081
f 2334/2078/2020 2335/2079/2021 2398/2142/2083 2397/2141/2082
f 2336/2081/2023 2337/2080/2022 2400/2143/2084 2399/2144/2085
f 2337/2080/2022 2338/2082/2024 2401/2145/2086 2400/2143/2084
f 2338/2082/2024 2339/2083/2025 2402/2146/2087 2401/2145/2086
f 2339/2083/2025 2340/2084/2026 2403/2147/2088 2402/2146/2087
f 2340/2084/2026 2341/2085/2027 2404/2148/2089 2403/2147/2088
f 2341/2085/2027 2342/2086/2028 2405/2149/2090 2404/2148/2089
f 2342/2086/2028 2343/2087/2029 2406/2150/2091 2405/2149/2090
f 2343/2087/2029 2344/2088/2030 2407/2151/2092 2406/2150/2091
f 2344/2088/2030 2345/2089/2031 2408/2152/2093 2407/2151/2092
f 2345/2089/2031 2346/2090/2032 2409/2153/2094 2408/2152/2093
f 2346/2090/2032 2347/2091/2033 2410/2154/2095 2409/2153/2094
f 2347/2091/2033 2348/2092/2034 2411/2155/2096 2410/2154/2095
f 2348/2092/2034 2349/2093/2035 2412/2156/2097 2411/2155/2096
f 2349/2093/2035 2350/2094/2036 2413/2157/2098 2412/2156/2097
f 2350/2094/2036 2351/2095/2037 2414/2158/2099 2413/2157/2098
f 2351/2095/2037 2352/2096/2038 2415/2159/2100 2414/2158/2099
f 2352/2096/2038 2353/2097/2039 2416/2160/2101 2415/2159/2100
f 2353/2097/2039 2354/2098/2040 2417/2161/2102 2416/2160/2101
f 2354/2098/2040 2355/2099/2041 2418/2162/2103 2417/2161/2102
f 2355/2099/2041 2356/2100/61 2419/2163/2104 2418/2162/2103
f 2356/2100/61 2357/2101/2042 2420/2164/2105 2419/2163/2104
f 2357/2101/2042 2358/2102/2043 2421/2165/2106 2420/2164/2105
f 2358/2102/2043 2359/2103/2044 2422/2166/2107 2421/2165/2106
f 2359/2103/2044 2360/2104/2045 2423/2167/2108 2422/2166/2107
f 2360/2104/2045 2361/2105/2046 2424/2168/2109 2423/2167/2108
f 2361/2105/2046 2362/2106/2047 2425/2169/2110 2424/2168/2109
f 2362/2106/2047 2363/2107/2048 2426/2170/2111 2425/2169/2110
f 2363/2107/2048 2364/2108/2049 2427/2171/2112 2426/2170/2111
f 2364/2108/2049 2365/2109/2050 2428/2172/2113 2427/2171/2112
f 2365/2109/2050 2366/2110/2051 2429/2173/2114 2428/2172/2113
f 2366/2110/2051 2367/2111/2052 2430/2174/2115 2429/2173/2114
f 2367/2111/2052 2368/2112/2053 2431/2175/2116 2430/2174/2115
f 2368/2112/2053 2369/2113/2054 2432/2176/2117 2431/2175/2116
f 2369/2113/2054 2370/2114/2055 2433/2177/2118 2432/2176/2117
f 2370/2114/2055 2371/2115/2056 2434/2178/2119 2433/2177/2118
f 2371/2115/2056 2372/2116/2057 2435/2179/2120 2434/2178/2119
f 2372/2116/2057 2373/2117/2058 2436/2180/2121 2435/2179/2120
f 2373/2117/2058 2374/2118/2059 2437/2181/2122 2436/2180/2121
f 2374/2118/2059 2375/2119/2060 2438/2182/2123 2437/2181/2122
f 2375/2119/2060 2376/2120/2061 2439/2183/2124 2438/2182/2123
f 2376/2120/2061 2377/2121/2062 2440/2184/2125 2439/2183/2124
f 2377/2121/2062 2378/2122/2063 2441/2185/2126 2440/2184/2125
f 2378/2122/2063 2379/2123/2064 2442/2186/2127 2441/2185/2126
f 2379/2123/2064 2380/2124/2065 2443/2187/2128 2442/2186/2127
f 2380/2124/2065 2381/2125/2066 2444/2188/2129 2443/2187/2128
f 2381/2125/2066 2382/2126/2067 2445/2189/2130 2444/2188/2129
f 2382/2126/2067 2383/2127/2068 2446/2190/2131 2445/2189/2130
f 2383/2127/2068 2384/2128/2069 2447/2191/2132 2446/2190/2131
f 2384/2128/2069 2385/2129/2070 2448/2192/2133 2447/2191/2132
f 2385/2129/2070 2386/2130/2071 2449/2193/2134 2448/2192/2133
f 2386/2130/2071 2387/2131/2072 2450/2194/2135 2449/2193/2134
f 2387/2131/2072 2388/2132/2073 2451/2195/2136 2450/2194/2135
f 2388/2132/2073 2389/2133/2074 2452/2196/2137 2451/2195/2136
f 2389/2133/2074 2390/2134/2075 2453/2197/2138 2452/2196/2137
f 2390/2134/2075 2391/2135/2076 2454/2198/2139 2453/2197/2138
f 2391/2135/2076 2392/2136/2077 2455/2199/2140 2454/2198/2139
f 2392/2136/2077 2393/2137/2078 2456/2200/2141 2455/2199/2140
f 2393/2137/2078 2394/2138/2079 2457/2201/2142 2456/2200/2141
f 2394/2138/2079 2395/2139/2080 2458/2202/2143 2457/2201/2142
f 2395/2139/2080 2396/2140/2081 2459/2203/2144 2458/2202/2143
f 2396/2140/2081 2397/2141/2082 2460/2204/2145 2459/2203/2144
f 2397/2141/2082 2398/2142/2083 2461/2205/2146 2460/2204/2145
f 2399/2144/2085 2400/2143/2084 2463/2206/2147 2462/2207/2148
f 2400/2143/2084 2401/2145/2086 2464/2208/2149 2463/2206/2147
f 2401/2145/2086 2402/2146/2087 2465/2209/2150 2464/2208/2149
f 2402/2146/2087 2403/2147/2088 2466/2210/2151 2465/2209/2150
f 2403/2147/2088 2404/2148/2089 2467/2211/2152 2466/2210/2151
f 2404/2148/2089 2405/2149/2090 2468/2212/2153 2467/2211/2152
f 2405/2149/2090 2406/2150/2091 2469/2213/2154 2468/2212/2153
f 2406/2150/2091 2407/2151/2092 2470/2214/2155 2469/2213/2154
f 2407/2151/2092 2408/2152/2093 2471/2215/2156 2470/2214/2155
f 2408/2152/2093 2409/2153/2094 2472/2216/2157 2471/2215/2156
f 2409/2153/2094 2410/2154/2095 2473/2217/2158 2472/2216/2157
f 2410/2154/2095 2411/2155/2096 2474/2218/2159 2473/2217/2158
f 2411/2155/2096 2412/2156/2097 2475/2219/2160 2474/2218/2159
f 2412/2156/2097 2413/2157/2098 2476/2220/2161 2475/2219/2160
f 2413/2157/2098 2414/2158/2099 2477/2221/2162 2476/2220/2161
f 2414/2158/2099 2415/2159/2100 2478/2222/2163 2477/2221/2162
f 2415/2159/2100 2416/2160/2101 2479/2223/1013 2478/2222/2163
f 2416/2160/2101 2417/2161/2102 2480/2224/2164 2479/2223/1013
f 2417/2161/2102 2418/2162/2103 2481/2225/2165 2480/2224/2164
f 2418/2162/2103 2419/2163/2104 2482/2226/2166 2481/2225/2165
f 2419/2163/2104 2420/2164/2105 2483/2227/2167 2482/2226/2166
f 2420/2164/2105 2421/2165/2106 2484/2228/2168 2483/2227/2167
f 2421/2165/2106 2422/2166/2107 2485/2229/2169 2484/2228/2168
f 2422/2166/2107 2423/2167/2108 2486/2230/2170 2485/2229/2169
f 2423/2167/2108 2424/2168/2109 2487/2231/2171 2486/2230/2170
f 2424/2168/2109 2425/2169/2110 2488/2232/2172 2487/2231/2171
f 2425/2169/2110 2426/2170/2111 2489/2233/2173 2488/2232/2172
f 2426/2170/2111 2427/2171/2112 2490/2234/2174 2489/2233/2173
f 2427/2171/2112 2428/2172/2113 2491/2235/2175 2490/2234/2174
f 2428/2172/2113 2429/2173/2114 2492/2236/2176 2491/2235/2175
f 2429/2173/2114 2430/2174/2115 2493/2237/2177 2492/2236/2176
f 2430/2174/2115 2431/2175/2116 2494/2238/2178 2493/2237/2177
f 2431/2175/2116 2432/2176/2117 2495/2239/2179 2494/2238/2178
f 2432/2176/2117 2433/2177/2118 2496/2240/2180 2495/2239/2179
f 2433/2177/2118 2434/2178/2119 2497/2241/2181 2496/2240/2180
f 2434/2178/2119 2435/2179/2120 2498/2242/2182 2497/2241/2181
f 2435/2179/2120 2436/2180/2121 2499/2243/2183 2498/2242/2182
f 2436/2180/2121 2437/2181/2122 2500/2244/2184 2499/2243/2183
f 2437/2181/2122 2438/2182/2123 2501/2245/2185 2500/2244/2184
f 2438/2182/2123 2439/2183/2124 2502/2246/2186 2501/2245/2185
f 2439/2183/2124 2440/2184/2125 2503/2247/2187 2502/2246/2186
f 2440/2184/2125 2441/2185/2126 2504/2248/2188 2503/2247/2187
f 2441/2185/2126 2442/2186/2127 2505/2249/2189 2504/2248/2188
f 2442/2186/2127 2443/2187/2128 2506/2250/2190 2505/2249/2189
f 2443/2187/2128 2444/2188/2129 2507/2251/2191 2506/2250/2190
f 2444/2188/2129 2445/2189/2130 2508/2252/2192 2507/2251/2191
f 2445/2189/2130 2446/2190/2131 2509/2253/2193 2508/2252/2192
f 2446/2190/2131 2447/2191/2132 2510/2254/2194 2509/2253/2193
f 2447/2191/2132 2448/2192/2133 2511/2255/2195 2510/2254/2194
f 2448/2192/2133 2449/2193/2134 2512/2256/2196 2511/2255/2195
f 2449/2193/2134 2450/2194/2135 2513/2257/2197 2512/2256/2196
f 2450/2194/2135 2451/2195/2136 2514/2258/2198 2513/2257/2197
f 2451/2195/2136 2452/2196/2137 2515/2259/2199 2514/2258/2198
f 2452/2196/2137 2453/2197/2138 2516/2260/2200 2515/2259/2199
f 2453/2197/2138 2454/2198/2139 2517/2261/2201 2516/2260/2200
f 2454/2198/2139 2455/2199/2140 2518/2262/2202 2517/2261/2201
f 2455/2199/2140 2456/2200/2141 2519/2263/2203 2518/2262/2202
f 2456/2200/2141 2457/2201/2142 2520/2264/2204 2519/2263/2203
f 2457/2201/2142 2458/2202/2143 2521/2265/2205 2520/2264/2204
f 2458/2202/2143 2459/2203/2144 2522/2266/2206 2521/2265/2205
f 2459/2203/2144 2460/2204/2145 2523/2267/2207 2522/2266/2206
f 2460/2204/2145 2461/2205/2146 2524/2268/2208 2523/2267/2207
f 2462/2207/2148 2463/2206/2147 2526/2269/2209 2525/2270/2210
f 2463/2206/2147 2464/2208/2149 2527/2271/2211 2526/2269/2209
f 2464/2208/2149 2465/2209/2150 2528/2272/2212 2527/2271/2211
f 2465/2209/2150 2466/2210/2151 2529/2273/2213 2528/2272/2212
f 2466/2210/2151 2467/2211/2152 2530/2274/2214 2529/2273/2213
f 2467/2211/2152 2468/2212/2153 2531/2275/99 2530/2274/2214
f 2468/2212/2153 2469/2213/2154 2532/2276/2215 2531/2275/99
f 2469/2213/2154 2470/2214/2155 2533/2277/2216 2532/2276/2215
f 2470/2214/2155 2471/2215/2156 2534/2278/2217 2533/2277/2216
f 2471/2215/2156 2472/2216/2157 2535/2279/2218 2534/2278/2217
f 2472/2216/2157 2473/2217/2158 2536/2280/2219 2535/2279/2218
f 2473/2217/2158 2474/2218/2159 2537/2281/2220 2536/2280/2219
f 2474/2218/2159 2475/2219/2160 2538/2282/2221 2537/2281/2220
f 2475/2219/2160 2476/2220/2161 2539/2283/2222 2538/2282/2221
f 2476/2220/2161 2477/2221/2162 2540/2284/2223 2539/2283/2222
f 2477/2221/2162 2478/2222/2163 2541/2285/2224 2540/2284/2223
f 2478/2222/2163 2479/2223/1013 2542/2286/2225 2541/2285/2224
f 2479/2223/1013 2480/2224/2164 2543/2287/2226 2542/2286/2225
f 2480/2224/2164 2481/2225/2165 2544/2288/2227 2543/2287/2226
f 2481/2225/2165 2482/2226/2166 2545/2289/2228 2544/2288/2227
f 2482/2226/2166 2483/2227/2167 2546/2290/2229 2545/2289/2228
f 2483/2227/2167 2484/2228/2168 2547/2291/2230 2546/2290/2229
f 2484/2228/2168 2485/2229/2169 2548/2292/2231 2547/2291/2230
f 2485/2229/2169 2486/2230/2170 2549/2293/2232 2548/2292/2231
f 2486/2230/2170 2487/2231/2171 2550/2294/2233 2549/2293/2232
f 2487/2231/2171 2488/2232/2172 2551/2295/2234 2550/2294/2233
f 2488/2232/2172 2489/2233/2173 2552/2296/2235 2551/2295/2234
f 2489/2233/2173 2490/2234/2174 2553/2297/2236 2552/2296/2235
f 2490/2234/2174 2491/2235/2175 2554/2298/2237 2553/2297/2236
f 2491/2235/2175 2492/2236/2176 2555/2299/2238 2554/2298/2237
f 2492/2236/2176 2493/2237/2177 2556/2300/2239 2555/2299/2238
f 2493/2237/2177 2494/2238/2178 2557/2301/2240 2556/2300/2239
f 2494/2238/2178 2495/2239/2179 2558/2302/2241 2557/2301/2240
f 2495/2239/2179 2496/2240/2180 2559/2303/2242 2558/2302/2241
f 2496/2240/2180 2497/2241/2181 2560/2304/2243 2559/2303/2242
f 2497/2241/2181 2498/2242/2182 2561/2305/2244 2560/2304/2243
f 2498/2242/2182 2499/2243/2183 2562/2306/2245 2561/2305/2244
f 2499/2243/2183 2500/2244/2184 2563/2307/2246 2562/2306/2245
f 2500/2244/2184 2501/2245/2185 2564/2308/2247 2563/2307/2246
f 2501/2245/2185 2502/2246/2186 2565/2309/2248 2564/2308/2247
f 2502/2246/2186 2503/2247/2187 2566/2310/2249 2565/2309/2248
f 2503/2247/2187 2504/2248/2188 2567/2311/2250 2566/2310/2249
f 2504/2248/2188 2505/2249/2189 2568/2312/2251 2567/2311/2250
f 2505/2249/2189 2506/2250/2190 2569/2313/2252 2568/2312/2251
f 2506/2250/2190 2507/2251/2191 2570/2314/2253 2569/2313/2252
f 2507/2251/2191 2508/2252/2192 2571/2315/2254 2570/2314/2253
f 2508/2252/2192 2509/2253/2193 2572/2316/2255 2571/2315/2254
f 2509/2253/2193 2510/2254/2194 2573/2317/2256 2572/2316/2255
f 2510/2254/2194 2511/2255/2195 2574/2318/2257 2573/2317/2256
f 2511/2255/2195 2512/2256/2196 2575/2319/2258 2574/2318/2257
f 2512/2256/2196 2513/2257/2197 2576/2320/2259 2575/2319/2258
f 2513/2257/2197 2514/2258/2198 2577/2321/2260 2576/2320/2259
f 2514/2258/2198 2515/2259/2199 2578/2322/2261 2577/2321/2260
f 2515/2259/2199 2516/2260/2200 2579/2323/2262 2578/2322/2261
f 2516/2260/2200 2517/2261/2201 2580/2324/2263 2579/2323/2262
f 2517/2261/2201 2518/2262/2202 2581/2325/2264 2580/2324/2263
f 2518/2262/2202 2519/2263/2203 2582/2326/2265 2581/2325/2264
f 2519/2263/2203 2520/2264/2204 2583/2327/2266 2582/2326/2265
f 2520/2264/2204 2521/2265/2205 2584/2328/2267 2583/2327/2266
f 2521/2265/2205 2522/2266/2206 2585/2329/2268 2584/2328/2267
f 2522/2266/2206 2523/2267/2207 2586/2330/2269 2585/2329/2268
f 2523/2267/2207 2524/2268/2208 2587/2331/2270 2586/2330/2269
f 2525/2270/2210 2526/2269/2209 2589/2332/2271 2588/2333/2272
f 2526/2269/2209 2527/2271/2211 2590/2334/2273 2589/2332/2271
f 2527/2271/2211 2528/2272/2212 2591/2335/2274 2590/2334/2273
f 2528/2272/2212 2529/2273/2213 2592/2336/2275 2591/2335/2274
f 2529/2273/2213 2530/2274/2214 2593/2337/2276 2592/2336/2275
f 2530/2274/2214 2531/2275/99 2594/2338/2277 2593/2337/2276
f 2531/2275/99 2532/2276/2215 2595/2339/2278 2594/2338/2277
f 2532/2276/2215 2533/2277/2216 2596/2340/2279 2595/2339/2278
f 2533/2277/2216 2534/2278/2217 2597/2341/2280 2596/2340/2279
f 2534/2278/2217 2535/2279/2218 2598/2342/2281 2597/2341/2280
f 2535/2279/2218 2536/2280/2219 2599/2343/2282 2598/2342/2281
f 2536/2280/2219 2537/2281/2220 2600/2344/2283 2599/2343/2282
f 2537/2281/2220 2538/2282/2221 2601/2345/2284 2600/2344/2283
f 2538/2282/2221 2539/2283/2222 2602/2346/2285 2601/2345/2284
f 2539/2283/2222 2540/2284/2223 2603/2347/2286 2602/2346/2285
f 2540/2284/2223 2541/2285/2224 2604/2348/2287 2603/2347/2286
f 2541/2285/2224 2542/2286/2225 2605/2349/2288 2604/2348/2287
f 2542/2286/2225 2543/2287/2226 2606/2350/2289 2605/2349/2288
f 2543/2287/2226 2544/2288/2227 2607/2351/2290 2606/2350/2289
f 2544/2288/2227 2545/2289/2228 2608/2352/2291 2607/2351/2290
f 2545/2289/2228 2546/2290/2229 2609/2353/2292 2608/2352/2291
f 2546/2290/2229 2547/2291/2230 2610/2354/2293 2609/2353/2292
f 2547/2291/2230 2548/2292/2231 2611/2355/2294 2610/2354/2293
f 2548/2292/2231 2549/2293/2232 2612/2356/2295 2611/2355/2294
f 2549/2293/2232 2550/2294/2233 2613/2357/2296 2612/2356/2295
f 2550/2294/2233 2551/2295/2234 2614/2358/2297 2613/2357/2296
f 2551/2295/2234 2552/2296/2235 2615/2359/2298 2614/2358/2297
f 2552/2296/2235 2553/2297/2236 2616/2360/2299 2615/2359/2298
f 2553/2297/2236 2554/2298/2237 2617/2361/2300 2616/2360/2299
f 2554/2298/2237 2555/2299/2238 2618/2362/2301 2617/2361/2300
f 2555/2299/2238 2556/2300/2239 2619/2363/2302 2618/2362/2301
f 2556/2300/2239 2557/2301/2240 2620/2364/2303 2619/2363/2302
f 2557/2301/2240 2558/2302/2241 2621/2365/2304 2620/2364/2303
f 2558/2302/2241 2559/2303/2242 2622/2366/2305 2621/2365/2304
f 2559/2303/2242 2560/2304/2243 2623/2367/2306 2622/2366/2305
f 2560/2304/2243 2561/2305/2244 2624/2368/2307 2623/2367/2306
f 2561/2305/2244 2562/2306/2245 2625/2369/2308 2624/2368/2307
f 2562/2306/2245 2563/2307/2246 2626/2370/2309 2625/2369/2308
f 2563/2307/2246 2564/2308/2247 2627/2371/2310 2626/2370/2309
f 2564/2308/2247 2565/2309/2248 2628/2372/112 2627/2371/2310
f 2565/2309/2248 2566/2310/2249 2629/2373/2311 2628/2372/112
f 2566/2310/2249 2567/2311/2250 2630/2374/2312 2629/2373/2311
f 2567/2311/2250 2568/2312/2251 2631/2375/2313 2630/2374/2312
f 2568/2312/2251 2569/2313/2252 2632/2376/2314 2631/2375/2313
f 2569/2313/2252 2570/2314/2253 2633/2377/2315 2632/2376/2314
f 2570/2314/2253 2571/2315/2254 2634/2378/2316 2633/2377/2315
f 2571/2315/2254 2572/2316/2255 2635/2379/2317 2634/2378/2316
f 2572/2316/2255 2573/2317/2256 2636/2380/2318 2635/2379/2317
f 2573/2317/2256 2574/2318/2257 2637/2381/2319 2636/2380/2318
f 2574/2318/2257 2575/2319/2258 2638/2382/2320 2637/2381/2319
f 2575/2319/2258 2576/2320/2259 2639/2383/2321 2638/2382/2320
f 2576/2320/2259 2577/2321/2260 2640/2384/2322 2639/2383/2321
f 2577/2321/2260 2578/2322/2261 2641/2385/2323 2640/2384/2322
f 2578/2322/2261 2579/2323/2262 2642/2386/2324 2641/2385/2323
f 2579/2323/2262 2580/2324/2263 2643/2387/2325 2642/2386/2324
f 2580/2324/2263 2581/2325/2264 2644/2388/2326 2643/2387/2325
f 2581/2325/2264 2582/2326/2265 2645/2389/2327 2644/2388/2326
f 2582/2326/2265 2583/2327/2266 2646/2390/2328 2645/2389/2327
f 2583/2327/2266 2584/2328/2267 2647/2391/2329 2646/2390/2328
f 2584/2328/2267 2585/2329/2268 2648/2392/2330 2647/2391/2329
f 2585/2329/2268 2586/2330/2269 2649/2393/2331 2648/2392/2330
f 2586/2330/2269 2587/2331/2270 2650/2394/2332 2649/2393/2331
f 2588/2333/2272 2589/2332/2271 2652/2395/2333 2651/2396/2334
f 2589/2332/2271 2590/2334/2273 2653/2397/2335 2652/2395/2333
f 2590/2334/2273 2591/2335/2274 2654/2398/2336 2653/2397/2335
f 2591/2335/2274 2592/2336/2275 2655/2399/2337 2654/2398/2336
f 2592/2336/2275 2593/2337/2276 2656/2400/2338 2655/2399/2337
f 2593/2337/2276 2594/2338/2277 2657/2401/2339 2656/2400/2338
f 2594/2338/2277 2595/2339/2278 2658/2402/2340 2657/2401/2339
f 2595/2339/2278 2596/2340/2279 2659/2403/2341 2658/2402/2340
f 2596/2340/2279 2597/2341/2280 2660/2404/2342 2659/2403/2341
f 2597/2341/2280 2598/2342/2281 2661/2405/2343 2660/2404/2342
f 2598/2342/2281 2599/2343/2282 2662/2406/2344 2661/2405/2343
f 2599/2343/2282 2600/2344/2283 2663/2407/2345 2662/2406/2344
f 2600/2344/2283 2601/2345/2284 2664/2408/2346 2663/2407/2345
f 2601/2345/2284 2602/2346/2285 2665/2409/2347 2664/2408/2346
f 2602/2346/2285 2603/2347/2286 2666/2410/2348 2665/2409/2347
f 2603/2347/2286 2604/2348/2287 2667/2411/2349 2666/2410/2348
f 2604/2348/2287 2605/2349/2288 2668/2412/2350 2667/2411/2349
f 2605/2349/2288 2606/2350/2289 2669/2413/2351 2668/2412/2350
f 2606/2350/2289 2607/2351/2290 2670/2414/2352 2669/2413/2351
f 2607/2351/2290 2608/2352/2291 2671/2415/2353 2670/2414/2352
f 2608/2352/2291 2609/2353/2292 2672/2416/2354 2671/2415/2353
f 2609/2353/2292 2610/2354/2293 2673/2417/2355 2672/2416/2354
f 2610/2354/2293 2611/2355/2294 2674/2418/2356 2673/2417/2355
f 2611/2355/2294 2612/2356/2295 2675/2419/2357 2674/2418/2356
f 2612/2356/2295 2613/2357/2296 2676/2420/2358 2675/2419/2357
f 2613/2357/2296 2614/2358/2297 2677/2421/2359 2676/2420/2358
f 2614/2358/2297 2615/2359/2298 2678/2422/2360 2677/2421/2359
f 2615/2359/2298 2616/2360/2299 2679/2423/2361 2678/2422/2360
f 2616/2360/2299 2617/2361/2300 2680/2424/2362 2679/2423/2361
f 2617/2361/2300 2618/2362/2301 2681/2425/2363 2680/2424/2362
f 2618/2362/2301 2619/2363/2302 2682/2426/2364 2681/2425/2363
f 2619/2363/2302 2620/2364/2303 2683/2427/2365 2682/2426/2364
f 2620/2364/2303 2621/2365/2304 2684/2428/2366 2683/2427/2365
f 2621/2365/2304 2622/2366/2305 2685/2429/2367 2684/2428/2366
f 2622/2366/2305 2623/2367/2306 2686/2430/2368 2685/2429/2367
f 2623/2367/2306 2624/2368/2307 2687/2431/2369 2686/2430/2368
f 2624/2368/2307 2625/2369/2308 2688/2432/2370 2687/2431/2369
f 2625/2369/2308 2626/2370/2309 2689/2433/2371 2688/2432/2370
f 2626/2370/2309 2627/2371/2310 2690/2434/2372 2689/2433/2371
f 2627/2371/2310 2628/2372/112 2691/2435/2373 2690/2434/2372
f 2628/2372/112 2629/2373/2311 2692/2436/2374 2691/2435/2373
f 2629/2373/2311 2630/2374/2312 2693/2437/2375 2692/2436/2374
f 2630/2374/2312 2631/2375/2313 2694/2438/2376 2693/2437/2375
f 2631/2375/2313 2632/2376/2314 2695/2439/2377 2694/2438/2376
f 2632/2376/2314 2633/2377/2315 2696/2440/2378 2695/2439/2377
f 2633/2377/2315 2634/2378/2316 2697/2441/2379 2696/2440/2378
f 2634/2378/2316 2635/2379/2317 2698/2442/2380 2697/2441/2379
f 2635/2379/2317 2636/2380/2318 2699/2443/2381 2698/2442/2380
f 2636/2380/2318 2637/2381/2319 2700/2444/2382 2699/2443/2381
f 2637/2381/2319 2638/2382/2320 2701/2445/2383 2700/2444/2382
f 2638/2382/2320 2639/2383/2321 2702/2446/2384 2701/2445/2383
f 2639/2383/2321 2640/2384/2322 2703/2447/2385 2702/2446/2384
f 2640/2384/2322 2641/2385/2323 2704/2448/2386 2703/2447/2385
f 2641/2385/2323 2642/2386/2324 2705/2449/2387 2704/2448/2386
f 2642/2386/2324 2643/2387/2325 2706/2450/2388 2705/2449/2387
f 2643/2387/2325 2644/2388/2326 2707/2451/2389 2706/2450/2388
f 2644/2388/2326 2645/2389/2327 2708/2452/2390 2707/2451/2389
f 2645/2389/2327 2646/2390/2328 2709/2453/2391 2708/2452/2390
f 2646/2390/2328 2647/2391/2329 2710/2454/2392 2709/2453/2391
f 2647/2391/2329 2648/2392/2330 2711/2455/2393 2710/2454/2392
f 2648/2392/2330 2649/2393/2331 2712/2456/2394 2711/2455/2393
f 2649/2393/2331 2650/2394/2332 2713/2457/2395 2712/2456/2394
f 2651/2396/2334 2652/2395/2333 2715/2458/2396 2714/2459/2397
f 2652/2395/2333 2653/2397/2335 2716/2460/2398 2715/2458/2396
f 2653/2397/2335 2654/2398/2336 2717/2461/2399 2716/2460/2398
f 2654/2398/2336 2655/2399/2337 2718/2462/1832 2717/2461/2399
f 2655/2399/2337 2656/2400/2338 2719/2463/2400 2718/2462/1832
f 2656/2400/2338 2657/2401/2339 2720/2464/2401 2719/2463/2400
f 2657/2401/2339 2658/2402/2340 2721/2465/2402 2720/2464/2401
f 2658/2402/2340 2659/2403/2341 2722/2466/2403 2721/2465/2402
f 2659/2403/2341 2660/2404/2342 2723/2467/2404 2722/2466/2403
f 2660/2404/2342 2661/2405/2343 2724/2468/2405 2723/2467/2404
f 2661/2405/2343 2662/2406/2344 2725/2469/2406 2724/2468/2405
f 2662/2406/2344 2663/2407/2345 2726/2470/2407 2725/2469/2406
f 2663/2407/2345 2664/2408/2346 2727/2471/2408 2726/2470/2407
f 2664/2408/2346 2665/2409/2347 2728/2472/2409 2727/2471/2408
f 2665/2409/2347 2666/2410/2348 2729/2473/2410 2728/2472/2409
f 2666/2410/2348 2667/2411/2349 2730/2474/2411 2729/2473/2410
f 2667/2411/2349 2668/2412/2350 2731/2475/2412 2730/2474/2411
f 2668/2412/2350 2669/2413/2351 2732/2476/2413 2731/2475/2412
f 2669/2413/2351 2670/2414/2352 2733/2477/2414 2732/2476/2413
f 2670/2414/2352 2671/2415/2353 2734/2478/2415 2733/2477/2414
f 2671/2415/2353 2672/2416/2354 2735/2479/2416 2734/2478/2415
f 2672/2416/2354 2673/2417/2355 2736/2480/2417 2735/2479/2416
f 2673/2417/2355 2674/2418/2356 2737/2481/2418 2736/2480/2417
f 2674/2418/2356 2675/2419/2357 2738/2482/2419 2737/2481/2418
f 2675/2419/2357 2676/2420/2358 2739/2483/2420 2738/2482/2419
f 2676/2420/2358 2677/2421/2359 2740/2484/2421 2739/2483/2420
f 2677/2421/2359 2678/2422/2360 2741/2485/2422 2740/2484/2421
f 2678/2422/2360 2679/2423/2361 2742/2486/2423 2741/2485/2422
f 2679/2423/2361 2680/2424/2362 2743/2487/2424 2742/2486/2423
f 2680/2424/2362 2681/2425/2363 2744/2488/2425 2743/2487/2424
f 2681/2425/2363 2682/2426/2364 2745/2489/2426 2744/2488/2425
f 2682/2426/2364 2683/2427/2365 2746/2490/2427 2745/2489/2426
f 2683/2427/2365 2684/2428/2366 2747/2491/2428 2746/2490/2427
f 2684/2428/2366 2685/2429/2367 2748/2492/2429 2747/2491/2428
f 2685/2429/2367 2686/2430/2368 2749/2493/2430 2748/2492/2429
f 2686/2430/2368 2687/2431/2369 2750/2494/2431 2749/2493/2430
f 2687/2431/2369 2688/2432/2370 2751/2495/2432 2750/2494/2431
f 2688/2432/2370 2689/2433/2371 2752/2496/2433 2751/2495/2432
f 2689/2433/2371 2690/2434/2372 2753/2497/2434 2752/2496/2433
f 2690/2434/2372 2691/2435/2373 2754/2498/2435 2753/2497/2434
f 2691/2435/2373 2692/2436/2374 2755/2499/2436 2754/2498/2435
f 2692/2436/2374 2693/2437/2375 2756/2500/2437 2755/2499/2436
f 2693/2437/2375 2694/2438/2376 2757/2501/2438 2756/2500/2437
f 2694/2438/2376 2695/2439/2377 2758/2502/2439 2757/2501/2438
f 2695/2439/2377 2696/2440/2378 2759/2503/2440 2758/2502/2439
f 2696/2440/2378 2697/2441/2379 2760/2504/2441 2759/2503/2440
f 2697/2441/2379 2698/2442/2380 2761/2505/2442 2760/2504/2441
f 2698/2442/2380 2699/2443/2381 2762/2506/2443 2761/2505/2442
f 2699/2443/2381 2700/2444/2382 2763/2507/2444 2762/2506/2443
f 2700/2444/2382 2701/2445/2383 2764/2508/2445 2763/2507/2444
f 2701/2445/2383 2702/2446/2384 2765/2509/2446 2764/2508/2445
f 2702/2446/2384 2703/2447/2385 2766/2510/2447 2765/2509/2446
f 2703/2447/2385 2704/2448/2386 2767/2511/2448 2766/2510/2447
f 2704/2448/2386 2705/2449/2387 2768/2512/2449 2767/2511/2448
f 2705/2449/2387 2706/2450/2388 2769/2513/2450 2768/2512/2449
f 2706/2450/2388 2707/2451/2389 2770/2514/2451 2769/2513/2450
f 2707/2451/2389 2708/2452/2390 2771/2515/2452 2770/2514/2451
f 2708/2452/2390 2709/2453/2391 2772/2516/2453 2771/2515/2452
f 2709/2453/2391 2710/2454/2392 2773/2517/2454 2772/2516/2453
f 2710/2454/2392 2711/2455/2393 2774/2518/2455 2773/2517/2454
f 2711/2455/2393 2712/2456/2394 2775/2519/2456 2774/2518/2455
f 2712/2456/2394 2713/2457/2395 2776/2520/2457 2775/2519/2456
f 2714/2459/2397 2715/2458/2396 2778/2521/2458 2777/2522/2459
f 2715/2458/2396 2716/2460/2398 2779/2523/2460 2778/2521/2458
f 2716/2460/2398 2717/2461/2399 2780/2524/2461 2779/2523/2460
f 2717/2461/2399 2718/2462/1832 2781/2525/2462 2780/2524/2461
f 2718/2462/1832 2719/2463/2400 2782/2526/2463 2781/2525/2462
f 2719/2463/2400 2720/2464/2401 2783/2527/2464 2782/2526/2463
f 2720/2464/2401 2721/2465/2402 2784/2528/2465 2783/2527/2464
f 2721/2465/2402 2722/2466/2403 2785/2529/2466 2784/2528/2465
f 2722/2466/2403 2723/2467/2404 2786/2530/2467 2785/2529/2466
f 2723/2467/2404 2724/2468/2405 2787/2531/2468 2786/2530/2467
f 2724/2468/2405 2725/2469/2406 2788/2532/2469 2787/2531/2468
f 2725/2469/2406 2726/2470/2407 2789/2533/2470 2788/2532/2469
f 2726/2470/2407 2727/2471/2408 2790/2534/2471 2789/2533/2470
f 2727/2471/2408 2728/2472/2409 2791/2535/2472 2790/2534/2471
f 2728/2472/2409 2729/2473/2410 2792/2536/2473 2791/2535/2472
f 2729/2473/2410 2730/2474/2411 2793/2537/2474 2792/2536/2473
f 2730/2474/2411 2731/2475/2412 2794/2538/2475 2793/2537/2474
f 2731/2475/2412 2732/2476/2413 2795/2539/2476 2794/2538/2475
f 2732/2476/2413 2733/2477/2414 2796/2540/2477 2795/2539/2476
f 2733/2477/2414 2734/2478/2415 2797/2541/2478 2796/2540/2477
f 2734/2478/2415 2735/2479/2416 2798/2542/2479 2797/2541/2478
f 2735/2479/2416 2736/2480/2417 2799/2543/2480 2798/2542/2479
f 2736/2480/2417 2737/2481/2418 2800/2544/2481 2799/2543/2480
f 2737/2481/2418 2738/2482/2419 2801/2545/2482 2800/2544/2481
f 2738/2482/2419 2739/2483/2420 2802/2546/2483 2801/2545/2482
f 2739/2483/2420 2740/2484/2421 2803/2547/2484 2802/2546/2483
f 2740/2484/2421 2741/2485/2422 2804/2548/2485 2803/2547/2484
f 2741/2485/2422 2742/2486/2423 2805/2549/2486 2804/2548/2485
f 2742/2486/2423 2743/2487/2424 2806/2550/2487 2805/2549/2486
f 2743/2487/2424 2744/2488/2425 2807/2551/2488 2806/2550/2487
f 2744/2488/2425 2745/2489/2426 2808/2552/2489 2807/2551/2488
f 2745/2489/2426 2746/2490/2427 2809/2553/2490 2808/2552/2489
f 2746/2490/2427 2747/2491/2428 2810/2554/2491 2809/2553/2490
f 2747/2491/2428 2748/2492/2429 2811/2555/2492 2810/2554/2491
f 2748/2492/2429 2749/2493/2430 2812/2556/2493 2811/2555/2492
f 2749/2493/2430 2750/2494/2431 2813/2557/2494 2812/2556/2493
f 2750/2494/2431 2751/2495/2432 2814/2558/2495 2813/2557/2494
f 2751/2495/2432 2752/2496/2433 2815/2559/2496 2814/2558/2495
f 2752/2496/2433 2753/2497/2434 2816/2560/2497 2815/2559/2496
f 2753/2497/2434 2754/2498/2435 2817/2561/2498 2816/2560/2497
f 2754/2498/2435 2755/2499/2436 2818/2562/2499 2817/2561/2498
f 2755/2499/2436 2756/2500/2437 2819/2563/2500 2818/2562/2499
f 2756/2500/2437 2757/2501/2438 2820/2564/2501 2819/2563/2500
f 2757/2501/2438 2758/2502/2439 2821/2565/2502 2820/2564/2501
f 2758/2502/2439 2759/2503/2440 2822/2566/2503 2821/2565/2502
f 2759/2503/2440 2760/2504/2441 2823/2567/2504 2822/2566/2503
f 2760/2504/2441 2761/2505/2442 2824/2568/2505 2823/2567/2504
f 2761/2505/2442 2762/2506/2443 2825/2569/2506 2824/2568/2505
f 2762/2506/2443 2763/2507/2444 2826/2570/2507 2825/2569/2506
f 2763/2507/2444 2764/2508/2445 2827/2571/2508 2826/2570/2507
f 2764/2508/2445 2765/2509/2446 2828/2572/2509 2827/2571/2508
f 2765/2509/2446 2766/2510/2447 2829/2573/2510 2828/2572/2509
f 2766/2510/2447 2767/2511/2448 2830/2574/2511 2829/2573/2510
f 2767/2511/2448 2768/2512/2449 2831/2575/2512 2830/2574/2511
f 2768/2512/2449 2769/2513/2450 2832/2576/2513 2831/2575/2512
f 2769/2513/2450 2770/2514/2451 2833/2577/2514 2832/2576/2513
f 2770/2514/2451 2771/2515/2452 2834/2578/2515 2833/2577/2514
f 2771/2515/2452 2772/2516/2453 2835/2579/2516 2834/2578/2515
f 2772/2516/2453 2773/2517/2454 2836/2580/2517 2835/2579/2516
f 2773/2517/2454 2774/2518/2455 2837/2581/2518 2836/2580/2517
f 2774/2518/2455 2775/2519/2456 2838/2582/2519 2837/2581/2518
f 2775/2519/2456 2776/2520/2457 2839/2583/2520 2838/2582/2519
f 2777/2522/2459 2778/2521/2458 2841/2584/2521 2840/2585/2522
f 2778/2521/2458 2779/2523/2460 2842/2586/2523 2841/2584/2521
f 2779/2523/2460 2780/2524/2461 2843/2587/2524 2842/2586/2523
f 2780/2524/2461 2781/2525/2462 2844/2588/2525 2843/2587/2524
f 2781/2525/2462 2782/2526/2463 2845/2589/2526 2844/2588/2525
f 2782/2526/2463 2783/2527/2464 2846/2590/2527 2845/2589/2526
f 2783/2527/2464 2784/2528/2465 2847/2591/2528 2846/2590/2527
f 2784/2528/2465 2785/2529/2466 2848/2592/2529 2847/2591/2528
f 2785/2529/2466 2786/2530/2467 2849/2593/2530 2848/2592/2529
f 2786/2530/2467 2787/2531/2468 2850/2594/2531 2849/2593/2530
f 2787/2531/2468 2788/2532/2469 2851/2595/2532 2850/2594/2531
f 2788/2532/2469 2789/2533/2470 2852/2596/2533 2851/2595/2532
f 2789/2533/2470 2790/2534/2471 2853/2597/2534 2852/2596/2533
f 2790/2534/2471 2791/2535/2472 2854/2598/2535 2853/2597/2534
f 2791/2535/2472 2792/2536/2473 2855/2599/2536 2854/2598/2535
f 2792/2536/2473 2793/2537/2474 2856/2600/2537 2855/2599/2536
f 2793/2537/2474 2794/2538/2475 2857/2601/2538 2856/2600/2537
f 2794/2538/2475 2795/2539/2476 2858/2602/2539 2857/2601/2538
f 2795/2539/2476 2796/2540/2477 2859/2603/2540 2858/2602/2539
f 2796/2540/2477 2797/2541/2478 2860/2604/2541 2859/2603/2540
f 2797/2541/2478 2798/2542/2479 2861/2605/2542 2860/2604/2541
f 2798/2542/2479 2799/2543/2480 2862/2606/2543 2861/2605/2542
f 2799/2543/2480 2800/2544/2481 2863/2607/2544 2862/2606/2543
f 2800/2544/2481 2801/2545/2482 2864/2608/2545 2863/2607/2544
f 2801/2545/2482 2802/2546/2483 2865/2609/2546 2864/2608/2545
f 2802/2546/2483 2803/2547/2484 2866/2610/2547 2865/2609/2546
f 2803/2547/2484 2804/2548/2485 2867/2611/2548 2866/2610/2547
f 2804/2548/2485 2805/2549/2486 2868/2612/2549 2867/2611/2548
f 2805/2549/2486 2806/2550/2487 2869/2613/2550 2868/2612/2549
f 2806/2550/2487 2807/2551/2488 2870/2614/2551 2869/2613/2550
f 2807/2551/2488 2808/2552/2489 2871/2615/2552 2870/2614/2551
f 2808/2552/2489 2809/2553/2490 2872/2616/2553 2871/2615/2552
f 2809/2553/2490 2810/2554/2491 2873/2617/2554 2872/2616/2553
f 2810/2554/2491 2811/2555/2492 2874/2618/2555 2873/2617/2554
f 2811/2555/2492 2812/2556/2493 2875/2619/2556 2874/2618/2555
f 2812/2556/2493 2813/2557/2494 2876/2620/2557 2875/2619/2556
f 2813/2557/2494 2814/2558/2495 2877/2621/2558 2876/2620/2557
f 2814/2558/2495 2815/2559/2496 2878/2622/2559 2877/2621/2558
f 2815/2559/2496 2816/2560/2497 2879/2623/2560 2878/2622/2559
f 2816/2560/2497 2817/2561/2498 2880/2624/2561 2879/2623/2560
f 2817/2561/2498 2818/2562/2499 2881/2625/2562 2880/2624/2561
f 2818/2562/2499 2819/2563/2500 2882/2626/2563 2881/2625/2562
f 2819/2563/2500 2820/2564/2501 2883/2627/2564 2882/2626/2563
f 2820/2564/2501 2821/2565/2502 2884/2628/2565 2883/2627/2564
f 2821/2565/2502 2822/2566/2503 2885/2629/2566 2884/2628/2565
f 2822/2566/2503 2823/2567/2504 2886/2630/2567 2885/2629/2566
f 2823/2567/2504 2824/2568/2505 2887/2631/2568 2886/2630/2567
f 2824/2568/2505 2825/2569/2506 2888/2632/2569 2887/2631/2568
f 2825/2569/2506 2826/2570/2507 2889/2633/2570 2888/2632/2569
f 2826/2570/2507 2827/2571/2508 2890/2634/2571 2889/2633/2570
f 2827/2571/2508 2828/2572/2509 2891/2635/2572 2890/2634/2571
f 2828/2572/2509 2829/2573/2510 2892/2636/2573 2891/2635/2572
f 2829/2573/2510 2830/2574/2511 2893/2637/2574 2892/2636/2573
f 2830/2574/2511 2831/2575/2512 2894/2638/2575 2893/2637/2574
f 2831/2575/2512 2832/2576/2513 2895/2639/2576 2894/2638/2575
f 2832/2576/2513 2833/2577/2514 2896/2640/2577 2895/2639/2576
f 2833/2577/2514 2834/2578/2515 2897/2641/2578 2896/2640/2577
f 2834/2578/2515 2835/2579/2516 2898/2642/2579 2897/2641/2578
f 2835/2579/2516 2836/2580/2517 2899/2643/2580 2898/2642/2579
f 2836/2580/2517 2837/2581/2518 2900/2644/2581 2899/2643/2580
f 2837/2581/2518 2838/2582/2519 2901/2645/2582 2900/2644/2581
f 2838/2582/2519 2839/2583/2520 2902/2646/2583 2901/2645/2582
f 2840/2585/2522 2841/2584/2521 2904/2647/2584 2903/2648/2585
f 2841/2584/2521 2842/2586/2523 2905/2649/2586 2904/2647/2584
f 2842/2586/2523 2843/2587/2524 2906/2650/2587 2905/2649/2586
f 2843/2587/2524 2844/2588/2525 2907/2651/2588 2906/2650/2587
f 2844/2588/2525 2845/2589/2526 2908/2652/2589 2907/2651/2588
f 2845/2589/2526 2846/2590/2527 2909/2653/2590 2908/2652/2589
f 2846/2590/2527 2847/2591/2528 2910/2654/2591 2909/2653/2590
f 2847/2591/2528 2848/2592/2529 2911/2655/2592 2910/2654/2591
f 2848/2592/2529 2849/2593/2530 2912/2656/2593 2911/2655/2592
f 2849/2593/2530 2850/2594/2531 2913/2657/2594 2912/2656/2593
f 2850/2594/2531 2851/2595/2532 2914/2658/2595 2913/2657/2594
f 2851/2595/2532 2852/2596/2533 2915/2659/2596 2914/2658/2595
f 2852/2596/2533 2853/2597/2534 2916/2660/2597 2915/2659/2596
f 2853/2597/2534 2854/2598/2535 2917/2661/2598 2916/2660/2597
f 2854/2598/2535 2855/2599/2536 2918/2662/2599 2917/2661/2598
f 2855/2599/2536 2856/2600/2537 2919/2663/2600 2918/2662/2599
f 2856/2600/2537 2857/2601/2538 2920/2664/2601 2919/2663/2600
f 2857/2601/2538 2858/2602/2539 2921/2665/2602 2920/2664/2601
f 2858/2602/2539 2859/2603/2540 2922/2666/2603 2921/2665/2602
f 2859/2603/2540 2860/2604/2541 2923/2667/2604 2922/2666/2603
f 2860/2604/2541 2861/2605/2542 2924/2668/2605 2923/2667/2604
f 2861/2605/2542 2862/2606/2543 2925/2669/2606 2924/2668/2605
f 2862/2606/2543 2863/2607/2544 2926/2670/2607 2925/2669/2606
f 2863/2607/2544 2864/2608/2545 2927/2671/2608 2926/2670/2607
f 2864/2608/2545 2865/2609/2546 2928/2672/2609 2927/2671/2608
f 2865/2609/2546 2866/2610/2547 2929/2673/2610 2928/2672/2609
f 2866/2610/2547 2867/2611/2548 2930/2674/2611 2929/2673/2610
f 2867/2611/2548 2868/2612/2549 2931/2675/2612 2930/2674/2611
f 2868/2612/2549 2869/2613/2550 2932/2676/2613 2931/2675/2612
f 2869/2613/2550 2870/2614/2551 2933/2677/2614 2932/2676/2613
f 2870/2614/2551 2871/2615/2552 2934/2678/2615 2933/2677/2614
f 2871/2615/2552 2872/2616/2553 2935/2679/2616 2934/2678/2615
f 2872/2616/2553 2873/2617/2554 2936/2680/2617 2935/2679/2616
f 2873/2617/2554 2874/2618/2555 2937/2681/2618 2936/2680/2617
f 2874/2618/2555 2875/2619/2556 2938/2682/2619 2937/2681/2618
f 2875/2619/2556 2876/2620/2557 2939/2683/2620 2938/2682/2619
f 2876/2620/2557 2877/2621/2558 2940/2684/2621 2939/2683/2620
f 2877/2621/2558 2878/2622/2559 2941/2685/2622 2940/2684/2621
f 2878/2622/2559 2879/2623/2560 2942/2686/2623 2941/2685/2622
f 2879/2623/2560 2880/2624/2561 2943/2687/2624 2942/2686/2623
f 2880/2624/2561 2881/2625/2562 2944/2688/2625 2943/2687/2624
f 2881/2625/2562 2882/2626/2563 2945/2689/2626 2944/2688/2625
f 2882/2626/2563 2883/2627/2564 2946/2690/2627 2945/2689/2626
f 2883/2627/2564 2884/2628/2565 2947/2691/2628 2946/2690/2627
f 2884/2628/2565 2885/2629/2566 2948/2692/2629 2947/2691/2628
f 2885/2629/2566 2886/2630/2567 2949/2693/2630 2948/2692/2629
f 2886/2630/2567 2887/2631/2568 2950/2694/2631 2949/2693/2630
f 2887/2631/2568 2888/2632/2569 2951/2695/2632 2950/2694/2631
f 2888/2632/2569 2889/2633/2570 2952/2696/2633 2951/2695/2632
f 2889/2633/2570 2890/2634/2571 2953/2697/2634 2952/2696/2633
f 2890/2634/2571 2891/2635/2572 2954/2698/2635 2953/2697/2634
f 2891/2635/2572 2892/2636/2573 2955/2699/2636 2954/2698/2635
f 2892/2636/2573 2893/2637/2574 2956/2700/2637 2955/2699/2636
f 2893/2637/2574 2894/2638/2575 2957/2701/2638 2956/2700/2637
f 2894/2638/2575 2895/2639/2576 2958/2702/2639 2957/2701/2638
f 2895/2639/2576 2896/2640/2577 2959/2703/2640 2958/2702/2639
f 2896/2640/2577 2897/2641/2578 2960/2704/2641 2959/2703/2640
f 2897/2641/2578 2898/2642/2579 2961/2705/2642 2960/2704/2641
f 2898/2642/2579 2899/2643/2580 2962/2706/2643 2961/2705/2642
f 2899/2643/2580 2900/2644/2581 2963/2707/2644 2962/2706/2643
f 2900/2644/2581 2901/2645/2582 2964/2708/2645 2963/2707/2644
f 2901/2645/2582 2902/2646/2583 2965/2709/2646 2964/2708/2645
f 2903/2648/2585 2904/2647/2584 2967/2710/2647 2966/2711/2648
f 2904/2647/2584 2905/2649/2586 2968/2712/2649 2967/2710/2647
f 2905/2649/2586 2906/2650/2587 2969/2713/2650 2968/2712/2649
f 2906/2650/2587 2907/2651/2588 2970/2714/2651 2969/2713/2650
f 2907/2651/2588 2908/2652/2589 2971/2715/2652 2970/2714/2651
f 2908/2652/2589 2909/2653/2590 2972/2716/2653 2971/2715/2652
f 2909/2653/2590 2910/2654/2591 2973/2717/2654 2972/2716/2653
f 2910/2654/2591 2911/2655/2592 2974/2718/2655 2973/2717/2654
f 2911/2655/2592 2912/2656/2593 2975/2719/2656 2974/2718/2655
f 2912/2656/2593 2913/2657/2594 2976/2720/2657 2975/2719/2656
f 2913/2657/2594 2914/2658/2595 2977/2721/2658 2976/2720/2657
f 2914/2658/2595 2915/2659/2596 2978/2722/2659 2977/2721/2658
f 2915/2659/2596 2916/2660/2597 2979/2723/2660 2978/2722/2659
f 2916/2660/2597 2917/2661/2598 2980/2724/2661 2979/2723/2660
f 2917/2661/2598 2918/2662/2599 2981/2725/2662 2980/2724/2661
f 2918/2662/2599 2919/2663/2600 2982/2726/2663 2981/2725/2662
f 2919/2663/2600 2920/2664/2601 2983/2727/2664 2982/2726/2663
f 2920/2664/2601 2921/2665/2602 2984/2728/2665 2983/2727/2664
f 2921/2665/2602 2922/2666/2603 2985/2729/2666 2984/2728/2665
f 2922/2666/2603 2923/2667/2604 2986/2730/2667 2985/2729/2666
f 2923/2667/2604 2924/2668/2605 2987/2731/2668 2986/2730/2667
f 2924/2668/2605 2925/2669/2606 2988/2732/2669 2987/2731/2668
f 2925/2669/2606 2926/2670/2607 2989/2733/2670 2988/2732/2669
f 2926/2670/2607 2927/2671/2608 2990/2734/2671 2989/2733/2670
f 2927/2671/2608 2928/2672/2609 2991/2735/2672 2990/2734/2671
f 2928/2672/2609 2929/2673/2610 2992/2736/2673 2991/2735/2672
f 2929/2673/2610 2930/2674/2611 2993/2737/2674 2992/2736/2673
f 2930/2674/2611 2931/2675/2612 2994/2738/2675 2993/2737/2674
f 2931/2675/2612 2932/2676/2613 2995/2739/2676 2994/2738/2675
f 2932/2676/2613 2933/2677/2614 2996/2740/2677 2995/2739/2676
f 2933/2677/2614 2934/2678/2615 2997/2741/2678 2996/2740/2677
f 2934/2678/2615 2935/2679/2616 2998/2742/2370 2997/2741/2678
f 2935/2679/2616 2936/2680/2617 2999/2743/2679 2998/2742/2370
f 2936/2680/2617 2937/2681/2618 3000/2744/2680 2999/2743/2679
f 2937/2681/2618 2938/2682/2619 3001/2745/2681 3000/2744/2680
f 2938/2682/2619 2939/2683/2620 3002/2746/2682 3001/2745/2681
f 2939/2683/2620 2940/2684/2621 3003/2747/2683 3002/2746/2682
f 2940/2684/2621 2941/2685/2622 3004/2748/2684 3003/2747/2683
f 2941/2685/2622 2942/2686/2623 3005/2749/2685 3004/2748/2684
f 2942/2686/2623 2943/2687/2624 3006/2750/2686 3005/2749/2685
f 2943/2687/2624 2944/2688/2625 3007/2751/2687 3006/2750/2686
f 2944/2688/2625 2945/2689/2626 3008/2752/2688 3007/2751/2687
f 2945/2689/2626 2946/2690/2627 3009/2753/2689 3008/2752/2688
f 2946/2690/2627 2947/2691/2628 3010/2754/2690 3009/2753/2689
f 2947/2691/2628 2948/2692/2629 3011/2755/2691 3010/2754/2690
f 2948/2692/2629 2949/2693/2630 3012/2756/2692 3011/2755/2691
f 2949/2693/2630 2950/2694/2631 3013/2757/2693 3012/2756/2692
f 2950/2694/2631 2951/2695/2632 3014/2758/2694 3013/2757/2693
f 2951/2695/2632 2952/2696/2633 3015/2759/2695 3014/2758/2694
f 2952/2696/2633 2953/2697/2634 3016/2760/2696 3015/2759/2695
f 2953/2697/2634 2954/2698/2635 3017/2761/2697 3016/2760/2696
f 2954/2698/2635 2955/2699/2636 3018/2762/2698 3017/2761/2697
f 2955/2699/2636 2956/2700/2637 3019/2763/2699 3018/2762/2698
f 2956/2700/2637 2957/2701/2638 3020/2764/2700 3019/2763/2699
f 2957/2701/2638 2958/2702/2639 3021/2765/2701 3020/2764/2700
f 2958/2702/2639 2959/2703/2640 3022/2766/2702 3021/2765/2701
f 2959/2703/2640 2960/2704/2641 3023/2767/2703 3022/2766/2702
f 2960/2704/2641 2961/2705/2642 3024/2768/2704 3023/2767/2703
f 2961/2705/2642 2962/2706/2643 3025/2769/2705 3024/2768/2704
f 2962/2706/2643 2963/2707/2644 3026/2770/2706 3025/2769/2705
f 2963/2707/2644 2964/2708/2645 3027/2771/2707 3026/2770/2706
f 2964/2708/2645 2965/2709/2646 3028/2772/2708 3027/2771/2707
f 2966/2711/2648 2967/2710/2647 3030/2773/2709 3029/2774/2710
f 2967/2710/2647 2968/2712/2649 3031/2775/2711 3030/2773/2709
f 2968/2712/2649 2969/2713/2650 3032/2776/2712 3031/2775/2711
f 2969/2713/2650 2970/2714/2651 3033/2777/2713 3032/2776/2712
f 2970/2714/2651 2971/2715/2652 3034/2778/2714 3033/2777/2713
f 2971/2715/2652 2972/2716/2653 3035/2779/2715 3034/2778/2714
f 2972/2716/2653 2973/2717/2654 3036/2780/2716 3035/2779/2715
f 2973/2717/2654 2974/2718/2655 3037/2781/2717 3036/2780/2716
f 2974/2718/2655 2975/2719/2656 3038/2782/2718 3037/2781/2717
f 2975/2719/2656 2976/2720/2657 3039/2783/2719 3038/2782/2718
f 2976/2720/2657 2977/2721/2658 3040/2784/2720 3039/2783/2719
f 2977/2721/2658 2978/2722/2659 3041/2785/2721 3040/2784/2720
f 2978/2722/2659 2979/2723/2660 3042/2786/2722 3041/2785/2721
f 2979/2723/2660 2980/2724/2661 3043/2787/2723 3042/2786/2722
f 2980/2724/2661 2981/2725/2662 3044/2788/2724 3043/2787/2723
f 2981/2725/2662 2982/2726/2663 3045/2789/2725 3044/2788/2724
f 2982/2726/2663 2983/2727/2664 3046/2790/2726 3045/2789/2725
f 2983/2727/2664 2984/2728/2665 3047/2791/2727 3046/2790/2726
f 2984/2728/2665 2985/2729/2666 3048/2792/2728 3047/2791/2727
f 2985/2729/2666 2986/2730/2667 3049/2793/2729 3048/2792/2728
f 2986/2730/2667 2987/2731/2668 3050/2794/2730 3049/2793/2729
f 2987/2731/2668 2988/2732/2669 3051/2795/2731 3050/2794/2730
f 2988/2732/2669 2989/2733/2670 3052/2796/2732 3051/2795/2731
f 2989/2733/2670 2990/2734/2671 3053/2797/2733 3052/2796/2732
f 2990/2734/2671 2991/2735/2672 3054/2798/2734 3053/2797/2733
f 2991/2735/2672 2992/2736/2673 3055/2799/2735 3054/2798/2734
f 2992/2736/2673 2993/2737/2674 3056/2800/2736 3055/2799/2735
f 2993/2737/2674 2994/2738/2675 3057/2801/2737 3056/2800/2736
f 2994/2738/2675 2995/2739/2676 3058/2802/2738 3057/2801/2737
f 2995/2739/2676 2996/2740/2677 3059/2803/2739 3058/2802/2738
f 2996/2740/2677 2997/2741/2678 3060/2804/2740 3059/2803/2739
f 2997/2741/2678 2998/2742/2370 3061/2805/2741 3060/2804/2740
f 2998/2742/2370 2999/2743/2679 3062/2806/2742 3061/2805/2741
f 2999/2743/2679 3000/2744/2680 3063/2807/2743 3062/2806/2742
f 3000/2744/2680 3001/2745/2681 3064/2808/2744 3063/2807/2743
f 3001/2745/2681 3002/2746/2682 3065/2809/2745 3064/2808/2744
f 3002/2746/2682 3003/2747/2683 3066/2810/2746 3065/2809/2745
f 3003/2747/2683 3004/2748/2684 3067/2811/2747 3066/2810/2746
f 3004/2748/2684 3005/2749/2685 3068/2812/2748 3067/2811/2747
f 3005/2749/2685 3006/2750/2686 3069/2813/2749 3068/2812/2748
f 3006/2750/2686 3007/2751/2687 3070/2814/2750 3069/2813/2749
f 3007/2751/2687 3008/2752/2688 3071/2815/2751 3070/2814/2750
f 3008/2752/2688 3009/2753/2689 3072/2816/2752 3071/2815/2751
f 3009/2753/2689 3010/2754/2690 3073/2817/2753 3072/2816/2752
f 3010/2754/2690 3011/2755/2691 3074/2818/2754 3073/2817/2753
f 3011/2755/2691 3012/2756/2692 3075/2819/2755 3074/2818/2754
f 3012/2756/2692 3013/2757/2693 3076/2820/2756 3075/2819/2755
f 3013/2757/2693 3014/2758/2694 3077/2821/2757 3076/2820/2756
f 3014/2758/2694 3015/2759/2695 3078/2822/2758 3077/2821/2757
f 3015/2759/2695 3016/2760/2696 3079/2823/2759 3078/2822/2758
f 3016/2760/2696 3017/2761/2697 3080/2824/2760 3079/2823/2759
f 3017/2761/2697 3018/2762/2698 3081/2825/2761 3080/2824/2760
f 3018/2762/2698 3019/2763/2699 3082/2826/2762 3081/2825/2761
f 3019/2763/2699 3020/2764/2700 3083/2827/2763 3082/2826/2762
f 3020/2764/2700 3021/2765/2701 3084/2828/2764 3083/2827/2763
f 3021/2765/2701 3022/2766/2702 3085/2829/2765 3084/2828/2764
f 3022/2766/2702 3023/2767/2703 3086/2830/2766 3085/2829/2765
f 3023/2767/2703 3024/2768/2704 3087/2831/2767 3086/2830/2766
f 3024/2768/2704 3025/2769/2705 3088/2832/2768 3087/2831/2767
f 3025/2769/2705 3026/2770/2706 3089/2833/2769 3088/2832/2768
f 3026/2770/2706 3027/2771/2707 3090/2834/2770 3089/2833/2769
f 3027/2771/2707 3028/2772/2708 3091/2835/2771 3090/2834/2770
f 3029/2774/2710 3030/2773/2709 3093/2836/2772 3092/2837/2773
f 3030/2773/2709 3031/2775/2711 3094/2838/2774 3093/2836/2772
f 3031/2775/2711 3032/2776/2712 3095/2839/2775 3094/2838/2774
f 3032/2776/2712 3033/2777/2713 3096/2840/2776 3095/2839/2775
f 3033/2777/2713 3034/2778/2714 3097/2841/2777 3096/2840/2776
f 3034/2778/2714 3035/2779/2715 3098/2842/2778 3097/2841/2777
f 3035/2779/2715 3036/2780/2716 3099/2843/2779 3098/2842/2778
f 3036/2780/2716 3037/2781/2717 3100/2844/2780 3099/2843/2779
f 3037/2781/2717 3038/2782/2718 3101/2845/2781 3100/2844/2780
f 3038/2782/2718 3039/2783/2719 3102/2846/2782 3101/2845/2781
f 3039/2783/2719 3040/2784/2720 3103/2847/2783 3102/2846/2782
f 3040/2784/2720 3041/2785/2721 3104/2848/2784 3103/2847/2783
f 3041/2785/2721 3042/2786/2722 3105/2849/2785 3104/2848/2784
f 3042/2786/2722 3043/2787/2723 3106/2850/2786 3105/2849/2785
f 3043/2787/2723 3044/2788/2724 3107/2851/2787 3106/2850/2786
f 3044/2788/2724 3045/2789/2725 3108/2852/2788 3107/2851/2787
f 3045/2789/2725 3046/2790/2726 3109/2853/2789 3108/2852/2788
f 3046/2790/2726 3047/2791/2727 3110/2854/2790 3109/2853/2789
f 3047/2791/2727 3048/2792/2728 3111/2855/2791 3110/2854/2790
f 3048/2792/2728 3049/2793/2729 3112/2856/2792 3111/2855/2791
f 3049/2793/2729 3050/2794/2730 3113/2857/2793 3112/2856/2792
f 3050/2794/2730 3051/2795/2731 3114/2858/2794 3113/2857/2793
f 3051/2795/2731 3052/2796/2732 3115/2859/2795 3114/2858/2794
f 3052/2796/2732 3053/2797/2733 3116/2860/2796 3115/2859/2795
f 3053/2797/2733 3054/2798/2734 3117/2861/2797 3116/2860/2796
f 3054/2798/2734 3055/2799/2735 3118/2862/2798 3117/2861/2797
f 3055/2799/2735 3056/2800/2736 3119/2863/2799 3118/2862/2798
f 3056/2800/2736 3057/2801/2737 3120/2864/2800 3119/2863/2799
f 3057/2801/2737 3058/2802/2738 3121/2865/2801 3120/2864/2800
f 3058/2802/2738 3059/2803/2739 3122/2866/2802 3121/2865/2801
f 3059/2803/2739 3060/2804/2740 3123/2867/2803 3122/2866/2802
f 3060/2804/2740 3061/2805/2741 3124/2868/1463 3123/2867/2803
f 3061/2805/2741 3062/2806/2742 3125/2869/2804 3124/2868/1463
f 3062/2806/2742 3063/2807/2743 3126/2870/2805 3125/2869/2804
f 3063/2807/2743 3064/2808/2744 3127/2871/2806 3126/2870/2805
f 3064/2808/2744 3065/2809/2745 3128/2872/2807 3127/2871/2806
f 3065/2809/2745 3066/2810/2746 3129/2873/2808 3128/2872/2807
f 3066/2810/2746 3067/2811/2747 3130/2874/2809 3129/2873/2808
f 3067/2811/2747 3068/2812/2748 3131/2875/2810 3130/2874/2809
f 3068/2812/2748 3069/2813/2749 3132/2876/2811 3131/2875/2810
f 3069/2813/2749 3070/2814/2750 3133/2877/2812 3132/2876/2811
f 3070/2814/2750 3071/2815/2751 3134/2878/2813 3133/2877/2812
f 3071/2815/2751 3072/2816/2752 3135/2879/2814 3134/2878/2813
f 3072/2816/2752 3073/2817/2753 3136/2880/2815 3135/2879/2814
f 3073/2817/2753 3074/2818/2754 3137/2881/2816 3136/2880/2815
f 3074/2818/2754 3075/2819/2755 3138/2882/2817 3137/2881/2816
f 3075/2819/2755 3076/2820/2756 3139/2883/2818 3138/2882/2817
f 3076/2820/2756 3077/2821/2757 3140/2884/2819 3139/2883/2818
f 3077/2821/2757 3078/2822/2758 3141/2885/2820 3140/2884/2819
f 3078/2822/2758 3079/2823/2759 3142/2886/2821 3141/2885/2820
f 3079/2823/2759 3080/2824/2760 3143/2887/2822 3142/2886/2821
f 3080/2824/2760 3081/2825/2761 3144/2888/2823 3143/2887/2822
f 3081/2825/2761 3082/2826/2762 3145/2889/2824 3144/2888/2823
f 3082/2826/2762 3083/2827/2763 3146/2890/2825 3145/2889/2824
f 3083/2827/2763 3084/2828/2764 3147/2891/2826 3146/2890/2825
f 3084/2828/2764 3085/2829/2765 3148/2892/2827 3147/2891/2826
f 3085/2829/2765 3086/2830/2766 3149/2893/2828 3148/2892/2827
f 3086/2830/2766 3087/2831/2767 3150/2894/2829 3149/2893/2828
f 3087/2831/2767 3088/2832/2768 3151/2895/2830 3150/2894/2829
f 3088/2832/2768 3089/2833/2769 3152/2896/2831 3151/2895/2830
f 3089/2833/2769 3090/2834/2770 3153/2897/2832 3152/2896/2831
f 3090/2834/2770 3091/2835/2771 3154/2898/2833 3153/2897/2832
f 3092/2837/2773 3093/2836/2772 3156/2899/2834 3155/2900/2835
f 3093/2836/2772 3094/2838/2774 3157/2901/2836 3156/2899/2834
f 3094/2838/2774 3095/2839/2775 3158/2902/2837 3157/2901/2836
f 3095/2839/2775 3096/2840/2776 3159/2903/2838 3158/2902/2837
f 3096/2840/2776 3097/2841/2777 3160/2904/2839 3159/2903/2838
f 3097/2841/2777 3098/2842/2778 3161/2905/2840 3160/2904/2839
f 3098/2842/2778 3099/2843/2779 3162/2906/2841 3161/2905/2840
f 3099/2843/2779 3100/2844/2780 3163/2907/2842 3162/2906/2841
f 3100/2844/2780 3101/2845/2781 3164/2908/2843 3163/2907/2842
f 3101/2845/2781 3102/2846/2782 3165/2909/2844 3164/2908/2843
f 3102/2846/2782 3103/2847/2783 3166/2910/2845 3165/2909/2844
f 3103/2847/2783 3104/2848/2784 3167/2911/2846 3166/2910/2845
f 3104/2848/2784 3105/2849/2785 3168/2912/2847 3167/2911/2846
f 3105/2849/2785 3106/2850/2786 3169/2913/2848 3168/2912/2847
f 3106/2850/2786 3107/2851/2787 3170/2914/2849 3169/2913/2848
f 3107/2851/2787 3108/2852/2788 3171/2915/2850 3170/2914/2849
f 3108/2852/2788 3109/2853/2789 3172/2916/2851 3171/2915/2850
f 3109/2853/2789 3110/2854/2790 3173/2917/2852 3172/2916/2851
f 3110/2854/2790 3111/2855/2791 3174/2918/2853 3173/2917/2852
f 3111/2855/2791 3112/2856/2792 3175/2919/2854 3174/2918/2853
f 3112/2856/2792 3113/2857/2793 3176/2920/2855 3175/2919/2854
f 3113/2857/2793 3114/2858/2794 3177/2921/2856 3176/2920/2855
f 3114/2858/2794 3115/2859/2795 3178/2922/2857 3177/2921/2856
f 3115/2859/2795 3116/2860/2796 3179/2923/2858 3178/2922/2857
f 3116/2860/2796 3117/2861/2797 3180/2924/2859 3179/2923/2858
f 3117/2861/2797 3118/2862/2798 3181/2925/2860 3180/2924/2859
f 3118/2862/2798 3119/2863/2799 3182/2926/2861 3181/2925/2860
f 3119/2863/2799 3120/2864/2800 3183/2927/2862 3182/2926/2861
f 3120/2864/2800 3121/2865/2801 3184/2928/2863 3183/2927/2862
f 3121/2865/2801 3122/2866/2802 3185/2929/2864 3184/2928/2863
f 3122/2866/2802 3123/2867/2803 3186/2930/2865 3185/2929/2864
f 3123/2867/2803 3124/2868/1463 3187/2931/2866 3186/2930/2865
f 3124/2868/1463 3125/2869/2804 3188/2932/2867 3187/2931/2866
f 3125/2869/2804 3126/2870/2805 3189/2933/2868 3188/2932/2867
f 3126/2870/2805 3127/2871/2806 3190/2934/2869 3189/2933/2868
f 3127/2871/2806 3128/2872/2807 3191/2935/2870 3190/2934/2869
f 3128/2872/2807 3129/2873/2808 3192/2936/2871 3191/2935/2870
f 3129/2873/2808 3130/2874/2809 3193/2937/2872 3192/2936/2871
f 3130/2874/2809 3131/2875/2810 3194/2938/2873 3193/2937/2872
f 3131/2875/2810 3132/2876/2811 3195/2939/2874 3194/2938/2873
f 3132/2876/2811 3133/2877/2812 3196/2940/2875 3195/2939/2874
f 3133/2877/2812 3134/2878/2813 3197/2941/2876 3196/2940/2875
f 3134/2878/2813 3135/2879/2814 3198/2942/2877 3197/2941/2876
f 3135/2879/2814 3136/2880/2815 3199/2943/2878 3198/2942/2877
f 3136/2880/2815 3137/2881/2816 3200/2944/2879 3199/2943/2878
f 3137/2881/2816 3138/2882/2817 3201/2945/2880 3200/2944/2879
f 3138/2882/2817 3139/2883/2818 3202/2946/2881 3201/2945/2880
f 3139/2883/2818 3140/2884/2819 3203/2947/2882 3202/2946/2881
f 3140/2884/2819 3141/2885/2820 3204/2948/2883 3203/2947/2882
f 3141/2885/2820 3142/2886/2821 3205/2949/2884 3204/2948/2883
f 3142/2886/2821 3143/2887/2822 3206/2950/2885 3205/2949/2884
f 3143/2887/2822 3144/2888/2823 3207/2951/2886 3206/2950/2885
f 3144/2888/2823 3145/2889/2824 3208/2952/2887 3207/2951/2886
f 3145/2889/2824 3146/2890/2825 3209/2953/2888 3208/2952/2887
f 3146/2890/2825 3147/2891/2826 3210/2954/2889 3209/2953/2888
f 3147/2891/2826 3148/2892/2827 3211/2955/2890 3210/2954/2889
f 3148/2892/2827 3149/2893/2828 3212/2956/2891 3211/2955/2890
f 3149/2893/2828 3150/2894/2829 3213/2957/2892 3212/2956/2891
f 3150/2894/2829 3151/2895/2830 3214/2958/2893 3213/2957/2892
f 3151/2895/2830 3152/2896/2831 3215/2959/2894 3214/2958/2893
f 3152/2896/2831 3153/2897/2832 3216/2960/2895 3215/2959/2894
f 3153/2897/2832 3154/2898/2833 3217/2961/2896 3216/2960/2895
f 3155/2900/2835 3156/2899/2834 3219/2962/2897 3218/2963/2898
f 3156/2899/2834 3157/2901/2836 3220/2964/2899 3219/2962/2897
f 3157/2901/2836 3158/2902/2837 3221/2965/2900 3220/2964/2899
f 3158/2902/2837 3159/2903/2838 3222/2966/2901 3221/2965/2900
f 3159/2903/2838 3160/2904/2839 3223/2967/2902 3222/2966/2901
f 3160/2904/2839 3161/2905/2840 3224/2968/2903 3223/2967/2902
f 3161/2905/2840 3162/2906/2841 3225/2969/2904 3224/2968/2903
f 3162/2906/2841 3163/2907/2842 3226/2970/2905 3225/2969/2904
f 3163/2907/2842 3164/2908/2843 3227/2971/2906 3226/2970/2905
f 3164/2908/2843 3165/2909/2844 3228/2972/2907 3227/2971/2906
f 3165/2909/2844 3166/2910/2845 3229/2973/2908 3228/2972/2907
f 3166/2910/2845 3167/2911/2846 3230/2974/2909 3229/2973/2908
f 3167/2911/2846 3168/2912/2847 3231/2975/2910 3230/2974/2909
f 3168/2912/2847 3169/2913/2848 3232/2976/2911 3231/2975/2910
f 3169/2913/2848 3170/2914/2849 3233/2977/2912 3232/2976/2911
f 3170/2914/2849 3171/2915/2850 3234/2978/2913 3233/2977/2912
f 3171/2915/2850 3172/2916/2851 3235/2979/2914 3234/2978/2913
f 3172/2916/2851 3173/2917/2852 3236/2980/2915 3235/2979/2914
f 3173/2917/2852 3174/2918/2853 3237/2981/2916 3236/2980/2915
f 3174/2918/2853 3175/2919/2854 3238/2982/2917 3237/2981/2916
f 3175/2919/2854 3176/2920/2855 3239/2983/2918 3238/2982/2917
f 3176/2920/2855 3177/2921/2856 3240/2984/2919 3239/2983/2918
f 3177/2921/2856 3178/2922/2857 3241/2985/2920 3240/2984/2919
f 3178/2922/2857 3179/2923/2858 3242/2986/2921 3241/2985/2920
f 3179/2923/2858 3180/2924/2859 3243/2987/2922 3242/2986/2921
f 3180/2924/2859 3181/2925/2860 3244/2988/2923 3243/2987/2922
f 3181/2925/2860 3182/2926/2861 3245/2989/2924 3244/2988/2923
f 3182/2926/2861 3183/2927/2862 3246/2990/2925 3245/2989/2924
f 3183/2927/2862 3184/2928/2863 3247/2991/2926 3246/2990/2925
f 3184/2928/2863 3185/2929/2864 3248/2992/2927 3247/2991/2926
f 3185/2929/2864 3186/2930/2865 3249/2993/2928 3248/2992/2927
f 3186/2930/2865 3187/2931/2866 3250/2994/2929 3249/2993/2928
f 3187/2931/2866 3188/2932/2867 3251/2995/2930 3250/2994/2929
f 3188/2932/2867 3189/2933/2868 3252/2996/2931 3251/2995/2930
f 3189/2933/2868 3190/2934/2869 3253/2997/2932 3252/2996/2931
f 3190/2934/2869 3191/2935/2870 3254/2998/2933 3253/2997/2932
f 3191/2935/2870 3192/2936/2871 3255/2999/2934 3254/2998/2933
f 3192/2936/2871 3193/2937/2872 3256/3000/2935 3255/2999/2934
f 3193/2937/2872 3194/2938/2873 3257/3001/2936 3256/3000/2935
f 3194/2938/2873 3195/2939/2874 3258/3002/2937 3257/3001/2936
f 3195/2939/2874 3196/2940/2875 3259/3003/2938 3258/3002/2937
f 3196/2940/2875 3197/2941/2876 3260/3004/2939 3259/3003/2938
f 3197/2941/2876 3198/2942/2877 3261/3005/2940 3260/3004/2939
f 3198/2942/2877 3199/2943/2878 3262/3006/2941 3261/3005/2940
f 3199/2943/2878 3200/2944/2879 3263/3007/2942 3262/3006/2941
f 3200/2944/2879 3201/2945/2880 3264/3008/2943 3263/3007/2942
f 3201/2945/2880 3202/2946/2881 3265/3009/2944 3264/3008/2943
f 3202/2946/2881 3203/2947/2882 3266/3010/2945 3265/3009/2944
f 3203/2947/2882 3204/2948/2883 3267/3011/2946 3266/3010/2945
f 3204/2948/2883 3205/2949/2884 3268/3012/2947 3267/3011/2946
f 3205/2949/2884 3206/2950/2885 3269/3013/2948 3268/3012/2947
f 3206/2950/2885 3207/2951/2886 3270/3014/2949 3269/3013/2948
f 3207/2951/2886 3208/2952/2887 3271/3015/2950 3270/3014/2949
f 3208/2952/2887 3209/2953/2888 3272/3016/2951 3271/3015/2950
f 3209/2953/2888 3210/2954/2889 3273/3017/2952 3272/3016/2951
f 3210/2954/2889 3211/2955/2890 3274/3018/2953 3273/3017/2952
f 3211/2955/2890 3212/2956/2891 3275/3019/2954 3274/3018/2953
f 3212/2956/2891 3213/2957/2892 3276/3020/2955 3275/3019/2954
f 3213/2957/2892 3214/2958/2893 3277/3021/2956 3276/3020/2955
f 3214/2958/2893 3215/2959/2894 3278/3022/2957 3277/3021/2956
f 3215/2959/2894 3216/2960/2895 3279/3023/2958 3278/3022/2957
f 3216/2960/2895 3217/2961/2896 3280/3024/2959 3279/3023/2958
f 3218/2963/2898 3219/2962/2897 3282/3025/2960 3281/3026/2961
f 3219/2962/2897 3220/2964/2899 3283/3027/2962 3282/3025/2960
f 3220/2964/2899 3221/2965/2900 3284/3028/2963 3283/3027/2962
f 3221/2965/2900 3222/2966/2901 3285/3029/2964 3284/3028/2963
f 3222/2966/2901 3223/2967/2902 3286/3030/2965 3285/3029/2964
f 3223/2967/2902 3224/2968/2903 3287/3031/2966 3286/3030/2965
f 3224/2968/2903 3225/2969/2904 3288/3032/2903 3287/3031/2966
f 3225/2969/2904 3226/2970/2905 3289/3033/2967 3288/3032/2903
f 3226/2970/2905 3227/2971/2906 3290/3034/2968 3289/3033/2967
f 3227/2971/2906 3228/2972/2907 3291/3035/2969 3290/3034/2968
f 3228/2972/2907 3229/2973/2908 3292/3036/2970 3291/3035/2969
f 3229/2973/2908 3230/2974/2909 3293/3037/2971 3292/3036/2970
f 3230/2974/2909 3231/2975/2910 3294/3038/2972 3293/3037/2971
f 3231/2975/2910 3232/2976/2911 3295/3039/2973 3294/3038/2972
f 3232/2976/2911 3233/2977/2912 3296/3040/2974 3295/3039/2973
f 3233/2977/2912 3234/2978/2913 3297/3041/2975 3296/3040/2974
f 3234/2978/2913 3235/2979/2914 3298/3042/2976 3297/3041/2975
f 3235/2979/2914 3236/2980/2915 3299/3043/2977 3298/3042/2976
f 3236/2980/2915 3237/2981/2916 3300/3044/2978 3299/3043/2977
f 3237/2981/2916 3238/2982/2917 3301/3045/2979 3300/3044/2978
f 3238/2982/2917 3239/2983/2918 3302/3046/2980 3301/3045/2979
f 3239/2983/2918 3240/2984/2919 3303/3047/2981 3302/3046/2980
f 3240/2984/2919 3241/2985/2920 3304/3048/2982 3303/3047/2981
f 3241/2985/2920 3242/2986/2921 3305/3049/2983 3304/3048/2982
f 3242/2986/2921 3243/2987/2922 3306/3050/2984 3305/3049/2983
f 3243/2987/2922 3244/2988/2923 3307/3051/2985 3306/3050/2984
f 3244/2988/2923 3245/2989/2924 3308/3052/2986 3307/3051/2985
f 3245/2989/2924 3246/2990/2925 3309/3053/2987 3308/3052/2986
f 3246/2990/2925 3247/2991/2926 3310/3054/2988 3309/3053/2987
f 3247/2991/2926 3248/2992/2927 3311/3055/2989 3310/3054/2988
f 3248/2992/2927 3249/2993/2928 3312/3056/2990 3311/3055/2989
f 3249/2993/2928 3250/2994/2929 3313/3057/2991 3312/3056/2990
f 3250/2994/2929 3251/2995/2930 3314/3058/2992 3313/3057/2991
f 3251/2995/2930 3252/2996/2931 3315/3059/2993 3314/3058/2992
f 3252/2996/2931 3253/2997/2932 3316/3060/2994 3315/3059/2993
f 3253/2997/2932 3254/2998/2933 3317/3061/2995 3316/3060/2994
f 3254/2998/2933 3255/2999/2934 3318/3062/2996 3317/3061/2995
f 3255/2999/2934 3256/3000/2935 3319/3063/2997 3318/3062/2996
f 3256/3000/2935 3257/3001/2936 3320/3064/2998 3319/3063/2997
f 3257/3001/2936 3258/3002/2937 3321/3065/2999 3320/3064/2998
f 3258/3002/2937 3259/3003/2938 3322/3066/3000 3321/3065/2999
f 3259/3003/2938 3260/3004/2939 3323/3067/3001 3322/3066/3000
f 3260/3004/2939 3261/3005/2940 3324/3068/3002 3323/3067/3001
f 3261/3005/2940 3262/3006/2941 3325/3069/3003 3324/3068/3002
f 3262/3006/2941 3263/3007/2942 3326/3070/3004 3325/3069/3003
f 3263/3007/2942 3264/3008/2943 3327/3071/3005 3326/3070/3004
f 3264/3008/2943 3265/3009/2944 3328/3072/3006 3327/3071/3005
f 3265/3009/2944 3266/3010/2945 3329/3073/3007 3328/3072/3006
f 3266/3010/2945 3267/3011/2946 3330/3074/3008 3329/3073/3007
f 3267/3011/2946 3268/3012/2947 3331/3075/3009 3330/3074/3008
f 3268/3012/2947 3269/3013/2948 3332/3076/3010 3331/3075/3009
f 3269/3013/2948 3270/3014/2949 3333/3077/3011 3332/3076/3010
f 3270/3014/2949 3271/3015/2950 3334/3078/3012 3333/3077/3011
f 3271/3015/2950 3272/3016/2951 3335/3079/3013 3334/3078/3012
f 3272/3016/2951 3273/3017/2952 3336/3080/3014 3335/3079/3013
f 3273/3017/2952 3274/3018/2953 3337/3081/3015 3336/3080/3014
f 3274/3018/2953 3275/3019/2954 3338/3082/3016 3337/3081/3015
f 3275/3019/2954 3276/3020/2955 3339/3083/3017 3338/3082/3016
f 3276/3020/2955 3277/3021/2956 3340/3084/3018 3339/3083/3017
f 3277/3021/2956 3278/3022/2957 3341/3085/3019 3340/3084/3018
f 3278/3022/2957 3279/3023/2958 3342/3086/3020 3341/3085/3019
f 3279/3023/2958 3280/3024/2959 3343/3087/3021 3342/3086/3020
f 3281/3026/2961 3282/3025/2960 3345/3088/3022 3344/3089/3023
f 3282/3025/2960 3283/3027/2962 3346/3090/1650 3345/3088/3022
f 3283/3027/2962 3284/3028/2963 3347/3091/3024 3346/3090/1650
f 3284/3028/2963 3285/3029/2964 3348/3092/3025 3347/3091/3024
f 3285/3029/2964 3286/3030/2965 3349/3093/3026 3348/3092/3025
f 3286/3030/2965 3287/3031/2966 3350/3094/3027 3349/3093/3026
f 3287/3031/2966 3288/3032/2903 3351/3095/3028 3350/3094/3027
f 3288/3032/2903 3289/3033/2967 3352/3096/3029 3351/3095/3028
f 3289/3033/2967 3290/3034/2968 3353/3097/3030 3352/3096/3029
f 3290/3034/2968 3291/3035/2969 3354/3098/722 3353/3097/3030
f 3291/3035/2969 3292/3036/2970 3355/3099/3031 3354/3098/722
f 3292/3036/2970 3293/3037/2971 3356/3100/3032 3355/3099/3031
f 3293/3037/2971 3294/3038/2972 3357/3101/3033 3356/3100/3032
f 3294/3038/2972 3295/3039/2973 3358/3102/3034 3357/3101/3033
f 3295/3039/2973 3296/3040/2974 3359/3103/3035 3358/3102/3034
f 3296/3040/2974 3297/3041/2975 3360/3104/3036 3359/3103/3035
f 3297/3041/2975 3298/3042/2976 3361/3105/3037 3360/3104/3036
f 3298/3042/2976 3299/3043/2977 3362/3106/3038 3361/3105/3037
f 3299/3043/2977 3300/3044/2978 3363/3107/3039 3362/3106/3038
f 3300/3044/2978 3301/3045/2979 3364/3108/3040 3363/3107/3039
f 3301/3045/2979 3302/3046/2980 3365/3109/3041 3364/3108/3040
f 3302/3046/2980 3303/3047/2981 3366/3110/3042 3365/3109/3041
f 3303/3047/2981 3304/3048/2982 3367/3111/3043 3366/3110/3042
f 3304/3048/2982 3305/3049/2983 3368/3112/3044 3367/3111/3043
f 3305/3049/2983 3306/3050/2984 3369/3113/3045 3368/3112/3044
f 3306/3050/2984 3307/3051/2985 3370/3114/3046 3369/3113/3045
f 3307/3051/2985 3308/3052/2986 3371/3115/3047 3370/3114/3046
f 3308/3052/2986 3309/3053/2987 3372/3116/3048 3371/3115/3047
f 3309/3053/2987 3310/3054/2988 3373/3117/3049 3372/3116/3048
f 3310/3054/2988 3311/3055/2989 3374/3118/3050 3373/3117/3049
f 3311/3055/2989 3312/3056/2990 3375/3119/3051 3374/3118/3050
f 3312/3056/2990 3313/3057/2991 3376/3120/3052 3375/3119/3051
f 3313/3057/2991 3314/3058/2992 3377/3121/3053 3376/3120/3052
f 3314/3058/2992 3315/3059/2993 3378/3122/3054 3377/3121/3053
f 3315/3059/2993 3316/3060/2994 3379/3123/3055 3378/3122/3054
f 3316/3060/2994 3317/3061/2995 3380/3124/3056 3379/3123/3055
f 3317/3061/2995 3318/3062/2996 3381/3125/3057 3380/3124/3056
f 3318/3062/2996 3319/3063/2997 3382/3126/3058 3381/3125/3057
f 3319/3063/2997 3320/3064/2998 3383/3127/3059 3382/3126/3058
f 3320/3064/2998 3321/3065/2999 3384/3128/3060 3383/3127/3059
f 3321/3065/2999 3322/3066/3000 3385/3129/3061 3384/3128/3060
f 3322/3066/3000 3323/3067/3001 3386/3130/3062 3385/3129/3061
f 3323/3067/3001 3324/3068/3002 3387/3131/3063 3386/3130/3062
f 3324/3068/3002 3325/3069/3003 3388/3132/3064 3387/3131/3063
f 3325/3069/3003 3326/3070/3004 3389/3133/3065 3388/3132/3064
f 3326/3070/3004 3327/3071/3005 3390/3134/3066 3389/3133/3065
f 3327/3071/3005 3328/3072/3006 3391/3135/3067 3390/3134/3066
f 3328/3072/3006 3329/3073/3007 3392/3136/3068 3391/3135/3067
f 3329/3073/3007 3330/3074/3008 3393/3137/3069 3392/3136/3068
f 3330/3074/3008 3331/3075/3009 3394/3138/3070 3393/3137/3069
f 3331/3075/3009 3332/3076/3010 3395/3139/3071 3394/3138/3070
f 3332/3076/3010 3333/3077/3011 3396/3140/3072 3395/3139/3071
f 3333/3077/3011 3334/3078/3012 3397/3141/3073 3396/3140/3072
f 3334/3078/3012 3335/3079/3013 3398/3142/3074 3397/3141/3073
f 3335/3079/3013 3336/3080/3014 3399/3143/3075 3398/3142/3074
f 3336/3080/3014 3337/3081/3015 3400/3144/3076 3399/3143/3075
f 3337/3081/3015 3338/3082/3016 3401/3145/3077 3400/3144/3076
f 3338/3082/3016 3339/3083/3017 3402/3146/3078 3401/3145/3077
f 3339/3083/3017 3340/3084/3018 3403/3147/3079 3402/3146/3078
f 3340/3084/3018 3341/3085/3019 3404/3148/3080 3403/3147/3079
f 3341/3085/3019 3342/3086/3020 3405/3149/3081 3404/3148/3080
f 3342/3086/3020 3343/3087/3021 3406/3150/3082 3405/3149/3081
f 3344/3089/3023 3345/3088/3022 3408/3151/3083 3407/3152/3084
f 3345/3088/3022 3346/3090/1650 3409/3153/3085 3408/3151/3083
f 3346/3090/1650 3347/3091/3024 3410/3154/3086 3409/3153/3085
f 3347/3091/3024 3348/3092/3025 3411/3155/3087 3410/3154/3086
f 3348/3092/3025 3349/3093/3026 3412/3156/2903 3411/3155/3087
f 3349/3093/3026 3350/3094/3027 3413/3157/3088 3412/3156/2903
f 3350/3094/3027 3351/3095/3028 3414/3158/3089 3413/3157/3088
f 3351/3095/3028 3352/3096/3029 3415/3159/3090 3414/3158/3089
f 3352/3096/3029 3353/3097/3030 3416/3160/3091 3415/3159/3090
f 3353/3097/3030 3354/3098/722 3417/3161/3092 3416/3160/3091
f 3354/3098/722 3355/3099/3031 3418/3162/3093 3417/3161/3092
f 3355/3099/3031 3356/3100/3032 3419/3163/3093 3418/3162/3093
f 3356/3100/3032 3357/3101/3033 3420/3164/3094 3419/3163/3093
f 3357/3101/3033 3358/3102/3034 3421/3165/3095 3420/3164/3094
f 3358/3102/3034 3359/3103/3035 3422/3166/3096 3421/3165/3095
f 3359/3103/3035 3360/3104/3036 3423/3167/3097 3422/3166/3096
f 3360/3104/3036 3361/3105/3037 3424/3168/3098 3423/3167/3097
f 3361/3105/3037 3362/3106/3038 3425/3169/3099 3424/3168/3098
f 3362/3106/3038 3363/3107/3039 3426/3170/3100 3425/3169/3099
f 3363/3107/3039 3364/3108/3040 3427/3171/3101 3426/3170/3100
f 3364/3108/3040 3365/3109/3041 3428/3172/3102 3427/3171/3101
f 3365/3109/3041 3366/3110/3042 3429/3173/3103 3428/3172/3102
f 3366/3110/3042 3367/3111/3043 3430/3174/3104 3429/3173/3103
f 3367/3111/3043 3368/3112/3044 3431/3175/3105 3430/3174/3104
f 3368/3112/3044 3369/3113/3045 3432/3176/3106 3431/3175/3105
f 3369/3113/3045 3370/3114/3046 3433/3177/3107 3432/3176/3106
f 3370/3114/3046 3371/3115/3047 3434/3178/3108 3433/3177/3107
f 3371/3115/3047 3372/3116/3048 3435/3179/3109 3434/3178/3108
f 3372/3116/3048 3373/3117/3049 3436/3180/3110 3435/3179/3109
f 3373/3117/3049 3374/3118/3050 3437/3181/3111 3436/3180/3110
f 3374/3118/3050 3375/3119/3051 3438/3182/3112 3437/3181/3111
f 3375/3119/3051 3376/3120/3052 3439/3183/3113 3438/3182/3112
f 3376/3120/3052 3377/3121/3053 3440/3184/3114 3439/3183/3113
f 3377/3121/3053 3378/3122/3054 3441/3185/3115 3440/3184/3114
f 3378/3122/3054 3379/3123/3055 3442/3186/3116 3441/3185/3115
f 3379/3123/3055 3380/3124/3056 3443/3187/3117 3442/3186/3116
f 3380/3124/3056 3381/3125/3057 3444/3188/3118 3443/3187/3117
f 3381/3125/3057 3382/3126/3058 3445/3189/3119 3444/3188/3118
f 3382/3126/3058 3383/3127/3059 3446/3190/3120 3445/3189/3119
f 3383/3127/3059 3384/3128/3060 3447/3191/3121 3446/3190/3120
f 3384/3128/3060 3385/3129/3061 3448/3192/3122 3447/3191/3121
f 3385/3129/3061 3386/3130/3062 3449/3193/3123 3448/3192/3122
f 3386/3130/3062 3387/3131/3063 3450/3194/3124 3449/3193/3123
f 3387/3131/3063 3388/3132/3064 3451/3195/3125 3450/3194/3124
f 3388/3132/3064 3389/3133/3065 3452/3196/3126 3451/3195/3125
f 3389/3133/3065 3390/3134/3066 3453/3197/3127 3452/3196/3126
f 3390/3134/3066 3391/3135/3067 3454/3198/3128 3453/3197/3127
f 3391/3135/3067 3392/3136/3068 3455/3199/3129 3454/3198/3128
f 3392/3136/3068 3393/3137/3069 3456/3200/3130 3455/3199/3129
f 3393/3137/3069 3394/3138/3070 3457/3201/3131 3456/3200/3130
f 3394/3138/3070 3395/3139/3071 3458/3202/3132 3457/3201/3131
f 3395/3139/3071 3396/3140/3072 3459/3203/3133 3458/3202/3132
f 3396/3140/3072 3397/3141/3073 3460/3204/3134 3459/3203/3133
f 3397/3141/3073 3398/3142/3074 3461/3205/3135 3460/3204/3134
f 3398/3142/3074 3399/3143/3075 3462/3206/3136 3461/3205/3135
f 3399/3143/3075 3400/3144/3076 3463/3207/3137 3462/3206/3136
f 3400/3144/3076 3401/3145/3077 3464/3208/3138 3463/3207/3137
f 3401/3145/3077 3402/3146/3078 3465/3209/3139 3464/3208/3138
f 3402/3146/3078 3403/3147/3079 3466/3210/3140 3465/3209/3139
f 3403/3147/3079 3404/3148/3080 3467/3211/3141 3466/3210/3140
f 3404/3148/3080 3405/3149/3081 3468/3212/3142 3467/3211/3141
f 3405/3149/3081 3406/3150/3082 3469/3213/3143 3468/3212/3142
f 3407/3152/3084 3408/3151/3083 3471/3214/3144 3470/3215/3145
f 3408/3151/3083 3409/3153/3085 3472/3216/3146 3471/3214/3144
f 3409/3153/3085 3410/3154/3086 3473/3217/3147 3472/3216/3146
f 3410/3154/3086 3411/3155/3087 3474/3218/3148 3473/3217/3147
f 3411/3155/3087 3412/3156/2903 3475/3219/3149 3474/3218/3148
f 3412/3156/2903 3413/3157/3088 3476/3220/3150 3475/3219/3149
f 3413/3157/3088 3414/3158/3089 3477/3221/3151 3476/3220/3150
f 3414/3158/3089 3415/3159/3090 3478/3222/3152 3477/3221/3151
f 3415/3159/3090 3416/3160/3091 3479/3223/3153 3478/3222/3152
f 3416/3160/3091 3417/3161/3092 3480/3224/3154 3479/3223/3153
f 3417/3161/3092 3418/3162/3093 3481/3225/3155 3480/3224/3154
f 3418/3162/3093 3419/3163/3093 3482/3226/3156 3481/3225/3155
f 3419/3163/3093 3420/3164/3094 3483/3227/3157 3482/3226/3156
f 3420/3164/3094 3421/3165/3095 3484/3228/3158 3483/3227/3157
f 3421/3165/3095 3422/3166/3096 3485/3229/3159 3484/3228/3158
f 3422/3166/3096 3423/3167/3097 3486/3230/3160 3485/3229/3159
f 3423/3167/3097 3424/3168/3098 3487/3231/3161 3486/3230/3160
f 3424/3168/3098 3425/3169/3099 3488/3232/3162 3487/3231/3161
f 3425/3169/3099 3426/3170/3100 3489/3233/3163 3488/3232/3162
f 3426/3170/3100 3427/3171/3101 3490/3234/3164 3489/3233/3163
f 3427/3171/3101 3428/3172/3102 3491/3235/3165 3490/3234/3164
f 3428/3172/3102 3429/3173/3103 3492/3236/3166 3491/3235/3165
f 3429/3173/3103 3430/3174/3104 3493/3237/3167 3492/3236/3166
f 3430/3174/3104 3431/3175/3105 3494/3238/3168 3493/3237/3167
f 3431/3175/3105 3432/3176/3106 3495/3239/3169 3494/3238/3168
f 3432/3176/3106 3433/3177/3107 3496/3240/3170 3495/3239/3169
f 3433/3177/3107 3434/3178/3108 3497/3241/3171 3496/3240/3170
f 3434/3178/3108 3435/3179/3109 3498/3242/3172 3497/3241/3171
f 3435/3179/3109 3436/3180/3110 3499/3243/3173 3498/3242/3172
f 3436/3180/3110 3437/3181/3111 3500/3244/3174 3499/3243/3173
f 3437/3181/3111 3438/3182/3112 3501/3245/3175 3500/3244/3174
f 3438/3182/3112 3439/3183/3113 3502/3246/3176 3501/3245/3175
f 3439/3183/3113 3440/3184/3114 3503/3247/3177 3502/3246/3176
f 3440/3184/3114 3441/3185/3115 3504/3248/3178 3503/3247/3177
f 3441/3185/3115 3442/3186/3116 3505/3249/3179 3504/3248/3178
f 3442/3186/3116 3443/3187/3117 3506/3250/3180 3505/3249/3179
f 3443/3187/3117 3444/3188/3118 3507/3251/3181 3506/3250/3180
f 3444/3188/3118 3445/3189/3119 3508/3252/3182 3507/3251/3181
f 3445/3189/3119 3446/3190/3120 3509/3253/3183 3508/3252/3182
f 3446/3190/3120 3447/3191/3121 3510/3254/3184 3509/3253/3183
f 3447/3191/3121 3448/3192/3122 3511/3255/3185 3510/3254/3184
f 3448/3192/3122 3449/3193/3123 3512/3256/3186 3511/3255/3185
f 3449/3193/3123 3450/3194/3124 3513/3257/3187 3512/3256/3186
f 3450/3194/3124 3451/3195/3125 3514/3258/3188 3513/3257/3187
f 3451/3195/3125 3452/3196/3126 3515/3259/3189 3514/3258/3188
f 3452/3196/3126 3453/3197/3127 3516/3260/3190 3515/3259/3189
f 3453/3197/3127 3454/3198/3128 3517/3261/3191 3516/3260/3190
f 3454/3198/3128 3455/3199/3129 3518/3262/3192 3517/3261/3191
f 3455/3199/3129 3456/3200/3130 3519/3263/3193 3518/3262/3192
f 3456/3200/3130 3457/3201/3131 3520/3264/3194 3519/3263/3193
f 3457/3201/3131 3458/3202/3132 3521/3265/3195 3520/3264/3194
f 3458/3202/3132 3459/3203/3133 3522/3266/3196 3521/3265/3195
f 3459/3203/3133 3460/3204/3134 3523/3267/3197 3522/3266/3196
f 3460/3204/3134 3461/3205/3135 3524/3268/3198 3523/3267/3197
f 3461/3205/3135 3462/3206/3136 3525/3269/3199 3524/3268/3198
f 3462/3206/3136 3463/3207/3137 3526/3270/3200 3525/3269/3199
f 3463/3207/3137 3464/3208/3138 3527/3271/3201 3526/3270/3200
f 3464/3208/3138 3465/3209/3139 3528/3272/3202 3527/3271/3201
f 3465/3209/3139 3466/3210/3140 3529/3273/3203 3528/3272/3202
f 3466/3210/3140 3467/3211/3141 3530/3274/3204 3529/3273/3203
f 3467/3211/3141 3468/3212/3142 3531/3275/3205 3530/3274/3204
f 3468/3212/3142 3469/3213/3143 3532/3276/3206 3531/3275/3205
f 3470/3215/3145 3471/3214/3144 3534/3277/3098 3533/3278/3207
f 3471/3214/3144 3472/3216/3146 3535/3279/3208 3534/3277/3098
f 3472/3216/3146 3473/3217/3147 3536/3280/3150 3535/3279/3208
f 3473/3217/3147 3474/3218/3148 3537/3281/3209 3536/3280/3150
f 3474/3218/3148 3475/3219/3149 3538/3282/3149 3537/3281/3209
f 3475/3219/3149 3476/3220/3150 3539/3283/3210 3538/3282/3149
f 3476/3220/3150 3477/3221/3151 3540/3284/3211 3539/3283/3210
f 3477/3221/3151 3478/3222/3152 3541/3285/3028 3540/3284/3211
f 3478/3222/3152 3479/3223/3153 3542/3286/3212 3541/3285/3028
f 3479/3223/3153 3480/3224/3154 3543/3287/3213 3542/3286/3212
f 3480/3224/3154 3481/3225/3155 3544/3288/3214 3543/3287/3213
f 3481/3225/3155 3482/3226/3156 3545/3289/3215 3544/3288/3214
f 3482/3226/3156 3483/3227/3157 3546/3290/2970 3545/3289/3215
f 3483/3227/3157 3484/3228/3158 3547/3291/3216 3546/3290/2970
f 3484/3228/3158 3485/3229/3159 3548/3292/3217 3547/3291/3216
f 3485/3229/3159 3486/3230/3160 3549/3293/3218 3548/3292/3217
f 3486/3230/3160 3487/3231/3161 3550/3294/3219 3549/3293/3218
f 3487/3231/3161 3488/3232/3162 3551/3295/3220 3550/3294/3219
f 3488/3232/3162 3489/3233/3163 3552/3296/3221 3551/3295/3220
f 3489/3233/3163 3490/3234/3164 3553/3297/3222 3552/3296/3221
f 3490/3234/3164 3491/3235/3165 3554/3298/3223 3553/3297/3222
f 3491/3235/3165 3492/3236/3166 3555/3299/3224 3554/3298/3223
f 3492/3236/3166 3493/3237/3167 3556/3300/3225 3555/3299/3224
f 3493/3237/3167 3494/3238/3168 3557/3301/3226 3556/3300/3225
f 3494/3238/3168 3495/3239/3169 3558/3302/3227 3557/3301/3226
f 3495/3239/3169 3496/3240/3170 3559/3303/3228 3558/3302/3227
f 3496/3240/3170 3497/3241/3171 3560/3304/3229 3559/3303/3228
f 3497/3241/3171 3498/3242/3172 3561/3305/3230 3560/3304/3229
f 3498/3242/3172 3499/3243/3173 3562/3306/3231 3561/3305/3230
f 3499/3243/3173 3500/3244/3174 3563/3307/3232 3562/3306/3231
f 3500/3244/3174 3501/3245/3175 3564/3308/3233 3563/3307/3232
f 3501/3245/3175 3502/3246/3176 3565/3309/3234 3564/3308/3233
f 3502/3246/3176 3503/3247/3177 3566/3310/3235 3565/3309/3234
f 3503/3247/3177 3504/3248/3178 3567/3311/3236 3566/3310/3235
f 3504/3248/3178 3505/3249/3179 3568/3312/3237 3567/3311/3236
f 3505/3249/3179 3506/3250/3180 3569/3313/3238 3568/3312/3237
f 3506/3250/3180 3507/3251/3181 3570/3314/3239 3569/3313/3238
f 3507/3251/3181 3508/3252/3182 3571/3315/3240 3570/3314/3239
f 3508/3252/3182 3509/3253/3183 3572/3316/3241 3571/3315/3240
f 3509/3253/3183 3510/3254/3184 3573/3317/3242 3572/3316/3241
f 3510/3254/3184 3511/3255/3185 3574/3318/3243 3573/3317/3242
f 3511/3255/3185 3512/3256/3186 3575/3319/3244 3574/3318/3243
f 3512/3256/3186 3513/3257/3187 3576/3320/3245 3575/3319/3244
f 3513/3257/3187 3514/3258/3188 3577/3321/3246 3576/3320/3245
f 3514/3258/3188 3515/3259/3189 3578/3322/3247 3577/3321/3246
f 3515/3259/3189 3516/3260/3190 3579/3323/3248 3578/3322/3247
f 3516/3260/3190 3517/3261/3191 3580/3324/3249 3579/3323/3248
f 3517/3261/3191 3518/3262/3192 3581/3325/3250 3580/3324/3249
f 3518/3262/3192 3519/3263/3193 3582/3326/3251 3581/3325/3250
f 3519/3263/3193 3520/3264/3194 3583/3327/3252 3582/3326/3251
f 3520/3264/3194 3521/3265/3195 3584/3328/3253 3583/3327/3252
f 3521/3265/3195 3522/3266/3196 3585/3329/3254 3584/3328/3253
f 3522/3266/3196 3523/3267/3197 3586/3330/3255 3585/3329/3254
f 3523/3267/3197 3524/3268/3198 3587/3331/3256 3586/3330/3255
f 3524/3268/3198 3525/3269/3199 3588/3332/3257 3587/3331/3256
f 3525/3269/3199 3526/3270/3200 3589/3333/3258 3588/3332/3257
f 3526/3270/3200 3527/3271/3201 3590/3334/3259 3589/3333/3258
f 3527/3271/3201 3528/3272/3202 3591/3335/3260 3590/3334/3259
f 3528/3272/3202 3529/3273/3203 3592/3336/3261 3591/3335/3260
f 3529/3273/3203 3530/3274/3204 3593/3337/3262 3592/3336/3261
f 3530/3274/3204 3531/3275/3205 3594/3338/3263 3593/3337/3262
f 3531/3275/3205 3532/3276/3206 3595/3339/3264 3594/3338/3263
f 3533/3278/3207 3534/3277/3098 3597/3340/3265 3596/3341/3266
f 3534/3277/3098 3535/3279/3208 3598/3342/3152 3597/3340/3265
f 3535/3279/3208 3536/3280/3150 3599/3343/3267 3598/3342/3152
f 3536/3280/3150 3537/3281/3209 3600/3344/3268 3599/3343/3267
f 3537/3281/3209 3538/3282/3149 3601/3345/3269 3600/3344/3268
f 3538/3282/3149 3539/3283/3210 3602/3346/3270 3601/3345/3269
f 3539/3283/3210 3540/3284/3211 3603/3347/3216 3602/3346/3270
f 3540/3284/3211 3541/3285/3028 3604/3348/3271 3603/3347/3216
f 3541/3285/3028 3542/3286/3212 3605/3349/3272 3604/3348/3271
f 3542/3286/3212 3543/3287/3213 3606/3350/3273 3605/3349/3272
f 3543/3287/3213 3544/3288/3214 3607/3351/3274 3606/3350/3273
f 3544/3288/3214 3545/3289/3215 3608/3352/3275 3607/3351/3274
f 3545/3289/3215 3546/3290/2970 3609/3353/3276 3608/3352/3275
f 3546/3290/2970 3547/3291/3216 3610/3354/3277 3609/3353/3276
f 3547/3291/3216 3548/3292/3217 3611/3355/3278 3610/3354/3277
f 3548/3292/3217 3549/3293/3218 3612/3356/3279 3611/3355/3278
f 3549/3293/3218 3550/3294/3219 3613/3357/1650 3612/3356/3279
f 3550/3294/3219 3551/3295/3220 3614/3358/3280 3613/3357/1650
f 3551/3295/3220 3552/3296/3221 3615/3359/3281 3614/3358/3280
f 3552/3296/3221 3553/3297/3222 3616/3360/3282 3615/3359/3281
f 3553/3297/3222 3554/3298/3223 3617/3361/3283 3616/3360/3282
f 3554/3298/3223 3555/3299/3224 3618/3362/3284 3617/3361/3283
f 3555/3299/3224 3556/3300/3225 3619/3363/3285 3618/3362/3284
f 3556/3300/3225 3557/3301/3226 3620/3364/3286 3619/3363/3285
f 3557/3301/3226 3558/3302/3227 3621/3365/3287 3620/3364/3286
f 3558/3302/3227 3559/3303/3228 3622/3366/3288 3621/3365/3287
f 3559/3303/3228 3560/3304/3229 3623/3367/3289 3622/3366/3288
f 3560/3304/3229 3561/3305/3230 3624/3368/3290 3623/3367/3289
f 3561/3305/3230 3562/3306/3231 3625/3369/3291 3624/3368/3290
f 3562/3306/3231 3563/3307/3232 3626/3370/3292 3625/3369/3291
f 3563/3307/3232 3564/3308/3233 3627/3371/3293 3626/3370/3292
f 3564/3308/3233 3565/3309/3234 3628/3372/3294 3627/3371/3293
f 3565/3309/3234 3566/3310/3235 3629/3373/3295 3628/3372/3294
f 3566/3310/3235 3567/3311/3236 3630/3374/3296 3629/3373/3295
f 3567/3311/3236 3568/3312/3237 3631/3375/3297 3630/3374/3296
f 3568/3312/3237 3569/3313/3238 3632/3376/3298 3631/3375/3297
f 3569/3313/3238 3570/3314/3239 3633/3377/3299 3632/3376/3298
f 3570/3314/3239 3571/3315/3240 3634/3378/3300 3633/3377/3299
f 3571/3315/3240 3572/3316/3241 3635/3379/3301 3634/3378/3300
f 3572/3316/3241 3573/3317/3242 3636/3380/3302 3635/3379/3301
f 3573/3317/3242 3574/3318/3243 3637/3381/3303 3636/3380/3302
f 3574/3318/3243 3575/3319/3244 3638/3382/3304 3637/3381/3303
f 3575/3319/3244 3576/3320/3245 3639/3383/3305 3638/3382/3304
f 3576/3320/3245 3577/3321/3246 3640/3384/3306 3639/3383/3305
f 3577/3321/3246 3578/3322/3247 3641/3385/3307 3640/3384/3306
f 3578/3322/3247 3579/3323/3248 3642/3386/3308 3641/3385/3307
f 3579/3323/3248 3580/3324/3249 3643/3387/3309 3642/3386/3308
f 3580/3324/3249 3581/3325/3250 3644/3388/3310 3643/3387/3309
f 3581/3325/3250 3582/3326/3251 3645/3389/3311 3644/3388/3310
f 3582/3326/3251 3583/3327/3252 3646/3390/3312 3645/3389/3311
f 3583/3327/3252 3584/3328/3253 3647/3391/3313 3646/3390/3312
f 3584/3328/3253 3585/3329/3254 3648/3392/3314 3647/3391/3313
f 3585/3329/3254 3586/3330/3255 3649/3393/3315 3648/3392/3314
f 3586/3330/3255 3587/3331/3256 3650/3394/3316 3649/3393/3315
f 3587/3331/3256 3588/3332/3257 3651/3395/3317 3650/3394/3316
f 3588/3332/3257 3589/3333/3258 3652/3396/3318 3651/3395/3317
f 3589/3333/3258 3590/3334/3259 3653/3397/3319 3652/3396/3318
f 3590/3334/3259 3591/3335/3260 3654/3398/3320 3653/3397/3319
f 3591/3335/3260 3592/3336/3261 3655/3399/3321 3654/3398/3320
f 3592/3336/3261 3593/3337/3262 3656/3400/3322 3655/3399/3321
f 3593/3337/3262 3594/3338/3263 3657/3401/3323 3656/3400/3322
f 3594/3338/3263 3595/3339/3264 3658/3402/3324 3657/3401/3323
f 3596/3341/3266 3597/3340/3265 3660/3403/3325 3659/3404/3148
f 3597/3340/3265 3598/3342/3152 3661/3405/3326 3660/3403/3325
f 3598/3342/3152 3599/3343/3267 3662/3406/2780 3661/3405/3326
f 3599/3343/3267 3600/3344/3268 3663/3407/3267 3662/3406/2780
f 3600/3344/3268 3601/3345/3269 3664/3408/3327 3663/3407/3267
f 3601/3345/3269 3602/3346/3270 3665/3409/3252 3664/3408/3327
f 3602/3346/3270 3603/3347/3216 3666/3410/2974 3665/3409/3252
f 3603/3347/3216 3604/3348/3271 3667/3411/3328 3666/3410/2974
f 3604/3348/3271 3605/3349/3272 3668/3412/3329 3667/3411/3328
f 3605/3349/3272 3606/3350/3273 3669/3413/3278 3668/3412/3329
f 3606/3350/3273 3607/3351/3274 3670/3414/3330 3669/3413/3278
f 3607/3351/3274 3608/3352/3275 3671/3415/2906 3670/3414/3330
f 3608/3352/3275 3609/3353/3276 3672/3416/2971 3671/3415/2906
f 3609/3353/3276 3610/3354/3277 3673/3417/3331 3672/3416/2971
f 3610/3354/3277 3611/3355/3278 3674/3418/2778 3673/3417/3331
f 3611/3355/3278 3612/3356/3279 3675/3419/3332 3674/3418/2778
f 3612/3356/3279 3613/3357/1650 3676/3420/3333 3675/3419/3332
f 3613/3357/1650 3614/3358/3280 3677/3421/3334 3676/3420/3333
f 3614/3358/3280 3615/3359/3281 3678/3422/3335 3677/3421/3334
f 3615/3359/3281 3616/3360/3282 3679/3423/3336 3678/3422/3335
f 3616/3360/3282 3617/3361/3283 3680/3424/3337 3679/3423/3336
f 3617/3361/3283 3618/3362/3284 3681/3425/3338 3680/3424/3337
f 3618/3362/3284 3619/3363/3285 3682/3426/3339 3681/3425/3338
f 3619/3363/3285 3620/3364/3286 3683/3427/3340 3682/3426/3339
f 3620/3364/3286 3621/3365/3287 3684/3428/3341 3683/3427/3340
f 3621/3365/3287 3622/3366/3288 3685/3429/3342 3684/3428/3341
f 3622/3366/3288 3623/3367/3289 3686/3430/3343 3685/3429/3342
f 3623/3367/3289 3624/3368/3290 3687/3431/3344 3686/3430/3343
f 3624/3368/3290 3625/3369/3291 3688/3432/3345 3687/3431/3344
f 3625/3369/3291 3626/3370/3292 3689/3433/3346 3688/3432/3345
f 3626/3370/3292 3627/3371/3293 3690/3434/3347 3689/3433/3346
f 3627/3371/3293 3628/3372/3294 3691/3435/3348 3690/3434/3347
f 3628/3372/3294 3629/3373/3295 3692/3436/3349 3691/3435/3348
f 3629/3373/3295 3630/3374/3296 3693/3437/3350 3692/3436/3349
f 3630/3374/3296 3631/3375/3297 3694/3438/3351 3693/3437/3350
f 3631/3375/3297 3632/3376/3298 3695/3439/3352 3694/3438/3351
f 3632/3376/3298 3633/3377/3299 3696/3440/3353 3695/3439/3352
f 3633/3377/3299 3634/3378/3300 3697/3441/3354 3696/3440/3353
f 3634/3378/3300 3635/3379/3301 3698/3442/3355 3697/3441/3354
f 3635/3379/3301 3636/3380/3302 3699/3443/3356 3698/3442/3355
f 3636/3380/3302 3637/3381/3303 3700/3444/3357 3699/3443/3356
f 3637/3381/3303 3638/3382/3304 3701/3445/3358 3700/3444/3357
f 3638/3382/3304 3639/3383/3305 3702/3446/3359 3701/3445/3358
f 3639/3383/3305 3640/3384/3306 3703/3447/3360 3702/3446/3359
f 3640/3384/3306 3641/3385/3307 3704/3448/3361 3703/3447/3360
f 3641/3385/3307 3642/3386/3308 3705/3449/3362 3704/3448/3361
f 3642/3386/3308 3643/3387/3309 3706/3450/3363 3705/3449/3362
f 3643/3387/3309 3644/3388/3310 3707/3451/3364 3706/3450/3363
f 3644/3388/3310 3645/3389/3311 3708/3452/3365 3707/3451/3364
f 3645/3389/3311 3646/3390/3312 3709/3453/3366 3708/3452/3365
f 3646/3390/3312 3647/3391/3313 3710/3454/3367 3709/3453/3366
f 3647/3391/3313 3648/3392/3314 3711/3455/3368 3710/3454/3367
f 3648/3392/3314 3649/3393/3315 3712/3456/3369 3711/3455/3368
f 3649/3393/3315 3650/3394/3316 3713/3457/3370 3712/3456/3369
f 3650/3394/3316 3651/3395/3317 3714/3458/3371 3713/3457/3370
f 3651/3395/3317 3652/3396/3318 3715/3459/3372 3714/3458/3371
f 3652/3396/3318 3653/3397/3319 3716/3460/3373 3715/3459/3372
f 3653/3397/3319 3654/3398/3320 3717/3461/3374 3716/3460/3373
f 3654/3398/3320 3655/3399/3321 3718/3462/3375 3717/3461/3374
f 3655/3399/3321 3656/3400/3322 3719/3463/3376 3718/3462/3375
f 3656/3400/3322 3657/3401/3323 3720/3464/3377 3719/3463/3376
f 3657/3401/3323 3658/3402/3324 3721/3465/3378 3720/3464/3377
f 3659/3404/3148 3660/3403/3325 3723/3466/2966 3722/3467/3268
f 3660/3403/3325 3661/3405/3326 3724/3468/3088 3723/3466/2966
f 3661/3405/3326 3662/3406/2780 3725/3469/3379 3724/3468/3088
f 3662/3406/2780 3663/3407/3267 3726/3470/3380 3725/3469/3379
f 3663/3407/3267 3664/3408/3327 3727/3471/3381 3726/3470/3380
f 3664/3408/3327 3665/3409/3252 3728/3472/3276 3727/3471/3381
f 3665/3409/3252 3666/3410/2974 3729/3473/3382 3728/3472/3276
f 3666/3410/2974 3667/3411/3328 3730/3474/3383 3729/3473/3382
f 3667/3411/3328 3668/3412/3329 3731/3475/3384 3730/3474/3383
f 3668/3412/3329 3669/3413/3278 3732/3476/3093 3731/3475/3384
f 3669/3413/3278 3670/3414/3330 3733/3477/3385 3732/3476/3093
f 3670/3414/3330 3671/3415/2906 3734/3478/3386 3733/3477/3385
f 3671/3415/2906 3672/3416/2971 3735/3479/3387 3734/3478/3386
f 3672/3416/2971 3673/3417/3331 3736/3480/3388 3735/3479/3387
f 3673/3417/3331 3674/3418/2778 3737/3481/2778 3736/3480/3388
f 3674/3418/2778 3675/3419/3332 3738/3482/1650 3737/3481/2778
f 3675/3419/3332 3676/3420/3333 3739/3483/3389 3738/3482/1650
f 3676/3420/3333 3677/3421/3334 3740/3484/2780 3739/3483/3389
f 3677/3421/3334 3678/3422/3335 3741/3485/3390 3740/3484/2780
f 3678/3422/3335 3679/3423/3336 3742/3486/3391 3741/3485/3390
f 3679/3423/3336 3680/3424/3337 3743/3487/3392 3742/3486/3391
f 3680/3424/3337 3681/3425/3338 3744/3488/3393 3743/3487/3392
f 3681/3425/3338 3682/3426/3339 3745/3489/3394 3744/3488/3393
f 3682/3426/3339 3683/3427/3340 3746/3490/3395 3745/3489/3394
f 3683/3427/3340 3684/3428/3341 3747/3491/3396 3746/3490/3395
f 3684/3428/3341 3685/3429/3342 3748/3492/3397 3747/3491/3396
f 3685/3429/3342 3686/3430/3343 3749/3493/3398 3748/3492/3397
f 3686/3430/3343 3687/3431/3344 3750/3494/3399 3749/3493/3398
f 3687/3431/3344 3688/3432/3345 3751/3495/3400 3750/3494/3399
f 3688/3432/3345 3689/3433/3346 3752/3496/3401 3751/3495/3400
f 3689/3433/3346 3690/3434/3347 3753/3497/3402 3752/3496/3401
f 3690/3434/3347 3691/3435/3348 3754/3498/3403 3753/3497/3402
f 3691/3435/3348 3692/3436/3349 3755/3499/3404 3754/3498/3403
f 3692/3436/3349 3693/3437/3350 3756/3500/3405 3755/3499/3404
f 3693/3437/3350 3694/3438/3351 3757/3501/3406 3756/3500/3405
f 3694/3438/3351 3695/3439/3352 3758/3502/3407 3757/3501/3406
f 3695/3439/3352 3696/3440/3353 3759/3503/3408 3758/3502/3407
f 3696/3440/3353 3697/3441/3354 3760/3504/3409 3759/3503/3408
f 3697/3441/3354 3698/3442/3355 3761/3505/3410 3760/3504/3409
f 3698/3442/3355 3699/3443/3356 3762/3506/3411 3761/3505/3410
f 3699/3443/3356 3700/3444/3357 3763/3507/3412 3762/3506/3411
f 3700/3444/3357 3701/3445/3358 3764/3508/3413 3763/3507/3412
f 3701/3445/3358 3702/3446/3359 3765/3509/3414 3764/3508/3413
f 3702/3446/3359 3703/3447/3360 3766/3510/3415 3765/3509/3414
f 3703/3447/3360 3704/3448/3361 3767/3511/3416 3766/3510/3415
f 3704/3448/3361 3705/3449/3362 3768/3512/3417 3767/3511/3416
f 3705/3449/3362 3706/3450/3363 3769/3513/3418 3768/3512/3417
f 3706/3450/3363 3707/3451/3364 3770/3514/3419 3769/3513/3418
f 3707/3451/3364 3708/3452/3365 3771/3515/3420 3770/3514/3419
f 3708/3452/3365 3709/3453/3366 3772/3516/3421 3771/3515/3420
f 3709/3453/3366 3710/3454/3367 3773/3517/3422 3772/3516/3421
f 3710/3454/3367 3711/3455/3368 3774/3518/3423 3773/3517/3422
f 3711/3455/3368 3712/3456/3369 3775/3519/3424 3774/3518/3423
f 3712/3456/3369 3713/3457/3370 3776/3520/3425 3775/3519/3424
f 3713/3457/3370 3714/3458/3371 3777/3521/3426 3776/3520/3425
f 3714/3458/3371 3715/3459/3372 3778/3522/3427 3777/3521/3426
f 3715/3459/3372 3716/3460/3373 3779/3523/3428 3778/3522/3427
f 3716/3460/3373 3717/3461/3374 3780/3524/3429 3779/3523/3428
f 3717/3461/3374 3718/3462/3375 3781/3525/3430 3780/3524/3429
f 3718/3462/3375 3719/3463/3376 3782/3526/3431 3781/3525/3430
f 3719/3463/3376 3720/3464/3377 3783/3527/3432 3782/3526/3431
f 3720/3464/3377 3721/3465/3378 3784/3528/3433 3783/3527/3432
f 3722/3467/3268 3723/3466/2966 3786/3529/3434 3785/3530/3435
f 3723/3466/2966 3724/3468/3088 3787/3531/2966 3786/3529/3434
f 3724/3468/3088 3725/3469/3379 3788/3532/3210 3787/3531/2966
f 3725/3469/3379 3726/3470/3380 3789/3533/3277 3788/3532/3210
f 3726/3470/3380 3727/3471/3381 3790/3534/3436 3789/3533/3277
f 3727/3471/3381 3728/3472/3276 3791/3535/3031 3790/3534/3436
f 3728/3472/3276 3729/3473/3382 3792/3536/3437 3791/3535/3031
f 3729/3473/3382 3730/3474/3383 3793/3537/3089 3792/3536/3437
f 3730/3474/3383 3731/3475/3384 3794/3538/3211 3793/3537/3089
f 3731/3475/3384 3732/3476/3093 3795/3539/3438 3794/3538/3211
f 3732/3476/3093 3733/3477/3385 3796/3540/3217 3795/3539/3438
f 3733/3477/3385 3734/3478/3386 3797/3541/3439 3796/3540/3217
f 3734/3478/3386 3735/3479/3387 3798/3542/3440 3797/3541/3439
f 3735/3479/3387 3736/3480/3388 3799/3543/2655 3798/3542/3440
f 3736/3480/3388 3737/3481/2778 3800/3544/3387 3799/3543/2655
f 3737/3481/2778 3738/3482/1650 3801/3545/3441 3800/3544/3387
f 3738/3482/1650 3739/3483/3389 3802/3546/3216 3801/3545/3441
f 3739/3483/3389 3740/3484/2780 3803/3547/3216 3802/3546/3216
f 3740/3484/2780 3741/3485/3390 3804/3548/3442 3803/3547/3216
f 3741/3485/3390 3742/3486/3391 3805/3549/3443 3804/3548/3442
f 3742/3486/3391 3743/3487/3392 3806/3550/3444 3805/3549/3443
f 3743/3487/3392 3744/3488/3393 3807/3551/3445 3806/3550/3444
f 3744/3488/3393 3745/3489/3394 3808/3552/3446 3807/3551/3445
f 3745/3489/3394 3746/3490/3395 3809/3553/3447 3808/3552/3446
f 3746/3490/3395 3747/3491/3396 3810/3554/3448 3809/3553/3447
f 3747/3491/3396 3748/3492/3397 3811/3555/3449 3810/3554/3448
f 3748/3492/3397 3749/3493/3398 3812/3556/3450 3811/3555/3449
f 3749/3493/3398 3750/3494/3399 3813/3557/3451 3812/3556/3450
f 3750/3494/3399 3751/3495/3400 3814/3558/3452 3813/3557/3451
f 3751/3495/3400 3752/3496/3401 3815/3559/3453 3814/3558/3452
f 3752/3496/3401 3753/3497/3402 3816/3560/3454 3815/3559/3453
f 3753/3497/3402 3754/3498/3403 3817/3561/3455 3816/3560/3454
f 3754/3498/3403 3755/3499/3404 3818/3562/3456 3817/3561/3455
f 3755/3499/3404 3756/3500/3405 3819/3563/3457 3818/3562/3456
f 3756/3500/3405 3757/3501/3406 3820/3564/3458 3819/3563/3457
f 3757/3501/3406 3758/3502/3407 3821/3565/3459 3820/3564/3458
f 3758/3502/3407 3759/3503/3408 3822/3566/3460 3821/3565/3459
f 3759/3503/3408 3760/3504/3409 3823/3567/3461 3822/3566/3460
f 3760/3504/3409 3761/3505/3410 3824/3568/3462 3823/3567/3461
f 3761/3505/3410 3762/3506/3411 3825/3569/3463 3824/3568/3462
f 3762/3506/3411 3763/3507/3412 3826/3570/3464 3825/3569/3463
f 3763/3507/3412 3764/3508/3413 3827/3571/3465 3826/3570/3464
f 3764/3508/3413 3765/3509/3414 3828/3572/3466 3827/3571/3465
f 3765/3509/3414 3766/3510/3415 3829/3573/3467 3828/3572/3466
f 3766/3510/3415 3767/3511/3416 3830/3574/3468 3829/3573/3467
f 3767/3511/3416 3768/3512/3417 3831/3575/3469 3830/3574/3468
f 3768/3512/3417 3769/3513/3418 3832/3576/3470 3831/3575/3469
f 3769/3513/3418 3770/3514/3419 3833/3577/3471 3832/3576/3470
f 3770/3514/3419 3771/3515/3420 3834/3578/3472 3833/3577/3471
f 3771/3515/3420 3772/3516/3421 3835/3579/3473 3834/3578/3472
f 3772/3516/3421 3773/3517/3422 3836/3580/3474 3835/3579/3473
f 3773/3517/3422 3774/3518/3423 3837/3581/3475 3836/3580/3474
f 3774/3518/3423 3775/3519/3424 3838/3582/3476 3837/3581/3475
f 3775/3519/3424 3776/3520/3425 3839/3583/3477 3838/3582/3476
f 3776/3520/3425 3777/3521/3426 3840/3584/3478 3839/3583/3477
f 3777/3521/3426 3778/3522/3427 3841/3585/3479 3840/3584/3478
f 3778/3522/3427 3779/3523/3428 3842/3586/3480 3841/3585/3479
f 3779/3523/3428 3780/3524/3429 3843/3587/3481 3842/3586/3480
f 3780/3524/3429 3781/3525/3430 3844/3588/3482 3843/3587/3481
f 3781/3525/3430 3782/3526/3431 3845/3589/3483 3844/3588/3482
f 3782/3526/3431 3783/3527/3432 3846/3590/3484 3845/3589/3483
f 3783/3527/3432 3784/3528/3433 3847/3591/3485 3846/3590/3484
f 3785/3530/3435 3786/3529/3434 3849/3592/3486 3848/3593/3487
f 3786/3529/3434 3787/3531/2966 3850/3594/3209 3849/3592/3486
f 3787/3531/2966 3788/3532/3210 3851/3595/2903 3850/3594/3209
f 3788/3532/3210 3789/3533/3277 3852/3596/3488 3851/3595/2903
f 3789/3533/3277 3790/3534/3436 3853/3597/3267 3852/3596/3488
f 3790/3534/3436 3791/3535/3031 3854/3598/3489 3853/3597/3267
f 3791/3535/3031 3792/3536/3437 3855/3599/3031 3854/3598/3489
f 3792/3536/3437 3793/3537/3089 3856/3600/3489 3855/3599/3031
f 3793/3537/3089 3794/3538/3211 3857/3601/3490 3856/3600/3489
f 3794/3538/3211 3795/3539/3438 3858/3602/3491 3857/3601/3490
f 3795/3539/3438 3796/3540/3217 3859/3603/3492 3858/3602/3491
f 3796/3540/3217 3797/3541/3439 3860/3604/3089 3859/3603/3492
f 3797/3541/3439 3798/3542/3440 3861/3605/3493 3860/3604/3089
f 3798/3542/3440 3799/3543/2655 3862/3606/3494 3861/3605/3493
f 3799/3543/2655 3800/3544/3387 3863/3607/3495 3862/3606/3494
f 3800/3544/3387 3801/3545/3441 3864/3608/3496 3863/3607/3495
f 3801/3545/3441 3802/3546/3216 3865/3609/3032 3864/3608/3496
f 3802/3546/3216 3803/3547/3216 3866/3610/3497 3865/3609/3032
f 3803/3547/3216 3804/3548/3442 3867/3611/3093 3866/3610/3497
f 3804/3548/3442 3805/3549/3443 3868/3612/3498 3867/3611/3093
f 3805/3549/3443 3806/3550/3444 3869/3613/3499 3868/3612/3498
f 3806/3550/3444 3807/3551/3445 3870/3614/3500 3869/3613/3499
f 3807/3551/3445 3808/3552/3446 3871/3615/3501 3870/3614/3500
f 3808/3552/3446 3809/3553/3447 3872/3616/3502 3871/3615/3501
f 3809/3553/3447 3810/3554/3448 3873/3617/3503 3872/3616/3502
f 3810/3554/3448 3811/3555/3449 3874/3618/3504 3873/3617/3503
f 3811/3555/3449 3812/3556/3450 3875/3619/3505 3874/3618/3504
f 3812/3556/3450 3813/3557/3451 3876/3620/3506 3875/3619/3505
f 3813/3557/3451 3814/3558/3452 3877/3621/3507 3876/3620/3506
f 3814/3558/3452 3815/3559/3453 3878/3622/3508 3877/3621/3507
f 3815/3559/3453 3816/3560/3454 3879/3623/3509 3878/3622/3508
f 3816/3560/3454 3817/3561/3455 3880/3624/3510 3879/3623/3509
f 3817/3561/3455 3818/3562/3456 3881/3625/3511 3880/3624/3510
f 3818/3562/3456 3819/3563/3457 3882/3626/3512 3881/3625/3511
f 3819/3563/3457 3820/3564/3458 3883/3627/3513 3882/3626/3512
f 3820/3564/3458 3821/3565/3459 3884/3628/3514 3883/3627/3513
f 3821/3565/3459 3822/3566/3460 3885/3629/3515 3884/3628/3514
f 3822/3566/3460 3823/3567/3461 3886/3630/3516 3885/3629/3515
f 3823/3567/3461 3824/3568/3462 3887/3631/3517 3886/3630/3516
f 3824/3568/3462 3825/3569/3463 3888/3632/3518 3887/3631/3517
f 3825/3569/3463 3826/3570/3464 3889/3633/3519 3888/3632/3518
f 3826/3570/3464 3827/3571/3465 3890/3634/3520 3889/3633/3519
f 3827/3571/3465 3828/3572/3466 3891/3635/3521 3890/3634/3520
f 3828/3572/3466 3829/3573/3467 3892/3636/3522 3891/3635/3521
f 3829/3573/3467 3830/3574/3468 3893/3637/3523 3892/3636/3522
f 3830/3574/3468 3831/3575/3469 3894/3638/3524 3893/3637/3523
f 3831/3575/3469 3832/3576/3470 3895/3639/3525 3894/3638/3524
f 3832/3576/3470 3833/3577/3471 3896/3640/3526 3895/3639/3525
f 3833/3577/3471 3834/3578/3472 3897/3641/3527 3896/3640/3526
f 3834/3578/3472 3835/3579/3473 3898/3642/3528 3897/3641/3527
f 3835/3579/3473 3836/3580/3474 3899/3643/3529 3898/3642/3528
f 3836/3580/3474 3837/3581/3475 3900/3644/3530 3899/3643/3529
f 3837/3581/3475 3838/3582/3476 3901/3645/3531 3900/3644/3530
f 3838/3582/3476 3839/3583/3477 3902/3646/3532 3901/3645/3531
f 3839/3583/3477 3840/3584/3478 3903/3647/3533 3902/3646/3532
f 3840/3584/3478 3841/3585/3479 3904/3648/3534 3903/3647/3533
f 3841/3585/3479 3842/3586/3480 3905/3649/3535 3904/3648/3534
f 3842/3586/3480 3843/3587/3481 3906/3650/3536 3905/3649/3535
f 3843/3587/3481 3844/3588/3482 3907/3651/3537 3906/3650/3536
f 3844/3588/3482 3845/3589/3483 3908/3652/3538 3907/3651/3537
f 3845/3589/3483 3846/3590/3484 3909/3653/3539 3908/3652/3538
f 3846/3590/3484 3847/3591/3485 3910/3654/3540 3909/3653/3539
f 3848/3593/3487 3849/3592/3486 3912/3655/3541 3911/3656/3153
f 3849/3592/3486 3850/3594/3209 3913/3657/3542 3912/3655/3541
f 3850/3594/3209 3851/3595/2903 3914/3658/3543 3913/3657/3542
f 3851/3595/2903 3852/3596/3488 3915/3659/3090 3914/3658/3543
f 3852/3596/3488 3853/3597/3267 3916/3660/3090 3915/3659/3090
f 3853/3597/3267 3854/3598/3489 3917/3661/3544 3916/3660/3090
f 3854/3598/3489 3855/3599/3031 3918/3662/3089 3917/3661/3544
f 3855/3599/3031 3856/3600/3489 3919/3663/3152 3918/3662/3089
f 3856/3600/3489 3857/3601/3490 3920/3664/3090 3919/3663/3152
f 3857/3601/3490 3858/3602/3491 3921/3665/3441 3920/3664/3090
f 3858/3602/3491 3859/3603/3492 3922/3666/3493 3921/3665/3441
f 3859/3603/3492 3860/3604/3089 3923/3667/3489 3922/3666/3493
f 3860/3604/3089 3861/3605/3493 3924/3668/3491 3923/3667/3489
f 3861/3605/3493 3862/3606/3494 3925/3669/3273 3924/3668/3491
f 3862/3606/3494 3863/3607/3495 3926/3670/3333 3925/3669/3273
f 3863/3607/3495 3864/3608/3496 3927/3671/3545 3926/3670/3333
f 3864/3608/3496 3865/3609/3032 3928/3672/3546 3927/3671/3545
f 3865/3609/3032 3866/3610/3497 3929/3673/3438 3928/3672/3546
f 3866/3610/3497 3867/3611/3093 3930/3674/3547 3929/3673/3438
f 3867/3611/3093 3868/3612/3498 3931/3675/2655 3930/3674/3547
f 3868/3612/3498 3869/3613/3499 3932/3676/61 3931/3675/2655
f 3869/3613/3499 3870/3614/3500 3933/3677/3327 3932/3676/61
f 3870/3614/3500 3871/3615/3501 3934/3678/3548 3933/3677/3327
f 3871/3615/3501 3872/3616/3502 3935/3679/3491 3934/3678/3548
f 3872/3616/3502 3873/3617/3503 3936/3680/3549 3935/3679/3491
f 3873/3617/3503 3874/3618/3504 3937/3681/3550 3936/3680/3549
f 3874/3618/3504 3875/3619/3505 3938/3682/3551 3937/3681/3550
f 3875/3619/3505 3876/3620/3506 3939/3683/3552 3938/3682/3551
f 3876/3620/3506 3877/3621/3507 3940/3684/3553 3939/3683/3552
f 3877/3621/3507 3878/3622/3508 3941/3685/3554 3940/3684/3553
f 3878/3622/3508 3879/3623/3509 3942/3686/3555 3941/3685/3554
f 3879/3623/3509 3880/3624/3510 3943/3687/3556 3942/3686/3555
f 3880/3624/3510 3881/3625/3511 3944/3688/3557 3943/3687/3556
f 3881/3625/3511 3882/3626/3512 3945/3689/3558 3944/3688/3557
f 3882/3626/3512 3883/3627/3513 3946/3690/3559 3945/3689/3558
f 3883/3627/3513 3884/3628/3514 3947/3691/3560 3946/3690/3559
f 3884/3628/3514 3885/3629/3515 3948/3692/3561 3947/3691/3560
f 3885/3629/3515 3886/3630/3516 3949/3693/3562 3948/3692/3561
f 3886/3630/3516 3887/3631/3517 3950/3694/3563 3949/3693/3562
f 3887/3631/3517 3888/3632/3518 3951/3695/3564 3950/3694/3563
f 3888/3632/3518 3889/3633/3519 3952/3696/3565 3951/3695/3564
f 3889/3633/3519 3890/3634/3520 3953/3697/3566 3952/3696/3565
f 3890/3634/3520 3891/3635/3521 3954/3698/3567 3953/3697/3566
f 3891/3635/3521 3892/3636/3522 3955/3699/3568 3954/3698/3567
f 3892/3636/3522 3893/3637/3523 3956/3700/3569 3955/3699/3568
f 3893/3637/3523 3894/3638/3524 3957/3701/3570 3956/3700/3569
f 3894/3638/3524 3895/3639/3525 3958/3702/3571 3957/3701/3570
f 3895/3639/3525 3896/3640/3526 3959/3703/3572 3958/3702/3571
f 3896/3640/3526 3897/3641/3527 3960/3704/3573 3959/3703/3572
f 3897/3641/3527 3898/3642/3528 3961/3705/3574 3960/3704/3573
f 3898/3642/3528 3899/3643/3529 3962/3706/3575 3961/3705/3574
f 3899/3643/3529 3900/3644/3530 3963/3707/3576 3962/3706/3575
f 3900/3644/3530 3901/3645/3531 3964/3708/3577 3963/3707/3576
f 3901/3645/3531 3902/3646/3532 3965/3709/3578 3964/3708/3577
f 3902/3646/3532 3903/3647/3533 3966/3710/3579 3965/3709/3578
f 3903/3647/3533 3904/3648/3534 3967/3711/3580 3966/3710/3579
f 3904/3648/3534 3905/3649/3535 3968/3712/3581 3967/3711/3580
f 3905/3649/3535 3906/3650/3536 3969/3713/3582 3968/3712/3581
f 3906/3650/3536 3907/3651/3537 3970/3714/3583 3969/3713/3582
f 3907/3651/3537 3908/3652/3538 3971/3715/3584 3970/3714/3583
f 3908/3652/3538 3909/3653/3539 3972/3716/3585 3971/3715/3584
f 3909/3653/3539 3910/3654/3540 3973/3717/3586 3972/3716/3585
f 3911/3656/3153 3912/3655/3541 3975/3718/3380 3974/3719/2969
f 3912/3655/3541 3913/3657/3542 3976/3720/3587 3975/3718/3380
f 3913/3657/3542 3914/3658/3543 3977/3721/3543 3976/3720/3587
f 3914/3658/3543 3915/3659/3090 3978/3722/3210 3977/3721/3543
f 3915/3659/3090 3916/3660/3090 3979/3723/3588 3978/3722/3210
f 3916/3660/3090 3917/3661/3544 3980/3724/3153 3979/3723/3588
f 3917/3661/3544 3918/3662/3089 3981/3725/3546 3980/3724/3153
f 3918/3662/3089 3919/3663/3152 3982/3726/3589 3981/3725/3546
f 3919/3663/3152 3920/3664/3090 3983/3727/3270 3982/3726/3589
f 3920/3664/3090 3921/3665/3441 3984/3728/618 3983/3727/3270
f 3921/3665/3441 3922/3666/3493 3985/3729/3387 3984/3728/618
f 3922/3666/3493 3923/3667/3489 3986/3730/3590 3985/3729/3387
f 3923/3667/3489 3924/3668/3491 3987/3731/3591 3986/3730/3590
f 3924/3668/3491 3925/3669/3273 3988/3732/3491 3987/3731/3591
f 3925/3669/3273 3926/3670/3333 3989/3733/3592 3988/3732/3491
f 3926/3670/3333 3927/3671/3545 3990/3734/3592 3989/3733/3592
f 3927/3671/3545 3928/3672/3546 3991/3735/3593 3990/3734/3592
f 3928/3672/3546 3929/3673/3438 3992/3736/2840 3991/3735/3593
f 3929/3673/3438 3930/3674/3547 3993/3737/3211 3992/3736/2840
f 3930/3674/3547 3931/3675/2655 3994/3738/3594 3993/3737/3211
f 3931/3675/2655 3932/3676/61 3995/3739/61 3994/3738/3594
f 3932/3676/61 3933/3677/3327 3996/3740/3090 3995/3739/61
f 3933/3677/3327 3934/3678/3548 3997/3741/3595 3996/3740/3090
f 3934/3678/3548 3935/3679/3491 3998/3742/3596 3997/3741/3595
f 3935/3679/3491 3936/3680/3549 3999/3743/3597 3998/3742/3596
f 3936/3680/3549 3937/3681/3550 4000/3744/61 3999/3743/3597
f 3937/3681/3550 3938/3682/3551 4001/3745/61 4000/3744/61
f 3938/3682/3551 3939/3683/3552 4002/3746/61 4001/3745/61
f 3939/3683/3552 3940/3684/3553 4003/3747/61 4002/3746/61
f 3940/3684/3553 3941/3685/3554 4004/3748/3598 4003/3747/61
f 3941/3685/3554 3942/3686/3555 4005/3749/3599 4004/3748/3598
f 3942/3686/3555 3943/3687/3556 4006/3750/3600 4005/3749/3599
f 3943/3687/3556 3944/3688/3557 4007/3751/3601 4006/3750/3600
f 3944/3688/3557 3945/3689/3558 4008/3752/3602 4007/3751/3601
f 3945/3689/3558 3946/3690/3559 4009/3753/3603 4008/3752/3602
f 3946/3690/3559 3947/3691/3560 4010/3754/3604 4009/3753/3603
f 3947/3691/3560 3948/3692/3561 4011/3755/3605 4010/3754/3604
f 3948/3692/3561 3949/3693/3562 4012/3756/3606 4011/3755/3605
f 3949/3693/3562 3950/3694/3563 4013/3757/3607 4012/3756/3606
f 3950/3694/3563 3951/3695/3564 4014/3758/3608 4013/3757/3607
f 3951/3695/3564 3952/3696/3565 4015/3759/3609 4014/3758/3608
f 3952/3696/3565 3953/3697/3566 4016/3760/3610 4015/3759/3609
f 3953/3697/3566 3954/3698/3567 4017/3761/3611 4016/3760/3610
f 3954/3698/3567 3955/3699/3568 4018/3762/3612 4017/3761/3611
f 3955/3699/3568 3956/3700/3569 4019/3763/3613 4018/3762/3612
f 3956/3700/3569 3957/3701/3570 4020/3764/3614 4019/3763/3613
f 3957/3701/3570 3958/3702/3571 4021/3765/3615 4020/3764/3614
f 3958/3702/3571 3959/3703/3572 4022/3766/3616 4021/3765/3615
f 3959/3703/3572 3960/3704/3573 4023/3767/3617 4022/3766/3616
f 3960/3704/3573 3961/3705/3574 4024/3768/3618 4023/3767/3617
f 3961/3705/3574 3962/3706/3575 4025/3769/3619 4024/3768/3618
f 3962/3706/3575 3963/3707/3576 4026/3770/3620 4025/3769/3619
f 3963/3707/3576 3964/3708/3577 4027/3771/3621 4026/3770/3620
f 3964/3708/3577 3965/3709/3578 4028/3772/3622 4027/3771/3621
f 3965/3709/3578 3966/3710/3579 4029/3773/3623 4028/3772/3622
f 3966/3710/3579 3967/3711/3580 4030/3774/3624 4029/3773/3623
f 3967/3711/3580 3968/3712/3581 4031/3775/3625 4030/3774/3624
f 3968/3712/3581 3969/3713/3582 4032/3776/3626 4031/3775/3625
f 3969/3713/3582 3970/3714/3583 4033/3777/3627 4032/3776/3626
f 3970/3714/3583 3971/3715/3584 4034/3778/3628 4033/3777/3627
f 3971/3715/3584 3972/3716/3585 4035/3779/3629 4034/3778/3628
f 3972/3716/3585 3973/3717/3586 4036/3780/3630 4035/3779/3629
f 3974/3719/2969 3975/3718/3380 4038/3781/3631 4037/3782/3632
f 3975/3718/3380 3976/3720/3587 4039/3783/2966 4038/3781/3631
f 3976/3720/3587 3977/3721/3543 4040/3784/2779 4039/3783/2966
f 3977/3721/3543 3978/3722/3210 4041/3785/3382 4040/3784/2779
f 3978/3722/3210 3979/3723/3588 4042/3786/3388 4041/3785/3382
f 3979/3723/3588 3980/3724/3153 4043/3787/2970 4042/3786/3388
f 3980/3724/3153 3981/3725/3546 4044/3788/3276 4043/3787/2970
f 3981/3725/3546 3982/3726/3589 4045/3789/3633 4044/3788/3276
f 3982/3726/3589 3983/3727/3270 4046/3790/3381 4045/3789/3633
f 3983/3727/3270 3984/3728/618 4047/3791/3155 4046/3790/3381
f 3984/3728/618 3985/3729/3387 4048/3792/3634 4047/3791/3155
f 3985/3729/3387 3986/3730/3590 4049/3793/3491 4048/3792/3634
f 3986/3730/3590 3987/3731/3591 4050/3794/3151 4049/3793/3491
f 3987/3731/3591 3988/3732/3491 4051/3795/3590 4050/3794/3151
f 3988/3732/3491 3989/3733/3592 4052/3796/722 4051/3795/3590
f 3989/3733/3592 3990/3734/3592 4053/3797/3546 4052/3796/722
f 3990/3734/3592 3991/3735/3593 4054/3798/3486 4053/3797/3546
f 3991/3735/3593 3992/3736/2840 4055/3799/3635 4054/3798/3486
f 3992/3736/2840 3993/3737/3211 4056/3800/61 4055/3799/3635
f 3993/3737/3211 3994/3738/3594 4057/3801/61 4056/3800/61
f 3994/3738/3594 3995/3739/61 4058/3802/61 4057/3801/61
f 3995/3739/61 3996/3740/3090 4059/3803/61 4058/3802/61
f 3996/3740/3090 3997/3741/3595 4060/3804/3593 4059/3803/61
f 3997/3741/3595 3998/3742/3596 4061/3805/3489 4060/3804/3593
f 3998/3742/3596 3999/3743/3597 4062/3806/3593 4061/3805/3489
f 3999/3743/3597 4000/3744/61 4063/3807/61 4062/3806/3593
f 4000/3744/61 4001/3745/61 4064/3808/61 4063/3807/61
f 4001/3745/61 4002/3746/61 4065/3809/61 4064/3808/61
f 4002/3746/61 4003/3747/61 4066/3810/61 4065/3809/61
f 4003/3747/61 4004/3748/3598 4067/3811/61 4066/3810/61
f 4004/3748/3598 4005/3749/3599 4068/3812/61 4067/3811/61
f 4005/3749/3599 4006/3750/3600 4069/3813/3636 4068/3812/61
f 4006/3750/3600 4007/3751/3601 4070/3814/3637 4069/3813/3636
f 4007/3751/3601 4008/3752/3602 4071/3815/3638 4070/3814/3637
f 4008/3752/3602 4009/3753/3603 4072/3816/3639 4071/3815/3638
f 4009/3753/3603 4010/3754/3604 4073/3817/3640 4072/3816/3639
f 4010/3754/3604 4011/3755/3605 4074/3818/3641 4073/3817/3640
f 4011/3755/3605 4012/3756/3606 4075/3819/3642 4074/3818/3641
f 4012/3756/3606 4013/3757/3607 4076/3820/3643 4075/3819/3642
f 4013/3757/3607 4014/3758/3608 4077/3821/3644 4076/3820/3643
f 4014/3758/3608 4015/3759/3609 4078/3822/3645 4077/3821/3644
f 4015/3759/3609 4016/3760/3610 4079/3823/3646 4078/3822/3645
f 4016/3760/3610 4017/3761/3611 4080/3824/3647 4079/3823/3646
f 4017/3761/3611 4018/3762/3612 4081/3825/3648 4080/3824/3647
f 4018/3762/3612 4019/3763/3613 4082/3826/3649 4081/3825/3648
f 4019/3763/3613 4020/3764/3614 4083/3827/3650 4082/3826/3649
f 4020/3764/3614 4021/3765/3615 4084/3828/3651 4083/3827/3650
f 4021/3765/3615 4022/3766/3616 4085/3829/3652 4084/3828/3651
f 4022/3766/3616 4023/3767/3617 4086/3830/3653 4085/3829/3652
f 4023/3767/3617 4024/3768/3618 4087/3831/3654 4086/3830/3653
f 4024/3768/3618 4025/3769/3619 4088/3832/3655 4087/3831/3654
f 4025/3769/3619 4026/3770/3620 4089/3833/3656 4088/3832/3655
f 4026/3770/3620 4027/3771/3621 4090/3834/3657 4089/3833/3656
f 4027/3771/3621 4028/3772/3622 4091/3835/3658 4090/3834/3657
f 4028/3772/3622 4029/3773/3623 4092/3836/3659 4091/3835/3658
f 4029/3773/3623 4030/3774/3624 4093/3837/3660 4092/3836/3659
f 4030/3774/3624 4031/3775/3625 4094/3838/3661 4093/3837/3660
f 4031/3775/3625 4032/3776/3626 4095/3839/3662 4094/3838/3661
f 4032/3776/3626 4033/3777/3627 4096/3840/3663 4095/3839/3662
f 4033/3777/3627 4034/3778/3628 4097/3841/3664 4096/3840/3663
f 4034/3778/3628 4035/3779/3629 4098/3842/3665 4097/3841/3664
f 4035/3779/3629 4036/3780/3630 4099/3843/3666 4098/3842/3665
f 4037/3782/3632 4038/3781/3631 4101/3844/3667 4100/3845/3668
f 4038/3781/3631 4039/3783/2966 4102/3846/3267 4101/3844/3667
f 4039/3783/2966 4040/3784/2779 4103/3847/3216 4102/3846/3267
f 4040/3784/2779 4041/3785/3382 4104/3848/3669 4103/3847/3216
f 4041/3785/3382 4042/3786/3388 4105/3849/3670 4104/3848/3669
f 4042/3786/3388 4043/3787/2970 4106/3850/3541 4105/3849/3670
f 4043/3787/2970 4044/3788/3276 4107/3851/3211 4106/3850/3541
f 4044/3788/3276 4045/3789/3633 4108/3852/3438 4107/3851/3211
f 4045/3789/3633 4046/3790/3381 4109/3853/3327 4108/3852/3438
f 4046/3790/3381 4047/3791/3155 4110/3854/2906 4109/3853/3327
f 4047/3791/3155 4048/3792/3634 4111/3855/618 4110/3854/2906
f 4048/3792/3634 4049/3793/3491 4112/3856/3151 4111/3855/618
f 4049/3793/3491 4050/3794/3151 4113/3857/3153 4112/3856/3151
f 4050/3794/3151 4051/3795/3590 4114/3858/3671 4113/3857/3153
f 4051/3795/3590 4052/3796/722 4115/3859/3545 4114/3858/3671
f 4052/3796/722 4053/3797/3546 4116/3860/3672 4115/3859/3545
f 4053/3797/3546 4054/3798/3486 4117/3861/3438 4116/3860/3672
f 4054/3798/3486 4055/3799/3635 4118/3862/61 4117/3861/3438
f 4055/3799/3635 4056/3800/61 4119/3863/61 4118/3862/61
f 4056/3800/61 4057/3801/61 4120/3864/61 4119/3863/61
f 4057/3801/61 4058/3802/61 4121/3865/61 4120/3864/61
f 4058/3802/61 4059/3803/61 4122/3866/61 4121/3865/61
f 4059/3803/61 4060/3804/3593 4123/3867/61 4122/3866/61
f 4060/3804/3593 4061/3805/3489 4124/3868/61 4123/3867/61
f 4061/3805/3489 4062/3806/3593 4125/3869/61 4124/3868/61
f 4062/3806/3593 4063/3807/61 4126/3870/61 4125/3869/61
f 4063/3807/61 4064/3808/61 4127/3871/61 4126/3870/61
f 4064/3808/61 4065/3809/61 4128/3872/61 4127/3871/61
f 4065/3809/61 4066/3810/61 4129/3873/61 4128/3872/61
f 4066/3810/61 4067/3811/61 4130/3874/61 4129/3873/61
f 4067/3811/61 4068/3812/61 4131/3875/61 4130/3874/61
f 4068/3812/61 4069/3813/3636 4132/3876/61 4131/3875/61
f 4069/3813/3636 4070/3814/3637 4133/3877/3673 4132/3876/61
f 4070/3814/3637 4071/3815/3638 4134/3878/3674 4133/3877/3673
f 4071/3815/3638 4072/3816/3639 4135/3879/3675 4134/3878/3674
f 4072/3816/3639 4073/3817/3640 4136/3880/3676 4135/3879/3675
f 4073/3817/3640 4074/3818/3641 4137/3881/3677 4136/3880/3676
f 4074/3818/3641 4075/3819/3642 4138/3882/3678 4137/3881/3677
f 4075/3819/3642 4076/3820/3643 4139/3883/3679 4138/3882/3678
f 4076/3820/3643 4077/3821/3644 4140/3884/3680 4139/3883/3679
f 4077/3821/3644 4078/3822/3645 4141/3885/3681 4140/3884/3680
f 4078/3822/3645 4079/3823/3646 4142/3886/3682 4141/3885/3681
f 4079/3823/3646 4080/3824/3647 4143/3887/3683 4142/3886/3682
f 4080/3824/3647 4081/3825/3648 4144/3888/3684 4143/3887/3683
f 4081/3825/3648 4082/3826/3649 4145/3889/3685 4144/3888/3684
f 4082/3826/3649 4083/3827/3650 4146/3890/3686 4145/3889/3685
f 4083/3827/3650 4084/3828/3651 4147/3891/3687 4146/3890/3686
f 4084/3828/3651 4085/3829/3652 4148/3892/3688 4147/3891/3687
f 4085/3829/3652 4086/3830/3653 4149/3893/3689 4148/3892/3688
f 4086/3830/3653 4087/3831/3654 4150/3894/3690 4149/3893/3689
f 4087/3831/3654 4088/3832/3655 4151/3895/693 4150/3894/3690
f 4088/3832/3655 4089/3833/3656 4152/3896/3691 4151/3895/693
f 4089/3833/3656 4090/3834/3657 4153/3897/3692 4152/3896/3691
f 4090/3834/3657 4091/3835/3658 4154/3898/3693 4153/3897/3692
f 4091/3835/3658 4092/3836/3659 4155/3899/3694 4154/3898/3693
f 4092/3836/3659 4093/3837/3660 4156/3900/3695 4155/3899/3694
f 4093/3837/3660 4094/3838/3661 4157/3901/3696 4156/3900/3695
f 4094/3838/3661 4095/3839/3662 4158/3902/3697 4157/3901/3696
f 4095/3839/3662 4096/3840/3663 4159/3903/3698 4158/3902/3697
f 4096/3840/3663 4097/3841/3664 4160/3904/3699 4159/3903/3698
f 4097/3841/3664 4098/3842/3665 4161/3905/3700 4160/3904/3699
f 4098/3842/3665 4099/3843/3666 4162/3906/3701 4161/3905/3700
f 4100/3845/3668 4101/3844/3667 4164/3907/3702 4163/3908/3385
f 4101/3844/3667 4102/3846/3267 4165/3909/3032 4164/3907/3702
f 4102/3846/3267 4103/3847/3216 4166/3910/3215 4165/3909/3032
f 4103/3847/3216 4104/3848/3669 4167/3911/3217 4166/3910/3215
f 4104/3848/3669 4105/3849/3670 4168/3912/3546 4167/3911/3217
f 4105/3849/3670 4106/3850/3541 4169/3913/3703 4168/3912/3546
f 4106/3850/3541 4107/3851/3211 4170/3914/3704 4169/3913/3703
f 4107/3851/3211 4108/3852/3438 4171/3915/3438 4170/3914/3704
f 4108/3852/3438 4109/3853/3327 4172/3916/3389 4171/3915/3438
f 4109/3853/3327 4110/3854/2906 4173/3917/3545 4172/3916/3389
f 4110/3854/2906 4111/3855/618 4174/3918/3705 4173/3917/3545
f 4111/3855/618 4112/3856/3151 4175/3919/3635 4174/3918/3705
f 4112/3856/3151 4113/3857/3153 4176/3920/3706 4175/3919/3635
f 4113/3857/3153 4114/3858/3671 4177/3921/3707 4176/3920/3706
f 4114/3858/3671 4115/3859/3545 4178/3922/3708 4177/3921/3707
f 4115/3859/3545 4116/3860/3672 4179/3923/3709 4178/3922/3708
f 4116/3860/3672 4117/3861/3438 4180/3924/3635 4179/3923/3709
f 4117/3861/3438 4118/3862/61 4181/3925/61 4180/3924/3635
f 4118/3862/61 4119/3863/61 4182/3926/61 4181/3925/61
f 4119/3863/61 4120/3864/61 4183/3927/61 4182/3926/61
f 4120/3864/61 4121/3865/61 4184/3928/61 4183/3927/61
f 4121/3865/61 4122/3866/61 4185/3929/61 4184/3928/61
f 4122/3866/61 4123/3867/61 4186/3930/61 4185/3929/61
f 4123/3867/61 4124/3868/61 4187/3931/61 4186/3930/61
f 4124/3868/61 4125/3869/61 4188/3932/61 4187/3931/61
f 4125/3869/61 4126/3870/61 4189/3933/61 4188/3932/61
f 4126/3870/61 4127/3871/61 4190/3934/61 4189/3933/61
f 4127/3871/61 4128/3872/61 4191/3935/61 4190/3934/61
f 4128/3872/61 4129/3873/61 4192/3936/61 4191/3935/61
f 4129/3873/61 4130/3874/61 4193/3937/61 4192/3936/61
f 4130/3874/61 4131/3875/61 4194/3938/61 4193/3937/61
f 4131/3875/61 4132/3876/61 4195/3939/61 4194/3938/61
f 4132/3876/61 4133/3877/3673 4196/3940/61 4195/3939/61
f 4133/3877/3673 4134/3878/3674 4197/3941/3710 4196/3940/61
f 4134/3878/3674 4135/3879/3675 4198/3942/3711 4197/3941/3710
f 4135/3879/3675 4136/3880/3676 4199/3943/3712 4198/3942/3711
f 4136/3880/3676 4137/3881/3677 4200/3944/3713 4199/3943/3712
f 4137/3881/3677 4138/3882/3678 4201/3945/3714 4200/3944/3713
f 4138/3882/3678 4139/3883/3679 4202/3946/3715 4201/3945/3714
f 4139/3883/3679 4140/3884/3680 4203/3947/3716 4202/3946/3715
f 4140/3884/3680 4141/3885/3681 4204/3948/3717 4203/3947/3716
f 4141/3885/3681 4142/3886/3682 4205/3949/3718 4204/3948/3717
f 4142/3886/3682 4143/3887/3683 4206/3950/3719 4205/3949/3718
f 4143/3887/3683 4144/3888/3684 4207/3951/3720 4206/3950/3719
f 4144/3888/3684 4145/3889/3685 4208/3952/3721 4207/3951/3720
f 4145/3889/3685 4146/3890/3686 4209/3953/3722 4208/3952/3721
f 4146/3890/3686 4147/3891/3687 4210/3954/3723 4209/3953/3722
f 4147/3891/3687 4148/3892/3688 4211/3955/3724 4210/3954/3723
f 4148/3892/3688 4149/3893/3689 4212/3956/3725 4211/3955/3724
f 4149/3893/3689 4150/3894/3690 4213/3957/3726 4212/3956/3725
f 4150/3894/3690 4151/3895/693 4214/3958/3727 4213/3957/3726
f 4151/3895/693 4152/3896/3691 4215/3959/3728 4214/3958/3727
f 4152/3896/3691 4153/3897/3692 4216/3960/3729 4215/3959/3728
f 4153/3897/3692 4154/3898/3693 4217/3961/3730 4216/3960/3729
f 4154/3898/3693 4155/3899/3694 4218/3962/3731 4217/3961/3730
f 4155/3899/3694 4156/3900/3695 4219/3963/3732 4218/3962/3731
f 4156/3900/3695 4157/3901/3696 4220/3964/3733 4219/3963/3732
f 4157/3901/3696 4158/3902/3697 4221/3965/3734 4220/3964/3733
f 4158/3902/3697 4159/3903/3698 4222/3966/3735 4221/3965/3734
f 4159/3903/3698 4160/3904/3699 4223/3967/3736 4222/3966/3735
f 4160/3904/3699 4161/3905/3700 4224/3968/3737 4223/3967/3736
f 4161/3905/3700 4162/3906/3701 4225/3969/3738 4224/3968/3737
f 4/3970/3739 68/3971/3740 257/1/1 67/3972/3741
f 68/3971/3740 69/3973/3742 258/2/2 257/1/1
f 69/3973/3742 70/3974/3743 259/5/5 258/2/2
f 70/3974/3743 71/3975/3744 260/7/7 259/5/5
f 71/3975/3744 72/3976/3745 261/9/9 260/7/7
f 72/3976/3745 73/3977/3746 262/11/11 261/9/9
f 73/3977/3746 74/3978/3747 263/13/13 262/11/11
f 74/3978/3747 75/3979/3748 264/15/15 263/13/13
f 75/3979/3748 76/3980/3749 265/17/17 264/15/15
f 76/3980/3749 77/3981/3750 266/19/19 265/17/17
f 77/3981/3750 78/3982/3751 267/21/21 266/19/19
f 78/3982/3751 79/3983/3752 268/23/23 267/21/21
f 79/3983/3752 80/3984/3753 269/25/25 268/23/23
f 80/3984/3753 81/3985/3754 270/27/27 269/25/25
f 81/3985/3754 82/3986/3755 271/29/29 270/27/27
f 82/3986/3755 83/3987/3756 272/31/31 271/29/29
f 83/3987/3756 84/3988/3757 273/33/33 272/31/31
f 84/3988/3757 85/3989/3758 274/35/35 273/33/33
f 85/3989/3758 86/3990/3759 275/37/37 274/35/35
f 86/3990/3759 87/3991/3760 276/39/39 275/37/37
f 87/3991/3760 88/3992/3761 277/41/41 276/39/39
f 88/3992/3761 89/3993/3762 278/43/43 277/41/41
f 89/3993/3762 90/3994/3763 279/45/45 278/43/43
f 90/3994/3763 91/3995/3764 280/47/47 279/45/45
f 91/3995/3764 92/3996/3765 281/49/49 280/47/47
f 92/3996/3765 93/3997/3766 282/51/51 281/49/49
f 93/3997/3766 94/3998/3767 283/53/53 282/51/51
f 94/3998/3767 95/3999/3768 284/55/55 283/53/53
f 95/3999/3768 96/4000/3769 285/57/57 284/55/55
f 96/4000/3769 97/4001/3770 286/59/59 285/57/57
f 97/4001/3770 98/4002/61 287/61/61 286/59/59
f 98/4002/61 99/4003/61 288/63/61 287/61/61
f 99/4003/61 100/4004/61 289/65/61 288/63/61
f 100/4004/61 101/4005/61 290/67/63 289/65/61
f 101/4005/61 102/4006/61 291/69/65 290/67/63
f 102/4006/61 103/4007/61 292/71/67 291/69/65
f 103/4007/61 104/4008/61 293/73/61 292/71/67
f 104/4008/61 105/4009/61 294/75/61 293/73/61
f 105/4009/61 106/4010/61 295/77/61 294/75/61
f 106/4010/61 107/4011/61 296/79/61 295/77/61
f 107/4011/61 108/4012/61 297/81/61 296/79/61
f 108/4012/61 109/4013/61 298/83/61 297/81/61
f 109/4013/61 110/4014/61 299/85/61 298/83/61
f 110/4014/61 111/4015/61 300/87/61 299/85/61
f 111/4015/61 112/4016/3771 301/89/70 300/87/61
f 112/4016/3771 113/4017/3772 302/91/72 301/89/70
f 113/4017/3772 114/4018/3773 303/93/74 302/91/72
f 114/4018/3773 115/4019/3774 304/95/76 303/93/74
f 115/4019/3774 116/4020/3775 305/97/78 304/95/76
f 116/4020/3775 117/4021/3776 306/99/80 305/97/78
f 117/4021/3776 118/4022/3777 307/101/82 306/99/80
f 118/4022/3777 119/4023/3778 308/103/84 307/101/82
f 119/4023/3778 120/4024/3779 309/105/86 308/103/84
f 120/4024/3779 121/4025/3780 310/107/88 309/105/86
f 121/4025/3780 122/4026/3781 311/109/90 310/107/88
f 122/4026/3781 123/4027/3782 312/111/92 311/109/90
f 123/4027/3782 124/4028/3783 313/113/94 312/111/92
f 124/4028/3783 125/4029/3784 314/115/96 313/113/94
f 125/4029/3784 126/4030/3785 315/117/98 314/115/96
f 126/4030/3785 127/4031/3786 316/119/100 315/117/98
f 127/4031/3786 128/4032/3787 317/121/102 316/119/100
f 128/4032/3787 129/4033/3788 318/123/104 317/121/102
f 129/4033/3788 130/4034/3789 319/125/106 318/123/104
f 130/4034/3789 3/4035/3790 131/4036/3791 319/125/106
f 319/125/106 131/4036/3791 132/4037/3792 382/126/107
f 382/126/107 132/4037/3792 133/4038/3793 445/189/162
f 445/189/162 133/4038/3793 134/4039/3794 508/252/221
f 508/252/221 134/4039/3794 135/4040/3795 571/315/280
f 571/315/280 135/4040/3795 136/4041/3796 634/378/343
f 634/378/343 136/4041/3796 137/4042/3797 697/441/405
f 697/441/405 137/4042/3797 138/4043/3798 760/504/467
f 760/504/467 138/4043/3798 139/4044/3799 823/567/529
f 823/567/529 139/4044/3799 140/4045/3800 886/630/591
f 886/630/591 140/4045/3800 141/4046/3801 949/693/654
f 949/693/654 141/4046/3801 142/4047/3802 1012/756/717
f 1012/756/717 142/4047/3802 143/4048/3803 1075/819/780
f 1075/819/780 143/4048/3803 144/4049/3804 1138/882/842
f 1138/882/842 144/4049/3804 145/4050/3805 1201/945/904
f 1201/945/904 145/4050/3805 146/4051/3806 1264/1008/966
f 1264/1008/966 146/4051/3806 147/4052/3807 1327/1071/1028
f 1327/1071/1028 147/4052/3807 148/4053/3804 1390/1134/1090
f 1390/1134/1090 148/4053/3804 149/4054/3808 1453/1197/1152
f 1453/1197/1152 149/4054/3808 150/4055/3809 1516/1260/1213
f 1516/1260/1213 150/4055/3809 151/4056/3810 1579/1323/1274
f 1579/1323/1274 151/4056/3810 152/4057/3811 1642/1386/1335
f 1642/1386/1335 152/4057/3811 153/4058/3812 1705/1449/1396
f 1705/1449/1396 153/4058/3812 154/4059/3813 1768/1512/1458
f 1768/1512/1458 154/4059/3813 155/4060/3814 1831/1575/1520
f 1831/1575/1520 155/4060/3814 156/4061/3815 1894/1638/1583
f 1894/1638/1583 156/4061/3815 157/4062/3816 1957/1701/1646
f 1957/1701/1646 157/4062/3816 158/4063/3817 2020/1764/1709
f 2020/1764/1709 158/4063/3817 159/4064/3818 2083/1827/1772
f 2083/1827/1772 159/4064/3818 160/4065/3819 2146/1890/1835
f 2146/1890/1835 160/4065/3819 161/4066/3820 2209/1953/1898
f 2209/1953/1898 161/4066/3820 162/4067/3821 2272/2016/1959
f 2272/2016/1959 162/4067/3821 163/4068/3822 2335/2079/2021
f 2335/2079/2021 163/4068/3822 164/4069/3823 2398/2142/2083
f 2398/2142/2083 164/4069/3823 165/4070/3824 2461/2205/2146
f 2461/2205/2146 165/4070/3824 166/4071/3825 2524/2268/2208
f 2524/2268/2208 166/4071/3825 167/4072/3826 2587/2331/2270
f 2587/2331/2270 167/4072/3826 168/4073/3827 2650/2394/2332
f 2650/2394/2332 168/4073/3827 169/4074/3828 2713/2457/2395
f 2713/2457/2395 169/4074/3828 170/4075/3829 2776/2520/2457
f 2776/2520/2457 170/4075/3829 171/4076/3830 2839/2583/2520
f 2839/2583/2520 171/4076/3830 172/4077/3831 2902/2646/2583
f 2902/2646/2583 172/4077/3831 173/4078/3832 2965/2709/2646
f 2965/2709/2646 173/4078/3832 174/4079/3833 3028/2772/2708
f 3028/2772/2708 174/4079/3833 175/4080/3834 3091/2835/2771
f 3091/2835/2771 175/4080/3834 176/4081/3835 3154/2898/2833
f 3154/2898/2833 176/4081/3835 177/4082/3836 3217/2961/2896
f 3217/2961/2896 177/4082/3836 178/4083/3837 3280/3024/2959
f 3280/3024/2959 178/4083/3837 179/4084/3838 3343/3087/3021
f 3343/3087/3021 179/4084/3838 180/4085/3839 3406/3150/3082
f 3406/3150/3082 180/4085/3839 181/4086/3840 3469/3213/3143
f 3469/3213/3143 181/4086/3840 182/4087/3841 3532/3276/3206
f 3532/3276/3206 182/4087/3841 183/4088/3842 3595/3339/3264
f 3595/3339/3264 183/4088/3842 184/4089/3843 3658/3402/3324
f 3658/3402/3324 184/4089/3843 185/4090/3844 3721/3465/3378
f 3721/3465/3378 185/4090/3844 186/4091/3845 3784/3528/3433
f 3784/3528/3433 186/4091/3845 187/4092/3846 3847/3591/3485
f 3847/3591/3485 187/4092/3846 188/4093/3847 3910/3654/3540
f 3910/3654/3540 188/4093/3847 189/4094/3848 3973/3717/3586
f 3973/3717/3586 189/4094/3848 190/4095/3849 4036/3780/3630
f 4036/3780/3630 190/4095/3849 191/4096/3850 4099/3843/3666
f 4099/3843/3666 191/4096/3850 192/4097/3851 4162/3906/3701
f 4162/3906/3701 192/4097/3851 193/4098/3852 4225/3969/3738
f 4225/3969/3738 193/4098/3852 2/4099/3853 194/4100/3854
f 4224/3968/3737 4225/3969/3738 194/4100/3854 195/4101/3855
f 4223/3967/3736 4224/3968/3737 195/4101/3855 196/4102/3856
f 4222/3966/3735 4223/3967/3736 196/4102/3856 197/4103/3857
f 4221/3965/3734 4222/3966/3735 197/4103/3857 198/4104/3858
f 4220/3964/3733 4221/3965/3734 198/4104/3858 199/4105/3859
f 4219/3963/3732 4220/3964/3733 199/4105/3859 200/4106/3860
f 4218/3962/3731 4219/3963/3732 200/4106/3860 201/4107/3861
f 4217/3961/3730 4218/3962/3731 201/4107/3861 202/4108/3862
f 4216/3960/3729 4217/3961/3730 202/4108/3862 203/4109/3863
f 4215/3959/3728 4216/3960/3729 203/4109/3863 204/4110/3864
f 4214/3958/3727 4215/3959/3728 204/4110/3864 205/4111/3865
f 4213/3957/3726 4214/3958/3727 205/4111/3865 206/4112/3866
f 4212/3956/3725 4213/3957/3726 206/4112/3866 207/4113/3867
f 4211/3955/3724 4212/3956/3725 207/4113/3867 208/4114/3868
f 4210/3954/3723 4211/3955/3724 208/4114/3868 209/4115/3869
f 4209/3953/3722 4210/3954/3723 209/4115/3869 210/4116/3870
f 4208/3952/3721 4209/3953/3722 210/4116/3870 211/4117/3871
f 4207/3951/3720 4208/3952/3721 211/4117/3871 212/4118/3872
f 4206/3950/3719 4207/3951/3720 212/4118/3872 213/4119/3873
f 4205/3949/3718 4206/3950/3719 213/4119/3873 214/4120/3874
f 4204/3948/3717 4205/3949/3718 214/4120/3874 215/4121/3875
f 4203/3947/3716 4204/3948/3717 215/4121/3875 216/4122/3876
f 4202/3946/3715 4203/3947/3716 216/4122/3876 217/4123/3877
f 4201/3945/3714 4202/3946/3715 217/4123/3877 218/4124/3878
f 4200/3944/3713 4201/3945/3714 218/4124/3878 219/4125/3879
f 4199/3943/3712 4200/3944/3713 219/4125/3879 220/4126/3880
f 4198/3942/3711 4199/3943/3712 220/4126/3880 221/4127/3881
f 4197/3941/3710 4198/3942/3711 221/4127/3881 222/4128/3882
f 4196/3940/61 4197/3941/3710 222/4128/3882 223/4129/61
f 4195/3939/61 4196/3940/61 223/4129/61 224/4130/61
f 4194/3938/61 4195/3939/61 224/4130/61 225/4131/61
f 4193/3937/61 4194/3938/61 225/4131/61 226/4132/61
f 4192/3936/61 4193/3937/61 226/4132/61 227/4133/61
f 4191/3935/61 4192/3936/61 227/4133/61 228/4134/61
f 4190/3934/61 4191/3935/61 228/4134/61 229/4135/61
f 4189/3933/61 4190/3934/61 229/4135/61 230/4136/61
f 4188/3932/61 4189/3933/61 230/4136/61 231/4137/61
f 4187/3931/61 4188/3932/61 231/4137/61 232/4138/61
f 4186/3930/61 4187/3931/61 232/4138/61 233/4139/61
f 4185/3929/61 4186/3930/61 233/4139/61 234/4140/61
f 4184/3928/61 4185/3929/61 234/4140/61 235/4141/61
f 4183/3927/61 4184/3928/61 235/4141/61 236/4142/61
f 4182/3926/61 4183/3927/61 236/4142/61 237/4143/61
f 4181/3925/61 4182/3926/61 237/4143/61 238/4144/61
f 4180/3924/3635 4181/3925/61 238/4144/61 239/4145/61
f 4179/3923/3709 4180/3924/3635 239/4145/61 240/4146/3883
f 4178/3922/3708 4179/3923/3709 240/4146/3883 241/4147/3884
f 4177/3921/3707 4178/3922/3708 241/4147/3884 242/4148/3885
f 4176/3920/3706 4177/3921/3707 242/4148/3885 243/4149/3886
f 4175/3919/3635 4176/3920/3706 243/4149/3886 244/4150/3486
f 4174/3918/3705 4175/3919/3635 244/4150/3486 245/4151/3887
f 4173/3917/3545 4174/3918/3705 245/4151/3887 246/4152/3888
f 4172/3916/3389 4173/3917/3545 246/4152/3888 247/4153/618
f 4171/3915/3438 4172/3916/3389 247/4153/618 248/4154/3328
f 4170/3914/3704 4171/3915/3438 248/4154/3328 249/4155/3090
f 4169/3913/3703 4170/3914/3704 249/4155/3090 250/4156/3267
f 4168/3912/3546 4169/3913/3703 250/4156/3267 251/4157/3438
f 4167/3911/3217 4168/3912/3546 251/4157/3438 252/4158/3546
f 4166/3910/3215 4167/3911/3217 252/4158/3546 253/4159/3889
f 4165/3909/3032 4166/3910/3215 253/4159/3889 254/4160/3492
f 4164/3907/3702 4165/3909/3032 254/4160/3492 255/4161/3890
f 4163/3908/3385 4164/3907/3702 255/4161/3890 256/4162/3271
f 5/4163/61 4163/3908/3385 256/4162/3271 1/4164/61
f 6/4165/3891 4100/3845/3668 4163/3908/3385 5/4163/61
f 7/4166/3892 4037/3782/3632 4100/3845/3668 6/4165/3891
f 8/4167/3893 3974/3719/2969 4037/3782/3632 7/4166/3892
f 9/4168/3894 3911/3656/3153 3974/3719/2969 8/4167/3893
f 10/4169/3895 3848/3593/3487 3911/3656/3153 9/4168/3894
f 11/4170/3896 3785/3530/3435 3848/3593/3487 10/4169/3895
f 12/4171/3380 3722/3467/3268 3785/3530/3435 11/4170/3896
f 13/4172/3897 3659/3404/3148 3722/3467/3268 12/4171/3380
f 14/4173/3898 3596/3341/3266 3659/3404/3148 13/4172/3897
f 15/4174/3899 3533/3278/3207 3596/3341/3266 14/4173/3898
f 16/4175/3900 3470/3215/3145 3533/3278/3207 15/4174/3899
f 17/4176/3901 3407/3152/3084 3470/3215/3145 16/4175/3900
f 18/4177/3902 3344/3089/3023 3407/3152/3084 17/4176/3901
f 19/4178/3903 3281/3026/2961 3344/3089/3023 18/4177/3902
f 20/4179/3904 3218/2963/2898 3281/3026/2961 19/4178/3903
f 21/4180/3905 3155/2900/2835 3218/2963/2898 20/4179/3904
f 22/4181/3906 3092/2837/2773 3155/2900/2835 21/4180/3905
f 23/4182/3907 3029/2774/2710 3092/2837/2773 22/4181/3906
f 24/4183/3908 2966/2711/2648 3029/2774/2710 23/4182/3907
f 25/4184/3909 2903/2648/2585 2966/2711/2648 24/4183/3908
f 26/4185/3910 2840/2585/2522 2903/2648/2585 25/4184/3909
f 27/4186/3911 2777/2522/2459 2840/2585/2522 26/4185/3910
f 28/4187/3912 2714/2459/2397 2777/2522/2459 27/4186/3911
f 29/4188/3913 2651/2396/2334 2714/2459/2397 28/4187/3912
f 30/4189/3914 2588/2333/2272 2651/2396/2334 29/4188/3913
f 31/4190/3915 2525/2270/2210 2588/2333/2272 30/4189/3914
f 32/4191/3916 2462/2207/2148 2525/2270/2210 31/4190/3915
f 33/4192/3917 2399/2144/2085 2462/2207/2148 32/4191/3916
f 34/4193/3918 2336/2081/2023 2399/2144/2085 33/4192/3917
f 35/4194/3919 2273/2018/1961 2336/2081/2023 34/4193/3918
f 36/4195/3920 2210/1955/1900 2273/2018/1961 35/4194/3919
f 37/4196/3921 2147/1892/1837 2210/1955/1900 36/4195/3920
f 38/4197/3922 2084/1829/1774 2147/1892/1837 37/4196/3921
f 39/4198/3923 2021/1766/1711 2084/1829/1774 38/4197/3922
f 40/4199/3924 1958/1703/1648 2021/1766/1711 39/4198/3923
f 41/4200/3925 1895/1640/1585 1958/1703/1648 40/4199/3924
f 42/4201/3926 1832/1577/1522 1895/1640/1585 41/4200/3925
f 43/4202/3927 1769/1514/1460 1832/1577/1522 42/4201/3926
f 44/4203/3928 1706/1451/1398 1769/1514/1460 43/4202/3927
f 45/4204/3929 1643/1388/1337 1706/1451/1398 44/4203/3928
f 46/4205/3930 1580/1325/1276 1643/1388/1337 45/4204/3929
f 47/4206/3931 1517/1262/1215 1580/1325/1276 46/4205/3930
f 48/4207/3932 1454/1199/1154 1517/1262/1215 47/4206/3931
f 49/4208/3933 1391/1136/1092 1454/1199/1154 48/4207/3932
f 50/4209/3934 1328/1073/1030 1391/1136/1092 49/4208/3933
f 51/4210/3935 1265/1010/968 1328/1073/1030 50/4209/3934
f 52/4211/3936 1202/947/906 1265/1010/968 51/4210/3935
f 53/4212/3937 1139/884/844 1202/947/906 52/4211/3936
f 54/4213/3938 1076/821/782 1139/884/844 53/4212/3937
f 55/4214/3939 1013/758/719 1076/821/782 54/4213/3938
f 56/4215/3940 950/695/656 1013/758/719 55/4214/3939
f 57/4216/3941 887/632/593 950/695/656 56/4215/3940
f 58/4217/3942 824/569/531 887/632/593 57/4216/3941
f 59/4218/3943 761/506/469 824/569/531 58/4217/3942
f 60/4219/3944 698/443/407 761/506/469 59/4218/3943
f 61/4220/3945 635/380/345 698/443/407 60/4219/3944
f 62/4221/3946 572/317/282 635/380/345 61/4220/3945
f 63/4222/3947 509/254/223 572/317/282 62/4221/3946
f 64/4223/3948 446/191/164 509/254/223 63/4222/3947
f 65/4224/3949 383/128/109 446/191/164 64/4223/3948
f 66/4225/3950 320/4/4 383/128/109 65/4224/3949
f 67/3972/3741 257/1/1 320/4/4 66/4225/3950
